date,temp_mean_c,temp_max_c,temp_min_c,temp_anomaly_c,precip_month_mm,precip_1d_max_mm,precip_3d_max_mm,precip_7d_max_mm,precip_30d_max_mm,pdd,freeze_thaw_cycles,snowfall_mm_we,snow_depth_m,solar_radiation_mj_m2,runoff_mm,observation_count,expected_observation_count,valid_area_fraction,period_completeness,is_complete_period,quality_status,quality_reason,expected_days,missing_data_flag,month,precip_anomaly_z,pdd_anomaly_z
1984-01-01,-11.517365279807496,-0.7331102536313329,-19.69076464959719,-1.7575543490322787,45.19026842242098,22.274863610284225,29.55919717274251,34.212147678727014,45.10252671934899,0.0,0,42.889816828077315,3.1208992049136466,519.4917952653061,14.213129099429619,31,31,,1.0,True,GOOD,coverage and completeness requirements passed,31,False,1,-0.1611442702415229,-0.20695424178800786
1984-02-01,-9.527279006962429,-2.1177136050069043,-19.589450708935562,-0.26065942808709763,36.98356046484337,9.357528528483419,17.179129685216314,19.591762002948624,56.7406893184332,0.0,0,35.02916760171156,3.280239187272059,585.7314592273048,9.594306606670905,29,29,,1.0,True,GOOD,coverage and completeness requirements passed,29,False,2,-0.8614344234190534,
1984-03-01,-4.655507691320925,3.6972276616482618,-16.404406987404315,1.829808431919907,26.571383625524412,3.7943496376322448,9.412256338054608,12.908877366813869,37.12448221856962,0.0,14,10.916602439302782,3.1547336777398582,755.261527673138,45.075589847304634,31,31,,1.0,True,GOOD,coverage and completeness requirements passed,31,False,3,-1.3324526037830131,-0.26352548186924535
1984-04-01,-2.4963525960905466,4.16798311323454,-13.375334049361745,0.44488009267030715,84.70652672720675,14.434969723972603,24.811663871842544,38.05872817485742,84.70652672720675,0.1099958517784848,26,46.60082330834186,3.008333370081375,761.8729920844476,36.14547224499071,30,30,,1.0,True,GOOD,coverage and completeness requirements passed,30,False,4,0.6713015676436089,-0.49306483921522953
1984-05-01,2.9869586859945896,10.164962248832408,-10.285673463889843,1.729347447660005,129.45840552936514,12.329226447081771,31.055477598242597,56.85481151258014,127.77798451982163,96.60799790735241,25,14.856829902420658,2.9347583514741493,786.146758802252,52.502316820587936,31,31,,1.0,True,GOOD,coverage and completeness requirements passed,31,False,5,-0.08688758733130361,2.045243476854713
1984-06-01,6.882504668397246,11.967329757873,0.622315211232347,1.3296003194282096,319.2025079905994,28.30072941902407,62.645131332671696,99.13900720530071,319.2025079905994,206.47514005191738,0,31.49296176134177,2.9050031680629775,618.8154198522168,147.14028048188146,30,30,,1.0,True,GOOD,coverage and completeness requirements passed,30,False,6,0.5839096931357193,2.0488494540364046
1984-07-01,6.624652418036298,11.835642317061208,1.9513516688498094,-0.5627989927807195,442.36997846388095,38.68165493872262,83.89720315360208,158.4343306528486,436.9024851575031,205.36422495912524,0,56.64438460570125,2.9092672043387626,525.4993090309641,347.81428484703605,31,31,,1.0,True,GOOD,coverage and completeness requirements passed,31,False,7,-0.49021389562335715,-1.2988525455061821
1984-08-01,7.065405012358237,12.081610861233997,1.7958338544873995,0.1076852879672307,368.8427383282481,20.85816839955693,50.12346422746923,96.8893115267926,436.6098316474694,219.02755538310535,0,17.38005739628199,2.901957840141671,577.5796470584096,317.17162855090095,31,31,,1.0,True,GOOD,coverage and completeness requirements passed,31,False,8,-0.6727000500647183,0.27430826700475247
1984-09-01,3.0248473382255514,9.98746993127298,-6.701845032425494,-2.005290240833522,299.4345306699205,70.33831774975309,132.55162223110383,170.72019323967046,435.4692045051431,93.29251361044311,12,104.46380835909981,2.963344432769067,567.8596082042677,279.9708428127425,30,30,,1.0,True,GOOD,coverage and completeness requirements passed,30,False,9,0.9547016335623933,-3.024619984701061
1984-10-01,1.6732418240656257,8.26726929398176,-6.486751284186538,1.663665028662435,29.839026521178713,4.755759719728783,8.484241558728584,19.13587525563113,284.75737300338744,60.15529960562587,27,10.362850102339724,2.902637382246897,606.4889406677685,77.63145197599728,31,31,,1.0,True,GOOD,coverage and completeness requirements passed,31,False,10,-0.8673572946328063,1.3100965361374552
1984-11-01,-4.799907906663732,3.4705158166529904,-12.480793672007268,-0.8039836707773041,24.133428554409967,2.5316458837170916,4.406154660827872,8.778607126011513,30.94820413320948,0.0,13,13.340852927891072,2.908735939149367,518.2451202983815,34.8029928589941,30,30,,1.0,True,GOOD,coverage and completeness requirements passed,30,False,11,-0.3020238736671251,-0.48825265776295623
1984-12-01,-6.213120999882902,2.4502767349447416,-15.331077123611072,0.5255893310394508,41.5285780618755,14.125463651899237,15.946812579840696,17.033753473569597,41.0275007968642,0.0,9,35.777491634681475,2.93459628152655,453.26782560731885,22.904214157574113,31,31,,1.0,True,GOOD,coverage and completeness requirements passed,31,False,12,0.23384589884251222,-0.3105347193529913
1985-01-01,-12.039525999668573,-5.37218722209888,-22.75104622998595,-2.2797150688933563,47.61365024179095,7.3456764693079,23.208764082236392,31.890558681250745,62.04413421753732,0.0,0,43.07481585847795,3.1560826155189208,511.1257483969036,12.230570819346859,31,31,,1.0,True,GOOD,coverage and completeness requirements passed,31,False,1,-0.09601651677099873,-0.20695424178800786
1985-02-01,-8.86913818541089,2.501241332019934,-18.357085734937137,0.42451303146303915,34.62793994017453,11.792995639641715,15.768088265036877,22.669521174526565,56.161285377606625,0.0,2,28.268842141941597,3.330891263880042,569.1653084588319,9.647209239228355,28,28,,1.0,True,GOOD,coverage and completeness requirements passed,28,False,2,-0.9286556412307907,
1985-03-01,-3.695701480592472,3.5878680492940935,-16.324187415255178,2.7896146426483597,41.47962136283091,9.751857474960325,16.02600596898825,22.588599171556524,41.47388829011282,0.0,22,29.054569313794186,3.0675778988771536,756.6859574910715,52.269784525236055,31,31,,1.0,True,GOOD,coverage and completeness requirements passed,31,False,3,-0.8103681472317104,-0.26352548186924535
1985-04-01,-1.6269046079805574,7.468070727247008,-13.637104299117084,1.3143280807802962,63.23338532437377,5.2049351169427815,13.85854732923232,19.658880365423293,64.34222744803634,5.830431349770344,29,30.38550426044425,2.965413056863595,817.9465476242083,24.300691618582132,30,30,,1.0,True,GOOD,coverage and completeness requirements passed,30,False,4,-0.1946461906704841,0.7807669813313433
1985-05-01,1.4493104976562408,7.970223725202826,-7.318805352572715,0.19169925932165643,133.04199820401803,18.99947271688929,33.23167913908807,54.95297899626333,129.95441084331662,52.1929669968326,23,57.68457173391454,2.956399205700643,811.6313633040113,32.68161901049342,31,31,,1.0,True,GOOD,coverage and completeness requirements passed,31,False,5,-0.01596838449956327,0.11107185827250207
1985-06-01,5.342632795034562,10.721994727266939,-0.8570438457491473,-0.21027155393447466,284.21102226788855,36.60683683424864,56.15123191075121,92.50309666634678,284.21102226788855,160.27898385103686,5,62.33909025979684,2.93915113627617,660.4851889753695,125.89576524760336,30,30,,1.0,True,GOOD,coverage and completeness requirements passed,30,False,6,0.09314987485754939,-0.3240182423115735
1985-07-01,6.456139548925226,10.436056939486821,3.424203834829011,-0.7313118618917913,451.05017005428004,25.011441073578887,62.58462500692142,122.13833753109496,453.0260041188272,200.140326016682,0,40.902373778131086,2.9068673042857993,513.593894237157,335.44148653640787,31,31,,1.0,True,GOOD,coverage and completeness requirements passed,31,False,7,-0.37759294898637485,-1.687754039295359
1985-08-01,7.332971317116674,12.328261734212836,3.4850849428116706,0.3752515927256667,307.15787280521477,21.543731007208546,45.46779902005455,99.83591719464127,459.9646154712719,227.32211083061688,0,9.773447321836668,2.900957184658833,566.1931979345532,273.110230908815,31,31,,1.0,True,GOOD,coverage and completeness requirements passed,31,False,8,-1.620586683423092,0.9558837240856394
1985-09-01,4.610858971732025,10.741865794042923,-1.0960923304279053,-0.4192786073270485,215.48642973500068,35.610692044700386,63.65674034513903,89.83875271162523,318.29738317342276,138.32576915196074,8,67.44261325601119,2.923093639984954,555.3751691021288,178.69158084442043,30,30,,1.0,True,GOOD,coverage and completeness requirements passed,30,False,9,-0.23548969015964863,-0.6646119406148635
1985-10-01,-0.3938126889248984,8.199130188890301,-12.697492701767342,-0.40338948432808885,195.2170873503242,56.49337748410586,102.6364291810383,111.57746907513048,212.47641593286002,38.412837052530264,24,114.39329761956714,3.04154837107235,544.061571600485,122.75153938038596,31,31,,1.0,True,GOOD,coverage and completeness requirements passed,31,False,10,2.169104917326848,0.187315030272456
1985-11-01,-5.557581806205211,0.7249650905536877,-13.380918986288933,-1.5616575703187834,21.18262585217858,3.4995238373189435,7.957457871121624,18.206528451013586,193.99876005621172,0.0,4,8.273647461718317,3.053478321442621,509.3888722519353,61.443308387987216,30,30,,1.0,True,GOOD,coverage and completeness requirements passed,30,False,11,-0.47226515731306923,-0.48825265776295623
1985-12-01,-6.184502562093293,2.115274944479936,-18.85953555982938,0.5542077688290595,59.51924942130958,32.468641699185575,47.150365191367094,52.25722172606601,59.493660241362925,0.0,10,51.87232445277939,3.096286319190192,461.71989747361016,35.110398744253274,31,31,,1.0,True,GOOD,coverage and completeness requirements passed,31,False,12,0.875452561354105,-0.3105347193529913
1986-01-01,-9.84020542890578,-1.6642026467695552,-18.939757843339695,-0.08039449813056068,10.811885295317548,3.335269661563819,4.38512544767841,47.403465862019225,60.57972560257769,0.0,0,9.3435180884046,3.3382078449634074,534.4993450555946,22.74285299332523,31,31,,1.0,True,GOOD,coverage and completeness requirements passed,31,False,1,-1.085054338032371,-0.20695424178800786
1986-02-01,-9.662249723060318,-2.478839951044714,-19.01371407451802,-0.3685985061863909,40.78370337103832,24.185077024031926,28.521234157778693,30.91575074794718,43.48596090221547,0.0,0,35.59482266718783,3.413395203460993,561.8348193786067,14.16156452246152,28,28,,1.0,True,GOOD,coverage and completeness requirements passed,28,False,2,-0.7529915603441656,
1986-03-01,-6.728450335558407,1.9427202518686177,-16.87968655719795,-0.24313421231757512,50.076348835017,7.306360430805151,9.827023594776874,16.919631231160132,50.37853383940001,0.0,4,39.321754653371194,3.424060657431337,744.6004252245448,20.91140971164482,31,31,,1.0,True,GOOD,coverage and completeness requirements passed,31,False,3,-0.5093119211692179,-0.26352548186924535
1986-04-01,-3.5797648339566246,3.421860950316976,-14.610566736123307,-0.6385321451957711,74.67496290676318,10.97027672289724,13.480454911782417,24.32355494278422,79.7628107886913,0.0,21,38.19614758139593,3.356218131812037,785.8417234524983,50.42995934038411,30,30,,1.0,True,GOOD,coverage and completeness requirements passed,30,False,4,0.26675851361464403,-0.5175588163211239
1986-05-01,-0.2204868622598392,4.860533208665864,-8.998271584024213,-1.4780981005944236,99.17479092395912,9.192081911516892,21.04894853503577,41.8763964556721,107.7495251015352,7.197954228415178,31,34.67176694365285,3.163162211470204,855.7282829873328,49.42582160716825,31,31,,1.0,True,GOOD,coverage and completeness requirements passed,31,False,5,-0.6861995074247528,-1.8483566255159527
1986-06-01,5.452215861983371,13.344017598999821,-3.647475008659153,-0.10068848698566593,230.50406724560878,23.17036485509319,51.419370161475044,111.19009628563325,230.50406724560878,163.5664758595011,10,18.298592031091175,2.954948014502362,669.6698374707952,157.33063173789026,30,30,,1.0,True,GOOD,coverage and completeness requirements passed,30,False,6,-0.6600966633396275,-0.15515606349812758
1986-07-01,7.0542180489470345,12.480442373019411,1.7993869402977607,-0.13323336186998258,452.33050997787916,28.463277998725257,70.92771614762894,127.35343180703133,444.9821764482005,218.68075951735807,0,34.32089319212767,2.9045156631711624,512.1453627213231,329.7375183733394,31,31,,1.0,True,GOOD,coverage and completeness requirements passed,31,False,7,-0.3609812080229217,-0.3074818779546029
1986-08-01,6.729819348838209,11.587296161477141,0.3956786722804921,-0.2279003755527981,348.8990626769763,29.984131909735098,78.50137500362743,134.206815762285,474.1600826504423,208.62439981398447,0,28.755200200338628,2.905813147380102,568.3037294989444,323.4731665983492,31,31,,1.0,True,GOOD,coverage and completeness requirements passed,31,False,8,-0.9791665294771837,-0.5805338709466422
1986-09-01,4.121555632151979,11.04907221837754,-6.510999744262244,-0.9085819469070952,228.52836972601185,22.603575490010805,55.264995917708944,83.89418922281928,321.7147591923703,123.656634014022,11,66.31360137684403,2.9185737983905846,527.8638755185169,180.02856107013147,30,30,,1.0,True,GOOD,coverage and completeness requirements passed,30,False,9,-0.050584925800075446,-1.433361090749174
1986-10-01,-1.58672535153951,5.164234293992067,-12.946221186123099,-1.5963021469427003,55.32357157939656,5.797991793090611,13.837230729978184,40.27801300160648,222.55943152542056,5.653350333532317,30,23.263302629709997,2.915484905073334,609.5427702104977,80.88035842195353,31,31,,1.0,True,GOOD,coverage and completeness requirements passed,31,False,10,-0.399442399088064,-1.5043859782908138
1986-11-01,-3.71374904967534,4.284727893590445,-13.344682175638283,0.28217518621108795,37.79605726867334,6.171911362398685,8.442625486585282,18.078730876245587,60.60220388951569,0.12457932846496961,19,19.630931465926512,2.9136297402682785,488.8467556143561,42.993923569233125,30,30,,1.0,True,GOOD,coverage and completeness requirements passed,30,False,11,0.48621705092443157,-0.3721172181147718
1986-12-01,-9.590605045412193,2.1979547091221887,-22.618743170591223,-2.8518947144898403,74.64022001362396,39.08246403981064,39.41123183240636,62.458064923352666,76.82334463663258,0.0,7,66.94390065968037,3.097284206330831,468.07911501055594,25.383020741347273,31,31,,1.0,True,GOOD,coverage and completeness requirements passed,31,False,12,1.4147162320554938,-0.3105347193529913
1987-01-01,-10.989691048002989,-3.9043525132052195,-21.705290109418275,-1.2298801172277707,37.03840186914049,12.186738951396006,19.604956842241023,23.75430954517235,83.3146477652564,0.0,0,28.141659226355042,3.358428557192439,519.0705538916257,15.26040932783604,31,31,,1.0,True,GOOD,coverage and completeness requirements passed,31,False,1,-0.3802235548029169,-0.20695424178800786
1987-02-01,-9.38029757329002,-1.411878076025815,-19.527559675287794,-0.08664635641609182,43.13555519960374,9.936822905747094,15.748707958212393,16.822885367672697,47.279059240981994,0.0,0,36.922881137225765,3.47577698657949,549.2762018937368,9.725263553299929,28,28,,1.0,True,GOOD,coverage and completeness requirements passed,28,False,2,-0.6858778880131122,
1987-03-01,-6.711355348463338,2.3018261183994637,-18.175615694823165,-0.22603922522250638,42.494212868933076,7.109403284068635,11.426584054361824,16.673600019307234,55.358157323677396,0.0,8,24.182722131072175,3.528587354067261,744.1324997506149,18.937817919556313,31,31,,1.0,True,GOOD,coverage and completeness requirements passed,31,False,3,-0.7748372907737815,-0.26352548186924535
1987-04-01,-2.9421616041890317,3.761517299622593,-13.586389823768586,-0.0009289154281782563,104.70662140610028,16.663343123875205,25.083233985042177,36.902100144402056,104.70662140610028,0.0,20,63.165915861232946,3.261931750239158,794.6652439943701,68.56497626208991,30,30,,1.0,True,GOOD,coverage and completeness requirements passed,30,False,4,1.4778457443131927,-0.5175588163211239
1987-05-01,-0.5708324217871329,7.822905018730644,-10.30169204078366,-1.828443660121717,72.12015399691644,18.97346898116672,32.74268641511061,61.679138128762766,143.86022699067703,26.542188393496694,27,39.99267595923027,3.231043711212542,881.0728944004223,78.71400549703715,31,31,,1.0,True,GOOD,coverage and completeness requirements passed,31,False,5,-1.2216100459435808,-1.0059600778092355
1987-06-01,5.77248861993095,11.5391273428738,-2.149760766670264,0.21958427096191363,263.7690779310143,43.12064295077536,97.89836511640289,121.60530262972715,263.7690779310143,173.1746585979285,6,36.38879125865726,2.9385922071549526,674.1928945010557,154.18024430343755,30,30,,1.0,True,GOOD,coverage and completeness requirements passed,30,False,6,-0.19355086621746206,0.3383686865153388
1987-07-01,7.284365538527224,13.08296691765677,1.6981757468023133,0.09691412771020608,447.59049745077874,37.28051608937819,113.52066603577002,175.050449109616,482.06478838040647,225.81533169434394,0,34.96889092413516,2.908142884229566,534.4961965517241,356.64630745243306,31,31,,1.0,True,GOOD,coverage and completeness requirements passed,31,False,7,-0.42248039180403224,0.22366273409617882
1987-08-01,6.4155141941447855,11.319739813271102,-0.5182597762341847,-0.5422055302462209,541.8351026994519,99.1136204663672,222.524951789515,284.8783872391877,653.3127156018758,198.88094001848836,2,97.57776948099695,2.9485258003248664,537.3615829352569,498.09562150103204,31,31,,1.0,True,GOOD,coverage and completeness requirements passed,31,False,8,1.9856043568614146,-1.3811678658229873
1987-09-01,5.189825937878289,10.495810416514926,-0.9401024117090371,0.15968835881921545,213.82378272359975,21.017344410823437,55.755921751978946,105.400444798367,487.38851788879373,155.69477813634867,3,43.4057204410654,2.908949827068489,523.2056441827938,202.03814836432613,30,30,,1.0,True,GOOD,coverage and completeness requirements passed,30,False,9,-0.25906220729039203,0.24562651379068157
1987-10-01,-0.8568773574489996,6.854612760926389,-13.228506067049135,-0.86645415285219,168.5793688883311,114.75704043428937,124.52807007389657,127.2093874449797,205.17633241541202,27.73055479858202,24,103.6012443070897,3.044681395477537,597.3387578633555,89.73744265698447,31,31,,1.0,True,GOOD,coverage and completeness requirements passed,31,False,10,1.6800169142559631,-0.3643183887054384
1987-11-01,-3.946604858763509,2.9550661799775364,-12.330552161134166,0.04931937712291813,12.03788205703986,1.6282126359919442,13.857261008144873,21.298061051505833,164.37319675349931,0.0,25,1.43338181078434,3.106206457866013,534.9771216762844,48.343004096485544,30,30,,1.0,True,GOOD,coverage and completeness requirements passed,30,False,11,-0.9998547928791621,-0.48825265776295623
1987-12-01,-6.42816494388374,4.388055677635435,-17.55883453390614,0.31054538703861234,44.194052818428716,32.59588906906795,35.86657328615774,38.33967211937725,44.20090941100593,1.0798572360420928,9,30.89368878814598,3.146930174621077,494.20865353553836,33.061195864885484,31,31,,1.0,True,GOOD,coverage and completeness requirements passed,31,False,12,0.32890551770794213,0.7886049598730344
1988-01-01,-8.641862914402955,2.2232743823637575,-17.775709281346877,1.1179480163722642,19.474096957237958,7.853564936707004,8.902742677511727,13.089218469085477,48.5537518026991,0.0,4,15.347191987245921,3.1812282953473554,513.3290642040816,26.07770998720381,31,31,,1.0,True,GOOD,coverage and completeness requirements passed,31,False,1,-0.852259661965304,-0.20695424178800786
1988-02-01,-7.759033240914941,1.518258624039954,-18.268316752402207,1.5075863379603902,58.13073812280382,9.62032331209802,17.200986799617212,28.609689018769437,58.17318107191402,0.0,4,53.11315795858925,3.229068574574691,559.6983485228712,17.01123752145596,29,29,,1.0,True,GOOD,coverage and completeness requirements passed,29,False,2,-0.25796751499198206,
1988-03-01,-7.277045266105214,-0.22147109953135113,-17.987954097696772,-0.7917291428643815,87.24242425640121,16.016831994022596,23.0350222303993,31.894433063461932,101.47940927863688,0.0,0,70.27931032042996,3.4544916899927904,723.1408145646435,18.863763133251357,31,31,,1.0,True,GOOD,coverage and completeness requirements passed,31,False,3,0.7922389817897412,-0.26352548186924535
1988-04-01,-2.419142569529156,4.605325124097681,-15.021954507847871,0.5220901192316973,58.159431477148495,10.572216976952161,16.029812986857284,26.061259995080764,85.24176407506206,0.8220925328655684,28,26.236187210496592,3.342843000110874,816.7938035791697,46.60817595915758,30,30,,1.0,True,GOOD,coverage and completeness requirements passed,30,False,4,-0.3992636184313901,-0.3344944975003787
1988-05-01,1.354099982919249,8.335261250012051,-7.470965948782677,0.09648874458466455,111.36820419316518,11.950790343087379,19.772435337662365,35.451477066632904,109.17265208435722,47.096507902188456,31,37.970714351027304,3.1978767908079617,836.8940371780436,72.2550554102697,31,31,,1.0,True,GOOD,coverage and completeness requirements passed,31,False,5,-0.44489218615286225,-0.11086711900717247
1988-06-01,5.255132518857519,12.546914339971599,-3.6634704503939015,-0.297771830111517,200.46273555242567,20.944332445094012,43.04550192824949,74.28011228818414,200.46273555242567,157.65397556572557,8,25.05107081176046,2.973474249950519,685.5858312104152,155.78878101519848,30,30,,1.0,True,GOOD,coverage and completeness requirements passed,30,False,6,-1.0814299728027332,-0.45885191409533577
1988-07-01,7.296546980580826,13.647251336931951,3.3830002453862633,0.10909556976380835,563.5974355012114,64.9905127016362,110.86896764794187,155.19104450125838,553.9102027173464,226.1929563980056,0,44.89401816721431,2.9103588400901503,533.1966787741028,406.371179399232,31,31,,1.0,True,GOOD,coverage and completeness requirements passed,31,False,7,1.0826489643438324,0.2517756078258974
1988-08-01,6.82477428900472,12.120014935358597,2.170266165253503,-0.13294543538628611,479.09700183169883,50.37229570078606,89.58258090077572,157.63963653968125,555.7654829510692,211.56800295914633,0,42.74962418945342,2.9103932032807736,485.93574035256864,439.54326681147825,31,31,,1.0,True,GOOD,coverage and completeness requirements passed,31,False,8,1.021533077616642,-0.33865380011893526
1988-09-01,5.156486344313251,10.765189427611382,-1.25658992737802,0.12634876525417738,151.73440535065868,14.620597931090412,22.64014233408134,96.1811682947947,460.9977920543478,154.69459032939753,3,26.212428609940847,2.90487936104758,599.4317453762952,153.81966226122734,30,30,,1.0,True,GOOD,coverage and completeness requirements passed,30,False,9,-1.1393470192347055,0.19321077698423503
1988-10-01,0.369597744884543,7.29284794248386,-8.63955105829203,0.36002094948135255,25.76755916577774,6.605665699261222,9.271807437393267,27.10345983140617,144.9837255375747,29.637272779342876,31,13.944587687962413,2.9043924095932776,627.7321776841491,55.16453838679759,31,31,,1.0,True,GOOD,coverage and completeness requirements passed,31,False,10,-0.9421124145678176,-0.2658554073172634
1988-11-01,-4.81948876495383,3.7605009096429076,-12.397309819650326,-0.823564529067402,21.040736567672912,3.692485443442867,5.840738750002287,11.774680565770531,29.278176779142754,0.0,11,12.081359283058767,2.9087772363120896,517.4882263321605,30.04122919741858,30,30,,1.0,True,GOOD,coverage and completeness requirements passed,30,False,11,-0.48045120577763906,-0.48825265776295623
1988-12-01,-6.152109882506865,5.722887264415487,-18.605306684693993,0.5866004484154874,107.60886836555821,47.51456544836821,93.17956401023719,94.94384205311376,107.98560354142977,0.45653141316133994,11,96.59308978316442,3.026991314266773,447.9361950190007,19.21011164344003,31,31,,1.0,True,GOOD,coverage and completeness requirements passed,31,False,12,2.5904869419968177,0.1541487353395321
1989-01-01,-10.568566800633786,-0.6999479923342022,-22.710764718106038,-0.8087558698585667,111.95494931136429,67.21532970433911,91.53953392969672,99.4563350612382,208.23143437195714,0.0,0,102.99142166568434,3.790785500204279,504.5490737368051,11.537794592638908,31,31,,1.0,True,GOOD,coverage and completeness requirements passed,31,False,1,1.6331390914302106,-0.20695424178800786
1989-02-01,-10.909007794500424,-0.058661747716979,-24.07870240610806,-1.6153565776264946,74.69254518513958,17.542984447234662,32.87114979422785,49.50655053242187,114.17647875401701,0.0,0,72.17008483259926,3.9025432632306694,545.7331424257566,8.200779877063006,28,28,,1.0,True,GOOD,coverage and completeness requirements passed,28,False,2,0.21464886283048162,
1989-03-01,-7.190303421427493,0.5649580942754148,-18.57047125583461,-0.7049872981866613,53.893005653684696,13.77113948901886,23.616483167746143,25.350590883205548,75.36489825956933,0.0,3,38.77034653790877,3.9061132307787894,737.6852272783142,12.593052201208979,31,31,,1.0,True,GOOD,coverage and completeness requirements passed,31,False,3,-0.3756531188259599,-0.26352548186924535
1989-04-01,-4.628861591808283,2.120472591649829,-15.688675800836204,-1.687628903047429,42.56761813035201,6.401118948602992,11.539367868067432,31.498299866186624,67.02467056894606,0.0,15,31.98313388782098,3.667611718436926,846.6260335763546,53.95290335243139,30,30,,1.0,True,GOOD,coverage and completeness requirements passed,30,False,4,-1.0280349547915593,-0.5175588163211239
1989-05-01,1.2805859049954404,6.552161151367898,-8.832440653726447,0.022974666660856145,179.04964058341295,33.21104543587072,66.49212210737917,103.49722747786728,175.98499010283848,44.87888289757456,27,81.83282424540461,3.336994119501727,799.7944902012667,144.1683926312207,31,31,,1.0,True,GOOD,coverage and completeness requirements passed,31,False,5,0.8945216231379594,-0.20743954632853934
1989-06-01,4.42612150139915,9.90653406582109,-2.893694726888915,-1.126782847569887,191.1187412198969,14.354424210054507,27.753032613706292,96.17068654539057,250.5490459029276,132.7836450419745,7,34.39780045759502,3.100498610790401,686.9416509627023,230.18374322355842,30,30,,1.0,True,GOOD,coverage and completeness requirements passed,30,False,6,-1.2124806231513068,-1.7363175898257592
1989-07-01,6.901018970734855,12.450126380571444,2.674865900908136,-0.2864324400821626,390.54181559874644,31.167857165293388,71.8677768279081,120.9944966663019,386.8967130347544,213.9315880927805,0,19.693415217431895,2.905556750120924,546.3222754313864,293.00294136975873,31,31,,1.0,True,GOOD,coverage and completeness requirements passed,31,False,7,-1.1626572056055022,-0.6610415240405709
1989-08-01,6.312349012837229,10.601156951238561,2.2658195909021166,-0.6453707115537771,334.9275760319202,34.50004468468004,64.2251543492565,123.36063676006236,400.14251913412943,195.68281939795412,0,26.329158663089054,2.903710534672495,574.2069085855032,277.7828425536015,31,31,,1.0,True,GOOD,coverage and completeness requirements passed,31,False,8,-1.193860771358097,-1.6439620007870728
1989-09-01,5.065324704907521,10.412186534433303,-2.4673399139339645,0.03518712584844715,257.88288341687945,33.7586226417583,52.41978448040237,83.39277619721888,335.2331573633012,151.95974114722563,1,58.54307969456656,2.9128625776538617,495.0894931944493,201.93259957535514,30,30,,1.0,True,GOOD,coverage and completeness requirements passed,30,False,9,0.3655946794304892,0.049888558954986804
1989-10-01,0.584386956358095,7.58822880529504,-7.717456948094409,0.5748101609549044,28.193267687372366,3.8466196890379916,27.440137845860544,50.85334400802837,252.9665824740149,37.783629016487446,30,13.954383243113904,2.9060872677563188,626.033215870665,81.14771872370869,31,31,,1.0,True,GOOD,coverage and completeness requirements passed,31,False,10,-0.8975746311029352,0.15482270588715166
1989-11-01,-5.226784652842971,3.6322306537024387,-16.69159853007068,-1.2308604169565442,36.41314232400748,3.2156845031245953,8.64926027378473,14.630464700091322,37.33942638938714,0.0,12,23.62239944573589,2.9210312129465206,504.94239471921185,39.502014858906406,30,30,,1.0,True,GOOD,coverage and completeness requirements passed,30,False,11,0.40643224688617974,-0.48825265776295623
1989-12-01,-9.178972319048093,0.8997128985282381,-19.7350601894263,-2.4402619881257404,26.878886883084334,4.213139126411549,7.94877838575257,14.877428169360481,35.56668547295759,0.0,5,23.01985048148244,2.9391153706250996,475.7922952132301,25.163957265839453,31,31,,1.0,True,GOOD,coverage and completeness requirements passed,31,False,12,-0.2886103939917641,-0.3105347193529913
1990-01-01,-5.860154108013098,6.409773970623428,-18.73897303796668,3.89965682276212,10.518783219940055,1.9783529221586291,4.106736874461349,5.960743002371044,27.26397815739714,0.8620623744935386,17,6.774375715897924,2.919451919122331,501.4573172906404,17.591654032699495,31,31,,1.0,True,GOOD,coverage and completeness requirements passed,31,False,1,-1.0929313797574125,2.5543528210335866
1990-02-01,-9.328606513757665,-1.6019272548559873,-21.166971316998627,-0.03495529688373506,117.57343336973382,18.0323639410938,29.344672969067595,48.663817613819305,118.35747004751627,0.0,0,106.44401358355316,3.1613820174005562,490.9410318261788,11.322962567157765,28,28,,1.0,True,GOOD,coverage and completeness requirements passed,28,False,2,1.4383202880158206,
1990-03-01,-8.212455669648786,-0.965558791244452,-17.31763052782651,-1.7271395464079558,84.45775035733641,18.882237943042618,31.02694168512104,41.120314001852385,121.66469827759676,0.0,0,66.4726552002284,3.535538783718611,719.4516410074689,11.755389333777995,31,31,,1.0,True,GOOD,coverage and completeness requirements passed,31,False,3,0.6947200808382388,-0.26352548186924535
1990-04-01,-4.209642966047685,3.4315966322252796,-16.802066364328578,-1.268410277286832,63.278157594942805,7.041850884266088,13.686837044038686,24.16544188406454,98.50089998125125,0.0,21,39.05595694180319,3.505583250693192,807.7562252913442,55.66679668481043,30,30,,1.0,True,GOOD,coverage and completeness requirements passed,30,False,4,-0.19284065851258697,-0.5175588163211239
1990-05-01,2.073564858783104,9.049204704612203,-10.138563038277656,0.8159536204485194,147.94672891817112,16.677423597480566,30.01995683971324,54.428831303477764,148.33196878208227,72.57498659129038,27,44.211890707729694,3.086971759850266,803.3301820211119,139.1780316950275,31,31,,1.0,True,GOOD,coverage and completeness requirements passed,31,False,5,0.2789958362239534,0.9986615552921538
1990-06-01,6.6772484170494995,14.060035910663455,-1.1044981728968974,1.1243440680804633,270.20360638230665,22.29287020762482,46.57774229808457,94.10537928270432,270.20360638230665,200.317452511485,4,17.03804229791843,2.9084206867687805,681.1644654904997,156.69858696844946,30,30,,1.0,True,GOOD,coverage and completeness requirements passed,30,False,6,-0.10330582665309714,1.7325595491932404
1990-07-01,7.393787708288122,12.299628117217077,4.49219397075744,0.20633629747110474,551.0221914238608,32.05778492872357,77.68005649744022,171.26617322451804,542.3333130226677,229.20741895693178,0,33.56085425959789,2.9042928051582493,461.22297322237864,458.8651500280519,31,31,,1.0,True,GOOD,coverage and completeness requirements passed,31,False,7,0.9194917485804399,0.4761920839205954
1990-08-01,6.950225734004227,11.86927642500126,3.2017206609459072,-0.007493990386779577,375.37499412211105,38.06696775872725,77.72989334505766,130.19184965700322,567.4923612180935,215.45699775413104,0,29.008322514011606,2.904042186594031,549.927495401126,344.7319124782698,31,31,,1.0,True,GOOD,coverage and completeness requirements passed,31,False,8,-0.5723214904264808,-0.019089548393772394
1990-09-01,5.502369566796714,11.168151314270343,-1.264229990175937,0.472231987737641,229.7937550178224,19.74237423084828,44.531921785576834,76.35808890315596,340.83402044918034,165.07108700390143,3,33.58569979421233,2.9071533064723285,531.2351543449156,193.03262148270048,30,30,,1.0,True,GOOD,coverage and completeness requirements passed,30,False,9,-0.032644667727460226,0.7370003681828109
1990-10-01,0.08343357354260306,7.075735357661744,-9.014889532810002,0.07385677813941258,33.72778565672813,5.107213279834845,8.367160177570206,17.45046181076103,224.01620039789606,33.91399855733426,28,15.244876298683787,2.9049524783810305,603.4642869026902,71.2369480796216,31,31,,1.0,True,GOOD,coverage and completeness requirements passed,31,False,10,-0.7959568313107227,-0.04500514265848118
1990-11-01,-2.3358565581581945,5.136725993898054,-11.443539907628573,1.6600676777282324,17.00088083996956,3.213036831037494,5.723248007774232,8.902817497819267,33.0770358212004,1.240135004597115,25,10.614591098163096,2.9070814387570314,516.9203837677692,33.6519958114515,30,30,,1.0,True,GOOD,coverage and completeness requirements passed,30,False,11,-0.7135234556805431,0.6678269724341765
1990-12-01,-6.980779533714987,0.6379499399184065,-18.583217960709316,-0.24206920279263472,42.99295987502372,18.472899220763253,25.996651561279446,26.73978815212973,41.8462588438097,0.0,4,36.311866132244944,2.9247693414878553,446.9526806066151,23.172927143433665,31,31,,1.0,True,GOOD,coverage and completeness requirements passed,31,False,12,0.2860705829026773,-0.3105347193529913
1991-01-01,-11.426568870671131,-1.0821580064036433,-22.893320945616235,-1.6667579398959138,47.07854021938044,7.10089252834539,32.02462688150452,37.91165775195205,68.2079872484742,0.0,0,41.47015601123915,3.202910801254334,506.31806359746656,12.637783581211398,31,31,,1.0,True,GOOD,coverage and completeness requirements passed,31,False,1,-0.11039745886629701,-0.20695424178800786
1991-02-01,-9.123984255020009,-1.7413883238757963,-19.04635603365805,0.16966696185391994,51.4842143468892,12.946045121871444,21.76084779673978,23.0046159477169,56.5963076432507,0.0,0,48.297849983857766,3.3349412270163703,538.7840334996481,8.589844728631926,28,28,,1.0,True,GOOD,coverage and completeness requirements passed,28,False,2,-0.4476361894464368,
1991-03-01,-6.523615506397967,1.400447919014746,-17.910592268018277,-0.038299383157134916,58.97009395852594,13.461754570160005,24.18408892148137,31.98016603240998,71.11562887146277,0.0,9,47.04415812081724,3.4823251746917223,730.953363611097,12.643343719858926,31,31,,1.0,True,GOOD,coverage and completeness requirements passed,31,False,3,-0.1978541773814617,-0.26352548186924535
1991-04-01,-3.332293138258671,6.287452634399351,-13.241658364711364,-0.39106044949781743,44.702839614897805,3.8460034965616288,13.21159114205372,18.681386173977533,62.12634570110683,1.2955771874632318,22,21.51162784224157,3.283434429104571,803.9686685482055,43.99175556569264,30,30,,1.0,True,GOOD,coverage and completeness requirements passed,30,False,4,-0.9419278397048687,-0.22905850057693866
1991-05-01,1.6085015299931076,8.726057699312237,-8.702335520347663,0.3508902916585233,79.83719322807966,5.3892183805082485,11.59197864200036,23.921340995802492,77.03286126154742,53.70815553085811,27,25.918288480157504,3.0023713358787965,822.4991266833216,77.42670621987718,31,31,,1.0,True,GOOD,coverage and completeness requirements passed,31,False,5,-1.0688900467186768,0.1770548059196057
1991-06-01,6.2366732695559834,12.08599490676442,-2.4552685259094655,0.6837689205869478,318.6801956279501,27.570550937538496,51.130719680521466,95.60842703149035,318.6801956279501,187.1001980866795,3,25.886272498387463,2.906271781089187,616.8397680380015,139.837267311168,30,30,,1.0,True,GOOD,coverage and completeness requirements passed,30,False,6,0.5765841990938411,1.0536546653614662
1991-07-01,7.561025670431839,11.97666606433288,2.296996303614747,0.3735742596148211,347.65966389111145,38.543246401398164,57.35073050312847,102.3835773891452,366.68979645211704,234.391795783387,0,14.165333018655888,2.9022503496258247,564.6836919444054,255.04525623465827,31,31,,1.0,True,GOOD,coverage and completeness requirements passed,31,False,7,-1.7190306990761108,0.8621512907101971
1991-08-01,7.166881654781301,11.098646611986178,3.691803870848773,0.20916193039029435,415.06171401684617,31.424462388283295,72.53485506575487,124.55744265107919,427.2633033950828,222.17333129822035,0,27.13785181903424,2.903248372551016,519.7002625299085,364.18599549898545,31,31,,1.0,True,GOOD,coverage and completeness requirements passed,31,False,8,0.037528445876134166,0.53280116283099
1991-09-01,5.156663094309634,9.718703993838265,-2.786149407104212,0.12652551525056013,185.93553152932537,20.480023081547884,46.111986698374196,91.50229996339372,389.4850538325836,154.699892829289,5,21.55746484894953,2.903451528302368,561.1238171964478,190.47669111046466,30,30,,1.0,True,GOOD,coverage and completeness requirements passed,30,False,9,-0.654453576905035,0.1934886592347451
1991-10-01,0.5781620052364683,8.262808782697,-8.25970781555818,0.5685852098332779,38.84572692931628,6.130850028490012,12.415333915117813,17.616056948214712,174.40531055940556,41.97374183212774,28,13.332561811957873,2.9041606627725653,611.6107700669346,60.39995114456005,31,31,,1.0,True,GOOD,coverage and completeness requirements passed,31,False,10,-0.7019876845005079,0.37120027422377166
1991-11-01,-5.35125806120786,2.943730182902757,-14.244808993248911,-1.3553338253214318,35.62678203210608,10.193600616783776,11.830641125793207,16.24056261615629,44.95683529631296,0.0,11,23.980840149268055,2.9204410498989914,496.0240739465165,31.798372046470142,30,30,,1.0,True,GOOD,coverage and completeness requirements passed,30,False,11,0.3610645964498217,-0.48825265776295623
1991-12-01,-8.222371813455904,3.1520874603293194,-23.335910299409843,-1.483661482533553,61.95577198724071,18.394813144953083,34.236453332857046,47.17385279649096,63.31664580864775,0.0,5,56.612197569270606,2.9923891529919984,449.688005703026,20.882931144031147,31,31,,1.0,True,GOOD,coverage and completeness requirements passed,31,False,12,0.9623469901627043,-0.3105347193529913
1992-01-01,-9.742838877441866,-1.8149864728311291,-20.92422698931655,0.016972053333350598,40.003744939068824,15.151440312238144,15.985430949021735,17.176885713678036,75.99273570899184,0.0,0,33.3302209912724,3.2963417112512934,498.2885275538353,11.922620388926292,31,31,,1.0,True,GOOD,coverage and completeness requirements passed,31,False,1,-0.30053073426998567,-0.20695424178800786
1992-02-01,-11.286540338160636,-3.830388201633675,-23.30922730544515,-2.0199207592853066,60.75380793683044,13.802116155176737,24.318714937115335,27.836259495474867,71.1868879159601,0.0,0,53.82283240488556,3.563974404823519,562.515230497537,8.144950214970036,29,29,,1.0,True,GOOD,coverage and completeness requirements passed,29,False,2,-0.18311422455002313,
1992-03-01,-5.141106866564306,2.882056697064287,-17.412867642321416,1.3442092566765262,41.109678400754134,9.2317396437963,15.53628363780586,23.14017243793063,61.16250974437385,0.0,5,34.20466117503189,3.423759208335639,741.8296831190927,35.74846996902832,31,31,,1.0,True,GOOD,coverage and completeness requirements passed,31,False,3,-0.8233234994144513,-0.26352548186924535
1992-04-01,-2.0076960588192923,5.3569086127177385,-12.965147518021029,0.9335366299415612,47.46562825931137,6.927438274309051,13.400936741344285,27.64237835111112,47.46562825931136,0.39134802284755293,29,24.778035908470812,3.1464673406123853,820.8758918648839,44.52496641731699,30,30,,1.0,True,GOOD,coverage and completeness requirements passed,30,False,4,-0.8305128125114127,-0.43041307984945126
1992-05-01,0.11567268368697883,6.6568265331035,-11.191044156036245,-1.1419385546476055,124.41459263383787,15.021176427437533,28.991937416242276,48.2277215544024,131.72165126910568,23.77175533680394,31,58.904961222110295,3.0676690112354383,818.7233145552428,60.26114744149322,31,31,,1.0,True,GOOD,coverage and completeness requirements passed,31,False,5,-0.18670450913531225,-1.126606014096717
1992-06-01,4.749480502914366,11.294552534990649,-8.795460017376744,-0.8034238460546701,158.31842153997474,12.062173656009431,25.236950308180834,55.945376025225904,158.31842153997474,142.484415087431,10,17.747208892245222,2.929806865752093,732.8722826052076,87.33976405326285,30,30,,1.0,True,GOOD,coverage and completeness requirements passed,30,False,6,-1.6725090727331675,-1.2380370885115595
1992-07-01,6.405664577248754,11.646817744642329,1.6469693661071876,-0.7817868335682635,338.35023954673676,21.94563511339494,51.18282229615359,102.52081105125316,333.88344284630637,198.57560189471138,0,30.291503147837524,2.9039341616693517,582.8646770422238,186.26940777337862,31,31,,1.0,True,GOOD,coverage and completeness requirements passed,31,False,7,-1.839815611642844,-1.8042424237581947
1992-08-01,6.806326515328423,11.831497628348238,3.4093799642070493,-0.15139320906258438,401.5462203211099,35.72480337939916,85.65683920965645,131.15991909881996,415.8777500724522,210.9961219751811,0,35.76240450521324,2.90521630545685,535.921226190007,336.8998058009198,31,31,,1.0,True,GOOD,coverage and completeness requirements passed,31,False,8,-0.17015873490638764,-0.3856460766198908
1992-09-01,4.777332266520412,12.039950189986445,-3.407755910402257,-0.25280531253866173,157.97068271298932,18.685035450535963,34.643600137567695,69.35771467143796,379.8065377192704,143.31996799561236,12,21.852462599021212,2.9037746151745094,586.2089241573359,161.57058842432994,30,30,,1.0,True,GOOD,coverage and completeness requirements passed,30,False,9,-1.050930924929913,-0.40288648232731905
1992-10-01,-0.51765327071717,7.194227425067234,-10.81688324983985,-0.5272300661203606,96.54709064714626,18.009232520367572,29.554807071135485,58.64485451047713,152.55043249645578,26.85658675633855,27,37.733972708338754,2.921794590143178,560.7607853838298,77.02848990562515,31,31,,1.0,True,GOOD,coverage and completeness requirements passed,31,False,10,0.35745157624122115,-0.4094501281370557
1992-11-01,-4.692575972286581,3.8665679792046026,-20.32905836219436,-0.6966517364001532,39.801968602262306,8.584624849313697,10.149053310710475,15.829550956455273,87.70599967846928,0.0,18,18.782308089883077,2.917317717401032,500.3849260633357,41.272489462810704,30,30,,1.0,True,GOOD,coverage and completeness requirements passed,30,False,11,0.6019445172344974,-0.48825265776295623
1992-12-01,-9.350987111669388,-0.6928307336623136,-22.1164201783429,-2.6122767807470364,27.995485197777803,6.277392325621609,9.58954788997664,14.910054616735597,48.726549147413294,0.0,0,18.902676211464247,2.943855199220435,477.5217539549613,31.543726011072557,31,31,,1.0,True,GOOD,coverage and completeness requirements passed,31,False,12,-0.2487888162560969,-0.3105347193529913
1993-01-01,-9.054248591799979,-0.7658705838207901,-18.114161550050696,0.7055623389752398,131.2456607380218,39.32413778332675,88.57659947249655,99.92512074901822,132.13726412523403,0.0,0,124.30483063081257,3.4124365820557836,459.9445932948628,17.18191542701349,31,31,,1.0,True,GOOD,coverage and completeness requirements passed,31,False,1,2.1515719227836296,-0.20695424178800786
1993-02-01,-8.010074902526759,2.8086608908195108,-19.2846235174599,1.2835763143471692,80.09569621675266,20.056637076111766,28.42671727696203,35.7072127571219,128.9211788257501,0.0,6,63.92392643021497,3.567496626263893,537.9430522990851,15.361114104267244,28,28,,1.0,True,GOOD,coverage and completeness requirements passed,28,False,2,0.36883600314538256,
1993-03-01,-8.093216119858164,-1.6095989788358542,-18.767098578091307,-1.6078999966173335,97.57389268757237,28.325821056604596,50.733945936510985,69.04410424975885,128.83365478877977,0.0,0,88.59907243765215,3.8567589581890878,719.4436967567046,11.883576801027067,31,31,,1.0,True,GOOD,coverage and completeness requirements passed,31,False,3,1.1540456001378774,-0.26352548186924535
1993-04-01,-3.7904025186915344,4.829683174707811,-15.850134722973394,-0.8491698299306805,49.25707647367478,7.362594406616541,14.52073137721733,24.06730635834294,110.5915337795927,2.9167624701532917,16,25.559014177381112,3.7907879961768294,798.3234783603097,69.97485592814502,30,30,,1.0,True,GOOD,coverage and completeness requirements passed,30,False,4,-0.7582690482543994,0.131948524293343
1993-05-01,1.560385316646125,8.13975980840547,-5.633249597193718,0.3027740783115406,125.95008682242778,17.32724072913251,27.638444245685605,47.32234078188965,123.50175951875129,51.16404649285793,29,53.44668565741376,3.184967258317094,804.5316997867699,186.99375297258138,31,31,,1.0,True,GOOD,coverage and completeness requirements passed,31,False,5,-0.15631712036264322,0.06626475590721341
1993-06-01,5.39322824915877,11.840485838984728,-3.3018572942208726,-0.15967609981026656,224.81745013308878,17.03229447974864,42.65947194964616,81.35093977036267,224.81745013308878,161.7968474747631,8,30.51454547915888,2.9545514220022153,655.9050949106263,163.14384366931586,30,30,,1.0,True,GOOD,coverage and completeness requirements passed,30,False,6,-0.7398521559435477,-0.24605310719210585
1993-07-01,7.418802955551087,12.474630266977503,2.9038032418988835,0.23135154473406908,474.45851823098246,52.48584638350622,114.71015140244435,161.84267034967627,466.756604198843,229.98289162208368,0,22.543833905635672,2.902517131632139,575.1305853363829,375.99510887741286,31,31,,1.0,True,GOOD,coverage and completeness requirements passed,31,False,7,-0.07388187263361227,0.5339233840841472
1993-08-01,7.425150981470488,12.335459727019535,2.9953254264815667,0.46743125707948124,384.1101322331254,31.392232653207127,74.41384902310294,137.80966340463317,523.6435868261051,230.17968042558513,0,16.549956166879507,2.9016929078534917,518.8349753884588,341.2414623042969,31,31,,1.0,True,GOOD,coverage and completeness requirements passed,31,False,8,-0.43809212013016297,1.1906942953279176
1993-09-01,4.862894207009406,9.306413693196523,-0.4430501874779858,-0.1672433720496675,215.1248475242292,15.898999747054246,51.61365857624442,103.30911422164786,369.2987006455014,145.88682621028218,5,51.436927683394536,2.9110169554700023,521.6976459048645,192.1223687934758,30,30,,1.0,True,GOOD,coverage and completeness requirements passed,30,False,9,-0.24061609570402262,-0.26836798123728295
1993-10-01,0.7921021410243094,7.283473515896483,-9.30056329843947,0.7825253456211189,58.01042874627421,5.656277171687988,12.656209095437953,31.37500751183994,209.69818115198706,46.849200087066045,27,22.62469384698676,2.9074153723055023,590.7007404173008,77.7111024026255,31,31,,1.0,True,GOOD,coverage and completeness requirements passed,31,False,10,-0.350109735400674,0.6229691043594451
1993-11-01,-2.753084031302703,4.5712081791061205,-10.363830355940172,1.2428402045837246,37.31299306925339,3.670075235863457,8.182063811200644,15.657044602168169,56.32150790262689,0.0,27,12.041787321323412,2.9076825928097083,476.2526078381422,40.98729504813702,30,30,,1.0,True,GOOD,coverage and completeness requirements passed,30,False,11,0.45834752602177886,-0.48825265776295623
1993-12-01,-5.150164200428562,4.576123565523519,-16.28346372063438,1.5885461304937902,24.86966060497279,6.340778646834941,7.387655609347067,9.836667496642075,37.01054979365617,0.940200406476573,12,20.000049908613338,2.917328063521927,455.69745082336385,26.25102828467169,31,31,,1.0,True,GOOD,coverage and completeness requirements passed,31,False,12,-0.3602660282243205,0.646454351693579
1994-01-01,-9.15433825532208,0.6709623354241573,-24.170267134900648,0.6054726754531393,74.4123052071605,24.003405752505856,32.04597223422799,55.38075739863602,75.55770638913087,0.0,3,70.58192013692764,3.1191820231236176,488.24372670795213,17.771463943442185,31,31,,1.0,True,GOOD,coverage and completeness requirements passed,31,False,1,0.6241903363034278,-0.20695424178800786
1994-02-01,-11.180004516714801,-3.6946368438269466,-22.44491564692281,-1.886353299840872,79.5249222905041,22.484943156077957,31.486623952502875,36.442588766967845,109.70531674396119,0.0,0,72.31796096373327,3.4743866941404025,525.9892143919775,10.085480878841365,28,28,,1.0,True,GOOD,coverage and completeness requirements passed,28,False,2,0.3525481002273143,
1994-03-01,-5.909652446035465,2.303284497834885,-17.63328061946085,0.5756636772053666,68.39761888667465,16.371933676858777,27.767919285203856,33.91005285139575,82.54314565621206,0.0,8,46.819713399244144,3.5508928510464077,754.3682982003431,21.31477477557218,31,31,,1.0,True,GOOD,coverage and completeness requirements passed,31,False,3,0.1322964625174186,-0.26352548186924535
1994-04-01,-3.9985570556666654,2.5022041068456504,-13.770203811462936,-1.0573243669058119,66.81746467884113,8.989406384919159,17.56354166476746,29.325965834493758,88.27903159852413,0.0,18,42.02053761850311,3.402634398850911,783.0573180232232,44.255886696158456,30,30,,1.0,True,GOOD,coverage and completeness requirements passed,30,False,4,-0.0501109582889114,-0.5175588163211239
1994-05-01,1.4081514371755703,9.054669896017765,-8.049603873889748,0.15054019884098607,101.04854755589491,12.015990587836164,29.274804064979048,41.128074189642575,100.05584453844249,47.59999889147437,28,20.517156992886246,3.1000837812856474,826.6069651442647,119.14805954166233,31,31,,1.0,True,GOOD,coverage and completeness requirements passed,31,False,5,-0.6491179139787442,-0.08894125378261308
1994-06-01,6.531430402369935,12.326283997569956,-2.709415464246863,0.9785260534008987,265.7283789410573,22.16655117856692,54.58911307506543,109.6567502006797,265.7283789410573,195.94291207109805,3,16.288677324854852,2.9067847823172017,650.9107006023927,138.91605946859954,30,30,,1.0,True,GOOD,coverage and completeness requirements passed,30,False,6,-0.16607143264151455,1.5078610774800425
1994-07-01,7.785750978666489,12.330283421752007,4.0962480345047725,0.598299567849472,392.44724539662207,26.212424412107566,58.33357658017365,106.91821901886317,403.8886237214412,241.35828033866116,0,6.417849171909332,2.9004865267657918,598.6670505890219,300.6372132052174,31,31,,1.0,True,GOOD,coverage and completeness requirements passed,31,False,7,-1.1379352504099025,1.380782351505222
1994-08-01,7.273716921651675,12.189101760509924,3.4228585057322594,0.3159971972606683,403.4178138247967,25.761825430302824,75.53810486373752,128.33112343069104,426.0845505748799,225.48522457120194,0,16.79331014610507,2.9017244177211086,546.1170399711472,351.0554362295548,31,31,,1.0,True,GOOD,coverage and completeness requirements passed,31,False,8,-0.14139870681549932,0.8049441589951503
1994-09-01,5.361486942131107,10.409617672731665,-1.1453978590189888,0.33134936307203317,219.02883365199875,26.325074407325165,60.858082875817644,107.22357659216586,389.63744322088564,160.8446082639332,6,27.97518356425988,2.904690789188341,528.2836791084624,208.49625111926534,30,30,,1.0,True,GOOD,coverage and completeness requirements passed,30,False,9,-0.1852665360897476,0.5155079687428353
1994-10-01,0.1901406160062589,6.8748410616183,-6.521917380991301,0.18056382060306844,36.09617730324988,3.791504331674048,8.106663816801781,17.343199954018527,214.3972798755072,27.393755773588968,31,14.81246851898473,2.904650960469352,618.6502836978498,66.5370631074293,31,31,,1.0,True,GOOD,coverage and completeness requirements passed,31,False,10,-0.7524714276137119,-0.3817107018131238
1994-11-01,-5.976516990085918,2.0645513847292247,-20.24070411590853,-1.9805927541994912,39.862834742700755,6.100500604544046,16.39855481405552,18.783164420803107,39.86283474270074,0.0,9,29.137768858046197,2.9223061829066665,512.5277718001408,32.967668071252874,30,30,,1.0,True,GOOD,coverage and completeness requirements passed,30,False,11,0.6054560803325588,-0.48825265776295623
1994-12-01,-8.2741924445112,1.777332180809779,-21.268825870865566,-1.5354821135888481,17.357694580678103,2.430065356769027,9.287597498686305,23.318982127187436,44.007297660968064,0.0,5,11.839518326162286,2.950125998642731,486.681749843772,25.144231699034833,31,31,,1.0,True,GOOD,coverage and completeness requirements passed,31,False,12,-0.6281675063545843,-0.3105347193529913
1995-01-01,-12.119931667317726,-4.7201490344504355,-23.282817933460404,-2.360120736542508,114.17905509742893,25.063010576239446,50.81321342477088,62.70350038971324,113.75960775866326,0.0,0,107.98472948870469,3.2810811108043922,470.7597825320197,12.623285372688434,31,31,,1.0,True,GOOD,coverage and completeness requirements passed,31,False,1,1.692911353551432,-0.20695424178800786
1995-02-01,-10.32535355864409,-3.3533901281712275,-22.599663585042695,-1.0317023417701612,85.95886144665303,18.527917978127686,33.96155061552131,43.038770959494606,117.79152326852002,0.0,0,75.41241584362739,3.6407050399956686,531.1059525559465,7.9877459503746975,28,28,,1.0,True,GOOD,coverage and completeness requirements passed,28,False,2,0.5361503489230178,
1995-03-01,-6.807643644770715,2.079167328847308,-16.997739378723075,-0.32232752152988264,93.3741867196369,55.50035217712665,63.17259583191297,71.72896693584491,94.23911164281543,0.0,4,77.7647596122638,3.7625967901847197,720.0477262812929,17.356019406818657,31,31,,1.0,True,GOOD,coverage and completeness requirements passed,31,False,3,1.0069724687202002,-0.26352548186924535
1995-04-01,-3.7610618271701823,5.5258454045638885,-16.413397936247144,-0.8198291384093287,48.83782349738333,9.382454405941305,11.709864029534433,68.47679640898076,108.72842715202725,2.7161110849580687,16,36.202444118840184,3.622421910602648,822.9850853293456,66.41771803222686,30,30,,1.0,True,GOOD,coverage and completeness requirements passed,30,False,4,-0.7751762705455074,0.08726728990338288
1995-05-01,2.362176064318555,9.092469878871224,-8.42924888659159,1.1045648259839704,137.77232529789805,36.412511786054594,61.976997855481436,99.89907636905983,157.71788071753403,79.08629799631932,25,30.23773600215605,3.159007931125818,846.5392841604504,189.2142919200898,31,31,,1.0,True,GOOD,coverage and completeness requirements passed,31,False,5,0.07764466170520606,1.2822140703118994
1995-06-01,6.66390707309948,12.58824547613953,-2.275085968941029,1.1110027241304437,401.09674241190436,61.180884635926645,107.81080727936236,160.58672694730967,401.09674241190436,199.9172121929844,3,59.42009311866731,2.924986305388939,576.8810507037298,272.31249918428466,30,30,,1.0,True,GOOD,coverage and completeness requirements passed,30,False,6,1.732486233186557,1.7120011867525153
1995-07-01,7.156107600170993,11.836315357441826,3.8413740486934502,-0.031343810646023845,410.7929908386115,24.695927978484754,56.546949287278196,110.35900116498429,455.8174151635508,221.8393356053008,0,25.003956023926136,2.9031115765423765,543.7176536312456,342.94715181863455,31,31,,1.0,True,GOOD,coverage and completeness requirements passed,31,False,7,-0.8999087970856205,-0.07233664019600614
1995-08-01,6.557863896332223,11.407995865329923,-0.9943837175899225,-0.3998558280587843,425.59286393994086,71.46557059008096,159.5867210422715,210.91171398478153,500.5807339279171,203.2937807862989,3,56.75296958819042,2.921152027159541,563.099035401126,382.93633658247546,31,31,,1.0,True,GOOD,coverage and completeness requirements passed,31,False,8,0.19935641066706136,-1.0185584430060017
1995-09-01,5.130876381498498,10.910755837727086,-2.666192469103561,0.10073880243942539,172.90104575843975,17.686295340988462,40.208670536241826,75.46169322770496,412.97552767591736,153.92629144495496,1,30.784726790417928,2.905404521104868,548.9575640664145,152.3974907284971,30,30,,1.0,True,GOOD,coverage and completeness requirements passed,30,False,9,-0.8392526575383569,0.1529473866131951
1995-10-01,1.0106179053974538,6.667900344236588,-6.505350384319585,1.0010411099942633,31.604195687619214,4.074274625303202,7.768941827309852,28.84540481158275,171.9288249794068,37.506291370808455,30,14.565804051753084,2.904688238409327,622.4703291332987,59.62500568114898,31,31,,1.0,True,GOOD,coverage and completeness requirements passed,31,False,10,-0.8349474970771906,0.14050098042996897
1995-11-01,-5.060365391142956,4.038081090337895,-16.658618993041028,-1.0644411552565292,112.92798981485012,69.02920396547891,100.47214944466758,105.36151764479666,115.78723330112122,0.5673762624598996,12,67.36406867826891,3.099807031738701,514.8516235946516,43.98060030317659,30,30,,1.0,True,GOOD,coverage and completeness requirements passed,30,False,11,4.820819506652649,0.040667288255635516
1995-12-01,-8.46118738574328,-0.4800847503855169,-21.320622963203984,-1.7224770548209272,28.670954588294514,7.543196347211131,8.009688677734118,15.362377026338223,114.05933535653034,0.0,0,22.9075101986108,3.139106295044262,458.31963932160454,25.657193571392035,31,31,,1.0,True,GOOD,coverage and completeness requirements passed,31,False,12,-0.22469935052023907,-0.3105347193529913
1996-01-01,-10.605492357223971,-2.558753187701681,-20.861872613572615,-0.8456814264487533,75.93632352564481,35.29136055555085,51.65399022582129,58.63830081493321,84.36101875044639,0.0,0,71.33084382104211,3.414855293349612,489.0321615876144,18.637372252913448,31,31,,1.0,True,GOOD,coverage and completeness requirements passed,31,False,1,0.6651479305782801,-0.20695424178800786
1996-02-01,-9.886709405499019,-3.8981738687148595,-21.850585174023625,-0.6200898266236865,98.5936630276881,27.33025025862264,40.5830339118487,43.52285399036577,114.22574443231447,0.0,0,87.67587785398683,3.731456817286544,549.5056272512315,13.27487539806725,29,29,,1.0,True,GOOD,coverage and completeness requirements passed,29,False,2,0.8967036469574029,
1996-03-01,-5.817573312101512,0.9683237965722954,-17.308294935447893,0.6677428111393194,83.59190924350081,18.262036747587203,22.40560854501833,44.12242325225739,114.23868904386325,0.0,6,59.58796059352298,3.8404174415807932,740.4693647295225,23.64171084008697,31,31,,1.0,True,GOOD,coverage and completeness requirements passed,31,False,3,0.6643984428725763,-0.26352548186924535
1996-04-01,-2.9271570326193195,4.932923201924079,-14.68309894430224,0.014075656141534129,44.21401596520072,5.749414303326254,14.089880528205047,22.688168169659146,83.52427168987116,4.537987167444426,21,23.350402212096807,3.5559638406143708,824.3357306945813,58.72706442358291,30,30,,1.0,True,GOOD,coverage and completeness requirements passed,30,False,4,-0.9616406397896413,0.49296432604312274
1996-05-01,1.2318989412724886,8.567261274795502,-6.908626445257498,-0.02571229706209595,103.7299131037708,10.050377824269605,20.62493958541411,35.11793959492306,96.25957024508354,41.4098932694421,29,44.786741781421405,3.21681758583904,848.3641977508796,121.1616393233755,31,31,,1.0,True,GOOD,coverage and completeness requirements passed,31,False,5,-0.5960537617661132,-0.3585060016780205
1996-06-01,4.9705250080928245,11.769295545198165,-4.317648208049024,-0.5823793408762119,269.17677867353467,17.107931325559772,44.03780030514142,88.36712299587472,269.17677867353467,149.11575024278474,12,39.630259301993185,3.016658094350797,663.2098118479944,219.51811834068724,30,30,,1.0,True,GOOD,coverage and completeness requirements passed,30,False,6,-0.11770720942813194,-0.897418252057463
1996-07-01,7.250746266290738,12.318727482279641,2.394891905063166,0.06329485547372041,458.10447108707314,37.7612040383105,78.55554829071568,152.36974513418244,450.014744684427,224.77313425501288,0,27.82741147254048,2.90402896145575,519.0193101541169,357.6383462711844,31,31,,1.0,True,GOOD,coverage and completeness requirements passed,31,False,7,-0.2860670820856797,0.14607468244264918
1996-08-01,6.762561250893217,11.24881156046237,1.110014705134501,-0.19515847349778911,397.43009467392415,22.003606960954116,60.279786250446875,133.19882339016277,471.10267352831903,209.63939877768973,0,27.888969564777625,2.903790810130321,509.20114486558765,353.49834294574185,31,31,,1.0,True,GOOD,coverage and completeness requirements passed,31,False,8,-0.23340958986260185,-0.4971299577409511
1996-09-01,4.989042928983394,10.051068709049341,-0.6587214986007648,-0.04109465007568033,176.00346437738372,12.967205885266218,39.009344104220055,88.36494899116767,390.699281960799,149.6712878695018,4,34.32008676246637,2.9062967592579865,556.0803679233375,174.31097814287625,30,30,,1.0,True,GOOD,coverage and completeness requirements passed,30,False,9,-0.7952674847744917,-0.07003988234911768
1996-10-01,-0.9054221240902721,7.785461808056354,-12.132108677884858,-0.9149989194934626,134.14724680660072,25.985275956624726,53.80647824755036,64.872142689268,182.34710869957814,18.823278920180368,26,77.04825354064963,2.9618670958241817,546.2660652374568,90.32421948664798,31,31,,1.0,True,GOOD,coverage and completeness requirements passed,31,False,10,1.0478179571840822,-0.8242904180689155
1996-11-01,-4.450318248673293,2.378307464406347,-12.928954384446037,-0.4543940127868648,20.07425536545996,3.2212615662088075,6.082821451072718,19.504062014008184,126.59346679162289,0.0,18,6.827374390030855,2.9759787320661926,511.3764627741027,46.13483286633784,30,30,,1.0,True,GOOD,coverage and completeness requirements passed,30,False,11,-0.5362106099424745,-0.48825265776295623
1996-12-01,-6.408199290798115,0.3990077298598814,-13.697470575986298,0.33051104012423727,9.181770459275336,1.6320818657867207,2.9147954274977534,4.755217069518278,19.671024002182506,0.0,1,3.547329000766893,2.9489862632920327,483.61538620126674,30.290291541735108,31,31,,1.0,True,GOOD,coverage and completeness requirements passed,31,False,12,-0.9197479195408027,-0.3105347193529913
1997-01-01,-10.70314873877969,-0.8066482425826381,-23.503884262739955,-0.9433378080044716,60.57327840462835,15.03531599867501,29.638541080611283,36.164666891501355,60.42888167216134,0.0,0,53.93605095705963,3.035405955482383,497.55569091766364,19.50279926588886,31,31,,1.0,True,GOOD,coverage and completeness requirements passed,31,False,1,0.25227010538347716,-0.20695424178800786
1997-02-01,-10.862458402900115,-2.2999061772388547,-19.04994123164905,-1.5688071860261867,83.34808355930672,11.527613856000546,20.221997224829916,30.955729744357203,93.60306952789168,0.0,0,74.55709426782444,3.4512383333899486,529.4763874912034,9.04393077609742,28,28,,1.0,True,GOOD,coverage and completeness requirements passed,28,False,2,0.4616478273218164,
1997-03-01,-6.906002652094204,-0.45962361625008724,-19.498483768170498,-0.4206865288533729,66.66155262500652,13.328474358426778,20.984090200142226,22.579828308120362,89.11117984237953,0.0,0,53.56272961878802,3.5682357002128926,732.4600061129954,15.216929084352001,31,31,,1.0,True,GOOD,coverage and completeness requirements passed,31,False,3,0.07149965831218781,-0.26352548186924535
1997-04-01,-5.098948308425822,2.3975028223927866,-16.278736287921667,-2.1577156196649687,72.56072521500403,12.491379147145807,20.02994676007682,43.82243605495572,95.58052653314498,0.0,10,37.22968936506541,3.5593659060528395,792.33030447924,58.68019585161458,30,30,,1.0,True,GOOD,coverage and completeness requirements passed,30,False,4,0.18149761231584935,-0.5175588163211239
1997-05-01,0.00816968268499228,5.671964336397972,-8.4701112257268,-1.249441555649592,74.42907764312983,6.419109709868798,17.891609728400375,34.18955536804096,73.78721046663655,13.034856873221141,31,34.740934885099776,3.0464300418736654,855.906881747361,115.9594993825994,31,31,,1.0,True,GOOD,coverage and completeness requirements passed,31,False,5,-1.1759165089668457,-1.5941730483671375
1997-06-01,4.517204613759828,10.039319865624748,-3.616865534181727,-1.035699735209208,284.3549315224978,64.70497704402251,103.04821971914367,146.672087312845,284.35493152249774,135.51613841279485,13,67.86741304980103,2.92634755402363,700.2819076002816,126.84850956534181,30,30,,1.0,True,GOOD,coverage and completeness requirements passed,30,False,6,0.09516821955432057,-1.5959629416617411
1997-07-01,7.545619615228636,12.712500560526971,2.5022477839213098,0.35816820441161856,405.18733404938473,24.38909757266977,97.63477371114818,150.57838068847695,465.04209922632015,233.91420807208772,0,13.028000661006159,2.9068205717690563,590.2939359303308,347.39881069160197,31,31,,1.0,True,GOOD,coverage and completeness requirements passed,31,False,7,-0.9726392624849125,0.82659651134213
1997-08-01,6.898239349498963,12.347912219676415,1.8269150521200086,-0.059480374892043414,373.6847812740622,28.76799140428908,65.01622580035769,140.78561571406175,436.0398103015438,213.84541983446786,0,30.70987793331852,2.904314160742987,533.8463411576355,323.3585577303469,31,31,,1.0,True,GOOD,coverage and completeness requirements passed,31,False,8,-0.5982943145967446,-0.15151520570195665
1997-09-01,4.771805283670778,10.816339981111339,-4.282611886117739,-0.25833229538829483,172.69880340212347,13.46902990082804,35.95577613116327,74.77174918002679,358.4943659203022,143.8604900681361,8,27.435473429876723,2.9049208863345086,560.6861529991644,155.35445580026953,30,30,,1.0,True,GOOD,coverage and completeness requirements passed,30,False,9,-0.842119989795978,-0.3745599395574737
1997-10-01,-3.2644543379076136,3.738589395929798,-18.371392734213472,-3.274031133310804,53.3094105765984,13.462652338279321,18.788540339293252,22.374559900380305,168.1001339093193,0.0,23,34.92249229386774,2.928427344072927,611.170551700079,63.04419378866032,31,31,,1.0,True,GOOD,coverage and completeness requirements passed,31,False,10,-0.43642386895859187,-1.7963251818269872
1997-11-01,-6.788323282123529,0.8371551116363731,-15.388193348207391,-2.7923990462371013,38.0286970326793,10.209324523787263,20.049428084917004,24.69339184333047,47.37855330556627,0.0,7,32.19758770654711,2.943933689142189,507.30646002392683,33.698237808467134,30,30,,1.0,True,GOOD,coverage and completeness requirements passed,30,False,11,0.4996387859735133,-0.48825265776295623
1997-12-01,-10.48604954299566,-4.10574281116674,-21.120677600621654,-3.747339212073309,143.85119606961493,61.86636807862341,104.90125612117939,127.17273154353724,172.1213885249643,0.0,0,130.1718520735935,3.5185020562067204,449.91427803659394,21.13606084471098,31,31,,1.0,True,GOOD,coverage and completeness requirements passed,31,False,12,3.8830078521549325,-0.3105347193529913
1998-01-01,-9.557872457617476,-2.1334853191764758,-19.62265483257552,0.20193847315774174,19.68019141209245,4.78612024494256,6.723157531129859,10.521905437763397,133.18038730265874,0.0,0,17.81306902102649,3.5675985704587556,512.733960192822,14.099821516487651,31,31,,1.0,True,GOOD,coverage and completeness requirements passed,31,False,1,-0.8467209273176639,-0.20695424178800786
1998-02-01,-9.088411912259401,-0.9052983379967802,-17.145523311821677,0.20523930461452689,67.80295907077762,24.19036032237443,42.616919181156774,47.72465951846179,74.07115553698246,0.0,0,56.817539173252435,3.6399266592063917,544.08301839057,9.933403041017131,28,28,,1.0,True,GOOD,coverage and completeness requirements passed,28,False,2,0.018044034516144856,
1998-03-01,-7.46997496750177,-0.8444003766225416,-17.48712329367864,-0.9846588442609379,138.06066819280042,29.760090368134637,44.700832536827974,53.26081760137738,137.3237420334301,0.0,0,113.40718193767484,3.963743235139709,684.558255840017,10.11196992646465,31,31,,1.0,True,GOOD,coverage and completeness requirements passed,31,False,3,2.5718869680862086,-0.26352548186924535
1998-04-01,-2.7534181653012926,4.901534348017416,-13.1828053656302,0.1878145234595608,45.43659548407545,5.018607017903325,9.25974189462922,50.137472676644826,137.3734962887234,4.145794343422741,21,12.941219402840236,3.8359230102949495,815.0243564700916,110.84377666559125,30,30,,1.0,True,GOOD,coverage and completeness requirements passed,30,False,4,-0.9123376536140548,0.4056304684715755
1998-05-01,2.7658680687439614,11.170119574571668,-9.48625380041562,1.5082568304093775,94.68298033018034,6.681289769286954,16.3334499538766,32.86128642705965,92.80562558409727,89.24156673466359,25,16.929330832516953,3.1012163339106413,814.2176929113301,187.87038118632893,31,31,,1.0,True,GOOD,coverage and completeness requirements passed,31,False,5,-0.7750923184953672,1.724452478574009
1998-06-01,7.011139983960862,13.333456036475765,-0.8180206685398206,1.4582356349918264,235.55400641766136,30.426420461221653,64.01973546628086,103.68692218332774,235.55400641766133,210.33419951882587,4,6.721826274810461,2.902050869063502,661.8610161548205,123.67124012412529,30,30,,1.0,True,GOOD,coverage and completeness requirements passed,30,False,6,-0.5892706558350699,2.2470702217447465
1998-07-01,7.602035064929947,12.12106548312013,2.51136603251385,0.41458365411292925,515.7641141492717,55.19609081664275,122.23989876902883,199.79228612189362,502.45059694615185,235.66308701282836,0,42.30930430540667,2.909280542630837,531.8079870436312,425.68613688955,31,31,,1.0,True,GOOD,coverage and completeness requirements passed,31,False,7,0.4620366339195967,0.956794595187979
1998-08-01,7.42166994343717,11.927886572025114,4.891320376627742,0.4639502190461629,526.4242654625734,40.70106808492442,108.04273595885395,172.18147714330883,573.5963507884961,230.07176824655227,0,36.69964034702789,2.9052301919675076,460.8778811977481,485.4272643994228,31,31,,1.0,True,GOOD,coverage and completeness requirements passed,31,False,8,1.7487921906706003,1.1818269975909441
1998-09-01,5.754199534389452,10.562024782678787,0.8528285886266777,0.7240619553303775,194.41369425741715,21.184918690239524,37.70064852416168,90.25678168864926,474.69742352790877,172.62598603168354,0,23.28041850285766,2.903889691427936,563.7646024512227,180.09635753127407,30,30,,1.0,True,GOOD,coverage and completeness requirements passed,30,False,9,-0.534252695554531,1.1329216104609108
1998-10-01,2.43101704537514,8.018223655534268,-5.905909865377296,2.4214402499719494,50.922185004999356,6.506722402159686,18.16619946234251,42.18001002048388,193.6395499979448,76.75823687527297,25,21.00318094045658,2.90553803910199,586.3337898109523,72.16473906854775,31,31,,1.0,True,GOOD,coverage and completeness requirements passed,31,False,10,-0.48025507730171696,2.167472781531627
1998-11-01,-2.6477787820641465,5.3017035326598885,-13.429242433015075,1.3481454538222806,36.69114743311375,9.606535230436641,18.730293663854965,21.829780419767644,45.849960991508084,2.4469427275653546,26,23.188724375888967,2.9259914172992296,492.2883442828994,36.67498285568239,30,30,,1.0,True,GOOD,coverage and completeness requirements passed,30,False,11,0.4224712543733941,1.7928382179166122
1998-12-01,-7.363993615532488,3.216483974255471,-17.144801407880447,-0.6252832846101358,15.907325544463777,3.0000076840817846,5.953764913256934,9.808597431229556,36.219517468489556,0.0,7,9.403788113676898,2.920059667223874,492.3097316523575,24.599212463643667,31,31,,1.0,True,GOOD,coverage and completeness requirements passed,31,False,12,-0.6798924485840276,-0.3105347193529913
1999-01-01,-10.15637242717414,-0.08522811556766174,-21.890045068299223,-0.39656149639892346,40.052717044906785,13.524851898110171,18.741946148585164,22.17413562259342,40.04763201916101,0.0,0,37.31262254516249,3.001342592853282,519.0646331738212,17.84353560645508,31,31,,1.0,True,GOOD,coverage and completeness requirements passed,31,False,1,-0.2992146217158458,-0.20695424178800786
1999-02-01,-6.626551408059158,0.8990290932383754,-16.19495454019092,2.667099808814771,32.80274066446653,4.696040743513501,11.898627734810566,19.355241687636266,47.80288319632875,0.0,4,30.109323296410192,3.0598500032758253,549.5425540745954,12.776090425978573,28,28,,1.0,True,GOOD,coverage and completeness requirements passed,28,False,2,-0.9807404812028148,
1999-03-01,-4.896830731020288,3.2466384984338115,-14.378692674200586,1.5884853922205435,34.64281506911903,14.739725294804307,23.076035586862567,25.614423708969074,42.12178585559335,0.0,16,25.4527601799459,3.0526950057931788,777.4183898109568,19.0464411347706,31,31,,1.0,True,GOOD,coverage and completeness requirements passed,31,False,3,-1.0497921731490742,-0.26352548186924535
1999-04-01,-0.6335662420327635,7.249277796466806,-13.953839923125747,2.3076664467280903,37.725455151597615,6.417316066118158,11.882809507574887,20.35859712972127,50.5686466466676,23.969984238723537,30,13.933602266307242,3.005216623596053,834.5874180978184,29.651730932835374,30,30,,1.0,True,GOOD,coverage and completeness requirements passed,30,False,4,-1.2233049480441844,4.8200992469512665
1999-05-01,3.1343841392876,10.825480199782994,-5.436753955816882,1.8767729009530154,167.57173846141143,10.45222975245502,29.27998504112343,65.53589024311047,165.72791904704175,98.73244287400084,20,48.42804597505879,2.919679430296347,769.519355825475,44.5258601671537,31,31,,1.0,True,GOOD,coverage and completeness requirements passed,31,False,5,0.6673742482617302,2.137758129563375
1999-06-01,5.600241831046407,12.677017454594331,-4.064347976802667,0.04733748207737086,316.6015262199582,39.78597454666748,93.87297499417164,132.7482619412895,316.60152621995815,168.00725493139223,6,60.511067265842605,2.913749946930101,616.3431388712174,134.1006405452328,30,30,,1.0,True,GOOD,coverage and completeness requirements passed,30,False,6,0.5474306093031565,0.07294475858082568
1999-07-01,6.88791579796943,12.565043531682296,1.368909752327004,-0.2995356128475882,468.580056184564,40.32826170239087,93.78323876015307,163.4145695686687,502.91897595161913,213.5253897370523,0,53.37693840514326,2.9124001294457234,520.8268227016185,367.99346697552784,31,31,,1.0,True,GOOD,coverage and completeness requirements passed,31,False,7,-0.15015184358327205,-0.691281608900159
1999-08-01,6.495942725470497,11.665371712692036,0.4750715691971386,-0.46177699892050883,408.5400221471365,33.39179075574585,75.8912299692133,141.87156046192706,448.3564198532544,201.37422448958543,0,56.12971295552154,2.9110988141726293,534.3283235038705,365.02537618402357,31,31,,1.0,True,GOOD,coverage and completeness requirements passed,31,False,8,-0.06268778216883862,-1.1762911230277489
1999-09-01,5.454440286797297,10.82861220314839,-0.4106486160095547,0.42430270773822354,203.51787732781466,10.465255937541508,30.241266860893997,63.185730075016984,399.5683793196484,163.63320860391892,2,24.247816195586967,2.904054492076779,544.4078809426351,181.90778853249836,30,30,,1.0,True,GOOD,coverage and completeness requirements passed,30,False,9,-0.40517628311293774,0.6616470642839174
1999-10-01,-0.10000295380759364,6.72036978435049,-12.906349363602164,-0.10957974921078409,138.2824814344666,59.006144293766916,92.33523626164524,97.10257426615843,200.88290402231476,31.062627839964208,27,74.23442530129196,2.981343145708862,580.4940833756965,98.62174439249871,31,31,,1.0,True,GOOD,coverage and completeness requirements passed,31,False,10,1.123743890903151,-0.19225002349983272
1999-11-01,-4.339857765351046,3.866461956928874,-13.511306648871807,-0.3439335294646192,16.381596505094468,2.1817695557846295,4.283456382236873,6.917142334433881,129.3684256856311,0.0,15,8.133174122732598,2.9853613689773684,506.85707034623505,46.53925416410431,30,30,,1.0,True,GOOD,coverage and completeness requirements passed,30,False,11,-0.7492519576340071,-0.48825265776295623
1999-12-01,-7.916075232420917,0.23345341209290402,-17.992900232560675,-1.1773649014985648,29.88664905073239,4.5271818116464555,7.35754746287798,13.740731833320286,29.668038684928813,0.0,2,20.52971018631638,3.012937682383594,460.81711751864884,32.46307709135697,31,31,,1.0,True,GOOD,coverage and completeness requirements passed,31,False,12,-0.18134367739970425,-0.3105347193529913
2000-01-01,-10.898054186755646,-1.8044343651725008,-23.303480481463843,-1.1382432559804283,37.629408138131986,4.7696099638502965,9.262817995156514,18.009227153457175,39.6286958787677,0.0,0,32.53384741818838,3.0772831440892023,503.9296583096411,22.453938557764413,31,31,,1.0,True,GOOD,coverage and completeness requirements passed,31,False,1,-0.36434041567941755,-0.20695424178800786
2000-02-01,-12.758122941542714,-5.983702404175212,-20.891034994319973,-3.491503362667383,65.94834321809498,15.037472851186374,18.994454846403787,37.11823202607323,78.86704636391708,0.0,0,60.569386537344755,3.4014159990365425,562.2429658156228,11.437410547710657,29,29,,1.0,True,GOOD,coverage and completeness requirements passed,29,False,2,-0.034880252262943584,
2000-03-01,-8.86932684855718,1.812161999030676,-18.101801415482996,-2.384010725316346,106.31535971227802,27.672884039377074,31.54157144679068,38.32329579332082,113.15020027260128,0.0,1,95.78487725061989,3.703325086851125,724.0549635082835,10.234105642583486,31,31,,1.0,True,GOOD,coverage and completeness requirements passed,31,False,3,1.4601705856305713,-0.26352548186924535
2000-04-01,-2.823124246375794,3.48412681219867,-14.319044091951481,0.11810844238505927,78.94555381126634,22.43456340419164,42.27369823075611,60.7279005849101,86.81805071022548,0.0,25,37.95038278487935,3.4059440911669085,799.8799094447572,89.77555088242707,30,30,,1.0,True,GOOD,coverage and completeness requirements passed,30,False,4,0.4389787095820195,-0.5175588163211239
2000-05-01,2.5025911363636535,7.827791514386623,-5.473962797504486,1.2449798980290696,217.79958194372776,53.06450988219375,83.77598415281149,107.82380131574887,214.5613901415714,78.66489301060118,27,68.33238513874156,3.0773530311050745,768.254879356791,169.5203895796612,31,31,,1.0,True,GOOD,coverage and completeness requirements passed,31,False,5,1.6613819224370123,1.2638628602238744
2000-06-01,5.739425193028416,11.413794022626586,-2.819908763823731,0.18652084405938024,284.9286702198066,25.54592472688223,55.98455664552349,104.58008028453705,334.4493114033077,172.1827557908525,2,33.93155896287729,2.9298455475996525,603.4392770570021,220.50018678304596,30,30,,1.0,True,GOOD,coverage and completeness requirements passed,30,False,6,0.10321497415804591,0.28741955302914923
2000-07-01,6.960591139996237,11.890670611001024,3.189214912860203,-0.22686027082078028,402.54060045482,25.914643777201825,60.23239286282053,108.3617051188648,391.135874787408,215.77832533988334,0,13.533086927553912,2.9012233408553914,554.4123999648135,319.8026908872247,31,31,,1.0,True,GOOD,coverage and completeness requirements passed,31,False,7,-1.0069792467826646,-0.5235582224017942
2000-08-01,6.548552215313055,11.961132498948551,0.7536851704414482,-0.40916750907795146,419.6004313355021,38.309989121835336,96.968531520678,162.52698435034674,457.8411553551584,203.0051186747047,0,37.08482391799339,2.905486204503788,536.1839866903589,376.6670264696924,31,31,,1.0,True,GOOD,coverage and completeness requirements passed,31,False,8,0.10727309786600774,-1.042278220623592
2000-09-01,3.9618377847960318,10.657182210000133,-4.970432240152571,-1.068299794263042,196.51021975121427,20.584148086769996,40.817926787345016,85.42713995305796,361.8158980529135,119.94500687823178,10,37.19594967692441,2.910174886984023,552.3755528002288,190.1108812669228,30,30,,1.0,True,GOOD,coverage and completeness requirements passed,30,False,9,-0.5045287777423362,-1.6278722312781528
2000-10-01,0.31375642383498686,8.229566662417282,-11.35467265570019,0.3041796284317964,59.064399571817404,13.682056939325056,25.93585435101829,33.88927714672046,185.759908480916,33.49385915752245,30,25.99534719270103,2.915337480459587,610.7602664936701,69.87143217216992,31,31,,1.0,True,GOOD,coverage and completeness requirements passed,31,False,10,-0.33075805980220296,-0.06670115555683422
2000-11-01,-3.74770680315023,4.198111275465556,-15.27082154007546,0.2482174327361975,37.10431972115662,4.378476220499592,6.757058620135631,12.504657729592235,61.72003861931833,0.0,18,17.523624740257848,2.9116482873007326,480.3314955017593,36.49789245928953,30,30,,1.0,True,GOOD,coverage and completeness requirements passed,30,False,11,0.4463084904685625,-0.48825265776295623
2000-12-01,-5.601399170171485,3.6865131676155336,-15.61731564161391,1.1373111607508677,45.23399502850203,24.041334650180975,29.032694123008874,33.581040670760416,44.98741335007102,0.0,12,38.57336710695437,2.9231367534738975,468.8809267375088,25.43328374750089,31,31,,1.0,True,GOOD,coverage and completeness requirements passed,31,False,12,0.3659932859895954,-0.3105347193529913
2001-01-01,-9.518909694791718,2.2359265224771105,-19.344768155317393,0.24090123598349947,13.706433542459871,2.721046522645944,31.496873076250875,35.23577353360661,48.84614179577528,0.0,5,11.427742128249292,3.0586768967930698,522.4132614496833,18.530935138191328,31,31,,1.0,True,GOOD,coverage and completeness requirements passed,31,False,1,-1.0072641098720254,-0.20695424178800786
2001-02-01,-8.030667176867734,0.6789118960741177,-19.285249100966304,1.2629840400061951,64.39271872133139,15.138075978302219,28.643480638363982,42.1702970668183,64.61973598877915,0.0,1,54.116591102037944,3.0314914612223434,542.6892530900774,20.790150007632818,28,28,,1.0,True,GOOD,coverage and completeness requirements passed,28,False,2,-0.07927236552359698,
2001-03-01,-8.238670760178206,-0.2892374595733136,-20.845814794423607,-1.753354636937374,42.500925623649515,5.327417207413823,13.198236095901848,30.183681472950067,72.32433793792215,0.0,0,29.87657878272639,3.1665766562877757,741.935872370917,18.093580829686132,31,31,,1.0,True,GOOD,coverage and completeness requirements passed,31,False,3,-0.7746022110172168,-0.26352548186924535
2001-04-01,-4.1036848477924055,3.1412002015835525,-15.010777460966686,-1.1624521590315524,96.91422081726557,13.217870601567505,25.253449828908355,41.02399563918934,97.82558812652937,0.0,18,54.32575695507653,3.1501964507347933,787.5808810661506,37.11197538370821,30,30,,1.0,True,GOOD,coverage and completeness requirements passed,30,False,4,1.1636014660681573,-0.5175588163211239
2001-05-01,1.3219267416475788,6.885279775320205,-9.743259925493275,0.06431550331299432,197.51391930940213,26.610182948216515,47.07413855192948,62.191696436640726,195.11264512050144,44.99679450040295,30,73.59345360179965,3.1244992376556433,794.8034994785362,100.62938227064588,31,31,,1.0,True,GOOD,coverage and completeness requirements passed,31,False,5,1.259929203461538,-0.20230476940692327
2001-06-01,5.302331306075147,12.002253496571402,-2.9621977020199015,-0.2505730428938887,279.38751510137683,27.527877335951487,49.47056269899364,95.06897902914575,279.38751510137683,159.06993918225442,5,29.782128589126867,2.9475701932454466,660.1785448782548,192.63673901432085,30,30,,1.0,True,GOOD,coverage and completeness requirements passed,30,False,6,0.025499603609868488,-0.38612087755075625
2001-07-01,7.282322295565631,11.847078790201618,2.9497623387228904,0.09487088474861408,400.41716370687567,26.4794649234565,59.03172779566897,130.3084857833888,391.7652552011088,225.75199116253458,0,13.367207024841557,2.901235975284684,570.0136831857847,306.3364628490053,31,31,,1.0,True,GOOD,coverage and completeness requirements passed,31,False,7,-1.0345297281501211,0.21894724711806746
2001-08-01,6.5909828825238845,13.537692769726451,2.5604108731231814,-0.36673684186712247,356.52304742828704,28.67985675860575,57.7688855972566,108.1859844108649,422.036600567869,204.32046935824042,0,29.76675089750174,2.904487997761413,539.1018791463758,314.30630000500844,31,31,,1.0,True,GOOD,coverage and completeness requirements passed,31,False,8,-0.8620118080164223,-0.9341939780109907
2001-09-01,4.393133755387955,10.03919895502317,-1.344965628315891,-0.637003823671119,162.4270184628234,18.558789068212985,42.477021957265904,73.6408117850211,333.37521514176495,131.79401266163865,9,40.480890986362155,2.9078529128234893,555.3130295712526,158.00507749934837,30,30,,1.0,True,GOOD,coverage and completeness requirements passed,30,False,9,-0.9877503158872296,-1.0069144828985495
2001-10-01,0.1919118621304047,7.081951869935094,-7.803823358588093,0.18233506672721422,86.833672001854,13.130748714456459,34.22544113687421,51.86409935353299,173.56740241587272,29.36809291190872,27,39.72156902671615,2.9167213425797183,565.2085096565754,75.34758938524944,31,31,,1.0,True,GOOD,coverage and completeness requirements passed,31,False,10,0.17910610213480124,-0.27975586482837594
2001-11-01,-2.668602730090847,6.180127826129632,-12.195723492959928,1.3273215057955805,23.18923888047577,3.3928086079635347,5.594895255633992,11.523244082980245,61.85197324207202,0.7087332543649202,25,6.953365078365023,2.9059626508368703,506.69614637156934,36.82160710445346,30,30,,1.0,True,GOOD,coverage and completeness requirements passed,30,False,11,-0.3564972079819717,0.17244321452297434
2001-12-01,-6.53143107861006,2.149798572172527,-14.362377968344507,0.20727925231229247,17.261702772438166,4.001427767955058,8.498965706932488,10.637806443025482,25.473974376434168,0.0,4,12.539470492272962,2.9119731572303387,466.99283491344124,24.270943883101257,31,31,,1.0,True,GOOD,coverage and completeness requirements passed,31,False,12,-0.6315908907565778,-0.3105347193529913
2002-01-01,-10.411377118938583,-0.6760111240330361,-20.677934934118092,-0.6515661881633659,118.87133558835947,25.350825748544366,53.15204786140699,63.556798557641855,118.36002373709854,0.0,0,109.11970161410137,3.1393252938200362,481.89440800281494,14.633181930259449,31,31,,1.0,True,GOOD,coverage and completeness requirements passed,31,False,1,1.8190151662421303,-0.20695424178800786
2002-02-01,-9.867205961525313,-2.1650755439988942,-20.169098377160644,-0.5735547446513832,50.14082013692208,23.349410586962637,31.1124496983414,44.711755598512944,151.79363561690087,0.0,0,43.70260883953729,3.585669898238987,554.9211125721323,9.682097568594177,28,28,,1.0,True,GOOD,coverage and completeness requirements passed,28,False,2,-0.48597198837904365,
2002-03-01,-7.073350755109674,0.3107830436862472,-17.11555306356107,-0.5880346318688412,50.16630188581044,15.625239904455194,18.78484398813019,25.942343312201885,72.58961722054927,0.0,1,33.43465003164657,3.564211518558124,755.3930221292388,21.64931140740433,31,31,,1.0,True,GOOD,coverage and completeness requirements passed,31,False,3,-0.5061617775730298,-0.26352548186924535
2002-04-01,-2.6373964324307857,4.4811097598092875,-10.22974755369717,0.30383625633006794,103.85981615249177,19.266118575802402,29.4033192215558,51.8605568285093,103.85981615249175,1.114043077258213,22,61.624374429391864,3.384478729221798,783.0273087100633,61.469804461492274,30,30,,1.0,True,GOOD,coverage and completeness requirements passed,30,False,4,1.4436966136697302,-0.2694826826475063
2002-05-01,0.808660879316504,7.485670795480964,-10.747522067151193,-0.44895035901808045,216.43989889661214,41.160142273615804,80.12082097395097,105.27010384039156,227.71524850825756,42.491911856222075,28,75.98458577791605,3.2279036440228728,801.6434234095708,148.1419915830183,31,31,,1.0,True,GOOD,coverage and completeness requirements passed,31,False,5,1.6344738314345628,-0.31138660091604625
2002-06-01,4.857717746934788,12.752572062718563,-2.0017361452342697,-0.6951866020342478,188.66056269710856,15.660064748104608,36.15939691858715,73.97022880255544,224.56877013197015,145.73153240804365,10,17.758222215564466,2.9959607946312503,692.2976174109782,184.01032006977564,30,30,,1.0,True,GOOD,coverage and completeness requirements passed,30,False,6,-1.2469568741655903,-1.0712487574038965
2002-07-01,7.017398715985712,12.37939559002314,3.2132387809565737,-0.17005269483130564,517.1954813842431,46.714482097281845,105.55852489416273,155.0168297527571,512.0066195445879,217.53936019555707,0,35.1819415156645,2.9051779458589784,493.59247766009855,415.1407589560491,31,31,,1.0,True,GOOD,coverage and completeness requirements passed,31,False,7,0.48060787526937737,-0.39245517206866426
2002-08-01,6.524198445137745,11.37561232844012,2.550276261396115,-0.43352127925326284,388.99159229618976,28.545256020717805,64.37571183379629,126.33593918497486,522.2634287896467,202.25015179927007,0,32.49022622843765,2.9041324228186567,541.0364271731175,343.690306472577,31,31,,1.0,True,GOOD,coverage and completeness requirements passed,31,False,8,-0.3630806776017899,-1.1043149260819498
2002-09-01,3.616887777872726,8.570179214853395,-6.535278378298025,-1.4132498011863472,198.7318525635045,20.66987193019254,42.27091868337046,69.87925531046712,359.95763759688646,108.50663333618178,10,73.96884503027846,2.921582155334296,575.2577971474313,160.68256416742773,30,30,,1.0,True,GOOD,coverage and completeness requirements passed,30,False,9,-0.47303112540432896,-2.2273104296916224
2002-10-01,-1.2664382571496515,6.697776645174526,-10.401322403329912,-1.276015052552842,47.570452946446515,9.266980333197377,11.124556972522804,44.55299674297106,189.73557214759524,7.563069941364066,30,22.498707429235203,2.9116236653431535,604.53535594799,72.61341886514933,31,31,,1.0,True,GOOD,coverage and completeness requirements passed,31,False,10,-0.5417953305214223,-1.40576799277859
2002-11-01,-4.759959315530312,2.951233539406828,-16.505880989649167,-0.7640350796438853,35.85169291394401,11.543277409257925,19.509545920850954,21.58577971384361,46.97121477781114,0.0,15,22.687761272965055,2.934670372167366,508.3267305165377,40.61414064927306,30,30,,1.0,True,GOOD,coverage and completeness requirements passed,30,False,11,0.37404042746728555,-0.48825265776295623
2002-12-01,-6.883950387026756,2.08895260450458,-15.324694718985699,-0.14524005610440388,51.78911958294099,33.09896801398728,35.48156920195412,39.04725113006931,50.78342097354988,0.0,6,44.53006227756998,2.91694188348005,444.47631467698807,24.226741727643414,31,31,,1.0,True,GOOD,coverage and completeness requirements passed,31,False,12,0.5997706422479486,-0.3105347193529913
2003-01-01,-9.388819180854197,1.289422757754795,-22.32176924080682,0.3709917499210194,56.527640455895295,27.406736140267597,43.50783012818964,53.07418050326922,58.04628226722049,0.0,3,53.26222964837089,3.115649165863118,527.8082925151302,16.15566356575548,31,31,,1.0,True,GOOD,coverage and completeness requirements passed,31,False,1,0.14354464212792492,-0.20695424178800786
2003-02-01,-11.570221649710769,-4.083888155502952,-22.52395364545247,-2.276570432836838,116.70318683944546,54.52153055037731,81.07788621494844,90.31122481732075,167.73523988960588,0.0,0,100.94392951250202,3.6063179544579436,538.8172055826883,9.479108762669782,28,28,,1.0,True,GOOD,coverage and completeness requirements passed,28,False,2,1.4134864784315515,
2003-03-01,-7.134117603884346,-0.05905119045612335,-16.80753222686314,-0.648801480643514,56.31475477800935,7.056497491077262,13.526989694994128,22.356656719521297,144.98030180577922,0.0,0,35.370854787360734,3.708492820141474,741.3589623691032,17.14689239995904,31,31,,1.0,True,GOOD,coverage and completeness requirements passed,31,False,3,-0.29084379409184385,-0.26352548186924535
2003-04-01,-2.70684635698658,4.432504927482869,-13.204496196019301,0.2343863317742739,48.27995657634358,7.636197718059913,12.627184072454593,19.470834171182283,60.96179206587967,1.724142839045722,24,25.712329072433405,3.4218716669049085,821.8543504468685,75.36532022557068,30,30,,1.0,True,GOOD,coverage and completeness requirements passed,30,False,4,-0.7976733798714967,-0.13362510842162192
2003-05-01,-0.40382803062163053,7.12893801963642,-11.06776369055921,-1.661439268956215,70.52266574345212,5.009870532094651,13.056422551327188,29.21088141864492,77.24167505137181,17.758408531459576,31,23.353857455550997,3.0985481577594367,871.949587474314,92.24511309671705,31,31,,1.0,True,GOOD,coverage and completeness requirements passed,31,False,5,-1.2532242955959167,-1.3884733253459427
2003-06-01,5.004614523862973,10.743309075760244,-2.836330796630321,-0.5482898251060632,333.9110548850197,39.471597941498466,76.95636733116024,117.03036993239117,333.9110548850197,150.1384357158892,9,72.52545091654531,2.951794004071187,621.9645809838142,184.44844440181518,30,30,,1.0,True,GOOD,coverage and completeness requirements passed,30,False,6,0.7901988418230148,-0.8448879655093446
2003-07-01,6.557410253074916,11.093310572646375,3.3109593734365608,-0.6300411577421017,438.0374169682026,35.95128149667463,78.67740780062854,134.27286875670612,460.3194373842425,203.27971784532238,0,50.19799457963905,2.917785047356331,539.2828008501056,390.86560296769045,31,31,,1.0,True,GOOD,coverage and completeness requirements passed,31,False,7,-0.5464266153455728,-1.4540370043374136
2003-08-01,6.825410370383186,11.781276626103724,2.1774785363280103,-0.13230935400782068,401.49173680150943,60.892028248620505,112.90408031941381,151.93163305825496,437.50142787681347,211.58772148187876,0,44.94930137824438,2.91201499318986,530.7347705355384,347.5383332944269,31,31,,1.0,True,GOOD,coverage and completeness requirements passed,31,False,8,-0.17099596133996586,-0.3370335009685631
2003-09-01,5.147003384681967,10.38100798551171,-1.0019234170718843,0.11686580562289352,256.8260211703336,21.688254304410197,46.13055561194858,88.22981191897183,400.48586358138107,154.410101540459,5,44.93993018700739,2.910787047313762,498.94640089072675,216.4387380852404,30,30,,1.0,True,GOOD,coverage and completeness requirements passed,30,False,9,0.3506107993641205,0.1783018874919295
2003-10-01,0.4266832395084476,7.699804066839918,-10.853409000318855,0.4171064441052572,33.15434539488961,10.026234352487212,17.56127712074766,22.90536201838259,241.82056958844234,30.601478534155778,31,16.795379317442265,2.9098560594515983,621.3660687700026,76.8936998712228,31,31,,1.0,True,GOOD,coverage and completeness requirements passed,31,False,10,-0.8064856141320899,-0.2160637893389037
2003-11-01,-3.114723517059726,4.366140845860524,-12.788413978914885,0.8812007188267013,23.33591468509344,4.331687188161747,9.344801535145962,13.456547933454164,40.16307963220386,0.0,20,8.81447978999353,2.905587694819981,489.5568348923294,37.224463814375355,30,30,,1.0,True,GOOD,coverage and completeness requirements passed,30,False,11,-0.34803500980144575,-0.48825265776295623
2003-12-01,-7.295857767119787,1.9333441608813071,-23.86829013166754,-0.5571474361974346,39.126510855208316,18.398209996251424,25.108792957258323,25.559825864230994,39.71591486486315,0.0,6,33.13821257615722,2.934032985315494,454.47776397185083,22.778964772516368,31,31,,1.0,True,GOOD,coverage and completeness requirements passed,31,False,12,0.14818026175720694,-0.3105347193529913
2004-01-01,-11.896806222615812,-3.20825662847808,-24.52542340723582,-2.136995291840595,47.86757529126238,10.29745556052205,21.591171755258777,29.54564021213391,64.24493198994857,0.0,0,43.853627235997656,3.102243411035203,506.487877270936,13.55169132288957,31,31,,1.0,True,GOOD,coverage and completeness requirements passed,31,False,1,-0.08919234738515033,-0.20695424178800786
2004-02-01,-9.482052528322512,0.629959923612012,-19.296797083533182,-0.21543294944718117,28.025667321631513,4.2131213801902385,9.631412828960098,17.479245930614212,60.01454288693593,0.0,1,18.222218814563533,3.2905395170118896,585.4022703983111,10.951668703056908,29,29,,1.0,True,GOOD,coverage and completeness requirements passed,29,False,2,-1.1170615415427436,
2004-03-01,-3.1543128484707084,6.054891647779151,-13.696422261742093,3.331003274770124,38.60420440525698,6.62648247755725,11.750402905398964,17.952065783369033,38.46583841406124,1.7870575684045362,22,10.958416009928708,3.041875537023286,742.294754152095,57.40858781178345,31,31,,1.0,True,GOOD,coverage and completeness requirements passed,31,False,3,-0.9110648577420845,2.105171463139979
2004-04-01,-1.472570072636085,4.907760680250368,-11.428595008286328,1.4686626161247684,147.34452990646088,15.778791898574182,29.961314785399694,48.809881579418395,147.34452990646085,1.1493776960774236,30,77.60810955866049,2.982538611596758,741.953924190007,38.429126384642494,30,30,,1.0,True,GOOD,coverage and completeness requirements passed,30,False,4,3.197305444802916,-0.2616143373380286
2004-05-01,1.6974261506639048,9.461760686435495,-9.393504067192083,0.43981491232932024,254.9997532264801,85.38287018351957,130.18973694767092,188.03659018310083,253.52472112051063,65.82849173370282,25,111.9812920271438,3.0257978590371164,782.5770924975369,114.47108968997992,31,31,,1.0,True,GOOD,coverage and completeness requirements passed,31,False,5,2.397572313503858,0.7048673461933138
2004-06-01,4.801485847850788,11.569476634058484,-2.020167468485048,-0.7514185011182478,227.07441294579652,17.791867153425812,42.52609409970476,85.61063448087802,320.48340746936594,144.04457543552365,7,40.32914667999153,2.936835869826334,656.4783104503871,165.5887818353265,30,30,,1.0,True,GOOD,coverage and completeness requirements passed,30,False,6,-0.7081979795932665,-1.1578993801919755
2004-07-01,6.214142041693024,12.129683681544439,0.7947701418592988,-0.9733093691239939,491.1020748852418,38.831232407307844,94.89854152465,153.7570934222269,480.6374699418209,192.63840329248373,0,50.80235203338772,2.9090834361120788,503.49991540886697,395.35202164095443,31,31,,1.0,True,GOOD,coverage and completeness requirements passed,31,False,7,0.142059571318174,-2.2462466491020763
2004-08-01,6.673410007652075,11.051449121076592,3.1249302734547033,-0.28430971673893235,325.29734060753094,26.681381996713167,57.882840527988016,109.71487273604492,488.2632959386296,206.87571023721432,0,21.801022924142018,2.9029665230779202,568.2816020724841,298.581758837814,31,31,,1.0,True,GOOD,coverage and completeness requirements passed,31,False,8,-1.3418447437226686,-0.7242261887714956
2004-09-01,4.958280402164241,11.144467660258327,-0.08210470265353328,-0.07185717689483183,236.26841320165582,35.93786636512939,56.77286870661821,110.34771659141272,310.20031054983525,148.74841206492724,2,37.93058122516748,2.908723184238225,549.8407114998241,191.2456530917706,30,30,,1.0,True,GOOD,coverage and completeness requirements passed,30,False,9,0.05915111929622157,-0.11840401450653079
2004-10-01,-1.7655318679273022,6.789630131248374,-13.640103231023323,-1.7751086633304927,80.20804844978744,12.423463374818855,30.322441466543296,55.29227031252483,246.02349382156567,25.45839062600605,19,34.10182961241134,2.9170450968283155,582.2550432724428,88.2716910005203,31,31,,1.0,True,GOOD,coverage and completeness requirements passed,31,False,10,0.057454805429220254,-0.48165302387049364
2004-11-01,-6.001812605052844,2.289204630090037,-20.468924562264945,-2.005888369166417,48.231120612943215,15.72618756923269,17.02748430920363,26.6032192503422,56.019989290000986,0.0,9,28.082795434596672,2.941238944757366,491.5199091203378,44.093975022613456,30,30,,1.0,True,GOOD,coverage and completeness requirements passed,30,False,11,1.0882493648137594,-0.48825265776295623
2004-12-01,-5.929396872918662,4.318978790562416,-15.984112254605146,0.8093134580036897,12.903751202215133,2.1173087424644783,2.881094422102164,4.804496677547118,48.08873046871989,0.0,17,8.158694938307578,2.927674942009096,470.0519909641098,29.905173127958257,31,31,,1.0,True,GOOD,coverage and completeness requirements passed,31,False,12,-0.7870098135135499,-0.3105347193529913
2005-01-01,-10.986058379614159,-1.2449425371828868,-22.7417892885577,-1.22624744883894,104.74432751012696,18.704576397059036,25.861211183311184,46.94550044645767,101.19696069002076,0.0,0,99.51743637693339,3.1195285711647616,456.989806244898,16.85740259973454,31,31,,1.0,True,GOOD,coverage and completeness requirements passed,31,False,1,1.4393555137510399,-0.20695424178800786
2005-02-01,-10.607421063394085,-2.537469351417471,-20.667361726163534,-1.3137698465201555,48.36660994605889,9.295075627334336,29.987457607997584,41.37242681298152,109.6408071713787,0.0,0,45.29041886319165,3.539634583658789,539.6115985770584,10.178260623171328,28,28,,1.0,True,GOOD,coverage and completeness requirements passed,28,False,2,-0.5366017771904589,
2005-03-01,-6.71173541648285,0.07704619072762706,-18.21894779943562,-0.22641929324201868,45.73763773723017,7.078531540635718,12.890317211735397,17.049094189232093,69.40592452939298,0.0,1,31.850207636341253,3.472433218330653,740.9180487375309,24.57774629230486,31,31,,1.0,True,GOOD,coverage and completeness requirements passed,31,False,3,-0.6612529933157099,-0.26352548186924535
2005-04-01,-3.6944305818124854,3.0810555315118595,-14.73765538086107,-0.7531978930516317,54.10055313534922,6.774253089355802,13.19113435431905,20.73268769351499,54.10055313534919,0.0,21,29.955153406599642,3.264966149135885,816.5374786544687,55.773134223388,30,30,,1.0,True,GOOD,coverage and completeness requirements passed,30,False,4,-0.5629460780871064,-0.5175588163211239
2005-05-01,-0.30407125306132865,7.4954120772896875,-9.316600828016394,-1.561682491395913,80.78133208539036,9.55882701527309,16.891826123972457,35.47588937571583,96.76933467029765,20.66453389644984,31,30.577844642574608,3.0829685707643915,862.4702665292048,75.16130332079344,31,31,,1.0,True,GOOD,coverage and completeness requirements passed,31,False,5,-1.0502055640774037,-1.2619183036387598
2005-06-01,4.9069775598287455,11.536430810959239,-5.242054524109594,-0.6459267891402907,174.9039443466318,15.034742208610512,33.585613686942864,74.03443326421696,174.90394434663176,147.20932679486236,10,22.523312376553875,2.929182133296925,719.1773039521464,79.90452800834791,30,30,,1.0,True,GOOD,coverage and completeness requirements passed,30,False,6,-1.4398951099210482,-0.9953417804883656
2005-07-01,6.922246604482372,11.931429123794613,3.108037398014185,-0.26520480633464544,411.3952074427716,35.50057639167484,72.21644992327526,139.88677502756553,400.40744316384,214.58964473895352,0,20.33955825068041,2.9029195947358364,551.4949973173822,279.456195567671,31,31,,1.0,True,GOOD,coverage and completeness requirements passed,31,False,7,-0.89209535157181,-0.6120514467985912
2005-08-01,6.695176822415603,11.779013987144586,0.014886206157795684,-0.2625429019754033,411.0817389482021,31.47828856675978,66.17464580472713,130.79333122305928,438.33514637900095,207.5504814948837,0,35.51067828078198,2.905381846685725,525.5430239218861,353.5546781121636,31,31,,1.0,True,GOOD,coverage and completeness requirements passed,31,False,8,-0.02363023764662734,-0.66877927166046
2005-09-01,5.217787629193968,10.581506669798193,0.1752497007946052,0.18765005013489489,182.36066838381998,13.22160923380318,35.9204254210792,65.8735622638059,405.235513645106,156.53362887581906,0,31.274639321052007,2.9059381900041354,554.2187470330754,163.07880389677817,30,30,,1.0,True,GOOD,coverage and completeness requirements passed,30,False,9,-0.705136928307739,0.28958723724121305
2005-10-01,-0.5145503037121019,7.20558200436191,-11.443202549869266,-0.5241270991152924,61.09715431085596,8.910161340691234,16.57074639574528,25.204558985693627,172.30874351481077,19.46824560923802,28,28.086628384080722,2.9131859405134937,582.0858930052037,67.66030262634001,31,31,,1.0,True,GOOD,coverage and completeness requirements passed,31,False,10,-0.293435195328364,-0.7909843163058559
2005-11-01,-4.1858687257568885,3.8113196945459116,-12.128753988546501,-0.18994448987046123,17.25236540898912,2.9267772329600237,7.034614299160066,13.177155421253584,59.899367147602966,0.0,15,7.289926067288286,2.906386211627027,507.05111560309643,33.51129216576529,30,30,,1.0,True,GOOD,coverage and completeness requirements passed,30,False,11,-0.6990145033149168,-0.48825265776295623
2005-12-01,-6.139954388465537,1.8423430999176231,-16.673026645561052,0.5987559424568151,10.32680593314309,2.7436513723405502,6.038819178449046,7.358294729506115,18.647744507699684,0.0,6,8.456507233678666,2.9084842202684222,488.56035936242085,21.26036054814558,31,31,,1.0,True,GOOD,coverage and completeness requirements passed,31,False,12,-0.878912178941249,-0.3105347193529913
2006-01-01,-5.603499178436698,3.7541391596837976,-14.946313495890994,4.15631175233852,6.60835590282907,1.4938249165856068,2.0591349812896125,3.890581532922181,12.293381505533866,0.0,9,5.298405879142417,2.9037630283338136,534.6965102906404,13.133882878533054,31,31,,1.0,True,GOOD,coverage and completeness requirements passed,31,False,1,-1.1980230926016633,-0.20695424178800786
2006-02-01,-4.4730415907794665,3.1157742429836865,-15.786178722019157,4.8206096260944635,42.50926428392121,13.235087790261014,25.788645598185347,29.192589677153855,42.51139813004498,0.0,17,28.62257535394378,2.93934210159876,544.0039423891626,14.74906867769803,28,28,,1.0,True,GOOD,coverage and completeness requirements passed,28,False,2,-0.7037500527424149,
2006-03-01,-6.938579563145089,1.3440896514098188,-20.392789475872494,-0.4532634399042571,97.83713147017617,36.95348078184443,62.97898265165058,77.70213481894757,112.32630319890691,0.0,3,79.55356951564403,3.133992900976697,735.2774401886161,15.751565267173948,31,31,,1.0,True,GOOD,coverage and completeness requirements passed,31,False,3,1.1632641864778994,-0.26352548186924535
2006-04-01,-3.9876652905729943,5.037817771530443,-14.966358712590281,-1.046432601812141,108.22592979822679,28.41469735100737,36.22867330349941,44.71306800450921,135.66161761960146,0.6105155042827026,18,66.19960481247207,3.2273081984174325,788.1242532899366,33.03791158934197,30,30,,1.0,True,GOOD,coverage and completeness requirements passed,30,False,4,1.6197689569352571,-0.3816086641753037
2006-05-01,1.8650927909896384,9.265883015277627,-7.603105317128512,0.6074815526550543,136.54444019183188,14.701808474315175,25.43285911257106,43.55117045027407,134.5645727961259,62.58040639961048,24,32.15582555593801,3.0296151650749983,777.6812729753696,85.80037906902261,31,31,,1.0,True,GOOD,coverage and completeness requirements passed,31,False,5,0.05334484841807955,0.5634207606761004
2006-06-01,5.390657848200388,10.78379791281244,-2.523257942387601,-0.16224650076864827,197.73566106879724,15.526641566597348,34.644768977896376,73.25148225049334,197.7356610687972,161.71973544601164,6,18.89213114350321,2.904564774426967,628.7683097149895,93.08897148107324,30,30,,1.0,True,GOOD,coverage and completeness requirements passed,30,False,6,-1.1196775221815207,-0.2500139701095428
2006-07-01,7.633434840876638,14.422678068672433,4.271326327877618,0.44598343005962005,435.7896242359124,38.50510367109911,67.79651515667712,126.97429705913521,431.0030797527015,236.63648006717577,0,15.333046883024815,2.9018015585879273,540.455710914145,311.503152746411,31,31,,1.0,True,GOOD,coverage and completeness requirements passed,31,False,7,-0.5755905505787823,1.029260394593866
2006-08-01,6.527139088551745,10.875226676237597,3.0814488667992346,-0.4305806358392615,334.5362991433585,28.41772972729111,62.982136380062684,106.80168649894856,433.779644863587,202.3413117451041,0,23.05602843635293,2.9028061227260906,553.3671720274455,277.89432208861876,31,31,,1.0,True,GOOD,coverage and completeness requirements passed,31,False,8,-1.1998733666594708,-1.0968241832516112
2006-09-01,4.310315832889301,10.191272229296006,-6.791889804354169,-0.7198217461697726,262.15139678851824,32.163029681476914,79.3917920451042,129.17605622514694,361.8246102745741,129.30947498667902,11,63.99654904885099,2.918001385601609,546.7465962250176,231.11503389333018,30,30,,1.0,True,GOOD,coverage and completeness requirements passed,30,False,9,0.4261123983965741,-1.1371189024598702
2006-10-01,-1.2369077831716468,7.686029337293095,-13.819905445761929,-1.2464845785748373,58.98514042391961,6.401141183968583,13.8352664326889,29.474034659446794,258.67756034801414,26.31189418893869,26,26.542836559030643,2.913853872577648,598.403511971444,86.33129902178767,31,31,,1.0,True,GOOD,coverage and completeness requirements passed,31,False,10,-0.33221331575536356,-0.4375780708466369
2006-11-01,-4.515496531993639,2.3381893858617895,-13.241902709359582,-0.5195722961072118,28.988510891530876,3.6672732341102825,7.251282213478968,14.786200839211602,55.44929180454001,0.0,14,17.09935887809122,2.913601917705615,492.07820302322307,40.49199142668299,30,30,,1.0,True,GOOD,coverage and completeness requirements passed,30,False,11,-0.021918582773501134,-0.48825265776295623
2006-12-01,-6.531584295413512,3.5453797524953767,-16.9482089306417,0.20712603550884065,27.03580642287819,19.236872060503615,21.38807545508177,22.948171880046218,44.58740200073535,0.0,5,22.18521372490497,2.961419328712654,471.23373497818443,25.735554006802708,31,31,,1.0,True,GOOD,coverage and completeness requirements passed,31,False,12,-0.28301412578150664,-0.3105347193529913
2007-01-01,-7.711601358911478,3.303462212795466,-18.264267412329268,2.0482095718637394,19.89200092497058,2.952735030424422,8.220971491144834,11.560653917104094,27.99776550492283,0.0,4,16.049239456779432,2.929768473316529,510.62079474595356,19.8809161656428,31,31,,1.0,True,GOOD,coverage and completeness requirements passed,31,False,1,-0.8410286019782649,-0.20695424178800786
2007-02-01,-10.279084166794616,-0.6612619473848379,-23.444971334523146,-0.9854329499206873,156.1383137495101,28.148858876035664,57.64476304076219,74.8883534630094,159.48744511813575,0.0,0,139.97406753554762,3.452252301169178,504.1455298578466,10.400818318736796,28,28,,1.0,True,GOOD,coverage and completeness requirements passed,28,False,2,2.538827859903688,
2007-03-01,-6.9733192024110355,2.332013957421623,-18.982270596079363,-0.48800307917020325,79.34589148823775,29.104444410745394,36.049319866610965,51.44013651214786,186.3220803932371,0.0,7,65.34890881113651,3.7791679849776396,735.2206577588187,17.609317891200106,31,31,,1.0,True,GOOD,coverage and completeness requirements passed,31,False,3,0.5157034789657153,-0.26352548186924535
2007-04-01,-1.3926656751358797,4.9512764433418734,-10.797957315250295,1.548567013624974,68.11399186939735,9.068866041595994,19.53939918578663,31.75116045610077,68.11399186939732,1.6426859927016118,29,25.283372860708596,3.2522909163384734,793.806581731879,106.19553037506859,30,30,,1.0,True,GOOD,coverage and completeness requirements passed,30,False,4,0.002174116968279623,-0.15176399363603013
2007-05-01,1.6627948987900314,7.01194474973956,-8.389607878758126,0.405183660455447,119.81670368148498,16.950630101378536,32.429819659946745,57.06246199212536,142.67514462597438,52.89856277571473,27,46.39190120555665,3.0242558656451055,812.173853646024,99.88101447010276,31,31,,1.0,True,GOOD,coverage and completeness requirements passed,31,False,5,-0.27769660807449115,0.14179891849800733
2007-06-01,5.891018274408539,12.14992388001135,-2.5719885657657233,0.3381139254395035,277.74614406185134,22.956459253540512,46.020210692911164,84.76975819473914,277.7461440618513,176.73054823225618,6,28.421085631969024,2.91351489882052,666.1383106136524,158.08209737554392,30,30,,1.0,True,GOOD,coverage and completeness requirements passed,30,False,6,0.002479176313128411,0.521017121774417
2007-07-01,6.817447566755902,12.202252603164474,3.6453987416879023,-0.3700038440611151,552.894599892833,46.19684720573852,107.24346580958479,217.54149635672763,540.2237741824956,211.34087456943297,0,67.66736080488589,2.9176199924578423,463.8472606263195,433.71748101598024,31,31,,1.0,True,GOOD,coverage and completeness requirements passed,31,False,7,0.9437852693018011,-0.8539113269044148
2007-08-01,6.873246970040364,12.10711501978555,1.6594309646424126,-0.08447275435064276,376.7159896612413,25.4650099405702,71.4930651765325,169.50237384008423,557.1997787051869,213.07065607125128,0,28.755981483635015,2.9056986883921656,528.4484939992963,356.31720563901473,31,31,,1.0,True,GOOD,coverage and completeness requirements passed,31,False,8,-0.551714948835495,-0.2151786496786288
2007-09-01,4.810509277950474,11.200844016132203,-1.0561240693534395,-0.21962830110860002,351.9071011497343,68.36989566222623,109.83098760436238,159.2964967050245,459.22564062365143,144.31527833851422,4,129.80851581101263,2.9575136716077415,491.2213654354768,276.38420309507035,30,30,,1.0,True,GOOD,coverage and completeness requirements passed,30,False,9,1.6986422042595615,-0.35072635338782865
2007-10-01,0.9248321463954376,7.484717990947748,-10.033602671183617,0.9152553509922472,36.304066450132154,3.875651707608702,20.54348112629623,112.22959198939886,341.81685272040517,45.31124652036662,29,13.908546876731178,2.9230588764146423,580.1325051346886,102.1390574748964,31,31,,1.0,True,GOOD,coverage and completeness requirements passed,31,False,10,-0.7486544307543963,0.5435491298578277
2007-11-01,-3.5378902326132176,4.409062906757891,-12.650545928547011,0.45803400327320987,34.26612482436934,6.413678308204193,15.456403753385043,24.461516739164914,61.610721817987745,1.6396182830475177,21,11.289690170282425,2.9089504069239496,502.4473589317382,47.16823353870581,30,30,,1.0,True,GOOD,coverage and completeness requirements passed,30,False,11,0.2825639127300858,1.0402335887371468
2007-12-01,-6.429120008880477,2.87525660859123,-15.71237996991965,0.30959032204187614,18.75017378161623,4.595072602327602,8.154608629550124,13.902077297528391,31.57911454742838,0.0,9,16.197290316087777,2.9266935762460227,470.4811814750176,28.506504171210054,31,31,,1.0,True,GOOD,coverage and completeness requirements passed,31,False,12,-0.5785071065350844,-0.3105347193529913
2008-01-01,-9.55234027835788,2.5395846233327877,-22.895514168360105,0.20747065241733686,57.87835680140518,13.479860762402,16.409338960652683,29.43401832293145,57.870795319540086,0.0,4,55.357545788578804,2.9874899996986506,494.2649680267417,15.197678650667095,31,31,,1.0,True,GOOD,coverage and completeness requirements passed,31,False,1,0.1798447911411107,-0.20695424178800786
2008-02-01,-10.645767190968643,-2.2971251367599614,-22.95403321901731,-1.379147612093312,49.15360188517168,16.48850807898952,23.39694248908235,30.56490065434076,77.46433894877269,0.0,0,42.58827808235079,3.3006658209949964,573.968107947924,9.927453555790661,29,29,,1.0,True,GOOD,coverage and completeness requirements passed,29,False,2,-0.5141437641101815,
2008-03-01,-6.869452528822083,0.11000007452218752,-17.955129516300875,-0.38413640558125123,45.38412252277947,12.320783574905718,16.37499742749077,21.73404768635139,67.81570463587255,0.0,2,29.87193281222908,3.357521775020449,747.6295571127071,25.743739353066847,31,31,,1.0,True,GOOD,coverage and completeness requirements passed,31,False,3,-0.6736330480123998,-0.26352548186924535
2008-04-01,-3.3866714496628725,5.290363143716899,-15.653007044513638,-0.44543876090201906,62.36532360626616,13.318508774314777,23.744997131391454,33.93901773692926,67.5897743397988,0.6619505486521188,22,38.89234552001299,3.2137065035863035,824.7606075869106,48.70699120608121,30,30,,1.0,True,GOOD,coverage and completeness requirements passed,30,False,4,-0.22965253113887937,-0.3701550613452416
2008-05-01,0.9109421555800762,6.134889333941102,-6.332616478787748,-0.34666908275450825,127.98278712438889,9.277159692927166,20.5632370647812,41.49441523748168,127.6932577012298,30.634636889124202,31,55.80707554384951,2.9989654630384033,807.5110993997185,78.61888579064738,31,31,,1.0,True,GOOD,coverage and completeness requirements passed,31,False,5,-0.11609003595359182,-0.8277434342882831
2008-06-01,6.076617769203624,11.493649467022657,-1.1528171525883835,0.5237134202345878,404.2761662686428,36.583783393127916,78.01440820710792,140.18012423999932,404.2761662686427,182.29853307610873,2,29.545319928570713,2.908204265143782,555.2641674130894,222.20968184003019,30,30,,1.0,True,GOOD,coverage and completeness requirements passed,30,False,6,1.7770780372193165,0.8070169203784621
2008-07-01,6.960403435042271,11.37035704471126,4.136304465823428,-0.22704797577474634,510.8612730746622,32.773533087384855,95.30786955338932,147.18944680183813,511.0715884138536,215.7725064863104,0,41.27212057780163,2.907938346046758,512.885824419423,439.600552742243,31,31,,1.0,True,GOOD,coverage and completeness requirements passed,31,False,7,0.3984248348846621,-0.5239914162425618
2008-08-01,6.574329262365494,11.495548144668723,1.5791338529325278,-0.38339046202551263,383.5984468232829,28.968758482609225,63.121229569102084,137.13569840008776,513.2441391480307,203.80420713333032,0,29.898907153629278,2.9037824898626026,498.72381243560875,360.81845098339613,31,31,,1.0,True,GOOD,coverage and completeness requirements passed,31,False,8,-0.44595498497329167,-0.9766159817149094
2008-09-01,4.322855482385575,8.95835230677672,-3.8957369831898396,-0.7072820966734987,140.28049456627937,19.703216516236765,23.329922705715674,70.84708273268892,350.8057609426012,129.68566447156724,6,39.3792879698899,2.9075023918679808,574.971541192745,123.16841271920242,30,30,,1.0,True,GOOD,coverage and completeness requirements passed,30,False,9,-1.3017371756102853,-1.1174043559594884
2008-10-01,-0.5049751656473399,6.918482427845388,-9.856551795438655,-0.5145519610505302,49.92512558593349,5.159974032357805,21.85359830416482,35.721568857866565,139.9643067348889,17.988794042402766,29,17.51474593225329,2.9083905931248073,602.1362600759047,60.559327195724244,31,31,,1.0,True,GOOD,coverage and completeness requirements passed,31,False,10,-0.49856181783243175,-0.8673832455443987
2008-11-01,-1.6072071480204595,6.4716808268086226,-11.014341295579195,2.388717087865968,15.317363531963744,5.135774724528821,7.161661005100963,13.937551109182792,47.867352036761964,3.7158791085015657,27,7.015342461725173,2.903403577357892,502.5985910513723,31.718633990317983,30,30,,1.0,True,GOOD,coverage and completeness requirements passed,30,False,11,-0.8106509753680998,2.9757670898364945
2008-12-01,-3.646933048923698,6.131927099368865,-16.160806959502533,3.091777281998654,18.886193016253625,6.09694877648843,9.107441935722186,14.954107805455903,18.802389190773788,2.7976465435955142,19,13.870351925560449,2.909645856651328,446.70624605207604,20.86482122592906,31,31,,1.0,True,GOOD,coverage and completeness requirements passed,31,False,12,-0.573656212122669,2.537067928369147
2009-01-01,-6.8358203458965106,4.788854724902849,-22.741824675847894,2.923990584878707,17.66739974627328,5.776016357538988,11.613683422851786,18.832128561312096,33.45350653019289,0.0,15,15.767540473341523,2.958701133504318,531.1476295777621,18.407681934603666,31,31,,1.0,True,GOOD,coverage and completeness requirements passed,31,False,1,-0.900814177647105,-0.20695424178800786
2009-02-01,-6.28088442763853,2.3922083769442137,-19.2570762274552,3.0127667892353993,37.514736958857156,8.44587403999949,11.921991109892836,20.656797207316924,38.10295078757696,0.0,5,32.41295572226103,2.924341356397566,564.733521163969,12.319211988991034,28,28,,1.0,True,GOOD,coverage and completeness requirements passed,28,False,2,-0.8462764935119877,
2009-03-01,-6.037989613595484,2.6389443812951057,-18.32991954956482,0.44732650964534737,60.2271049919608,7.279468177280991,15.970665841534409,32.4236164208096,60.21366732205399,0.0,10,46.22429057911175,2.950058034779497,735.4650878256505,14.925300569013338,31,31,,1.0,True,GOOD,coverage and completeness requirements passed,31,False,3,-0.15383382206960727,-0.26352548186924535
2009-04-01,-1.5873270768557528,7.05935399527287,-12.786080334506996,1.353905611905101,48.78623327299698,7.646457515345836,10.948825540825288,26.692224811381873,83.26779989206099,7.372607025998594,28,22.253311874264988,2.9662667043233872,834.1521808761436,20.04422483877931,30,30,,1.0,True,GOOD,coverage and completeness requirements passed,30,False,4,-0.777256750449225,1.1241800746075623
2009-05-01,1.0124853361718753,8.649543070675728,-10.050144132738943,-0.24512590216270916,154.21602673082734,19.53786446920673,42.57216522127557,65.80763708000137,152.76316395485557,44.96508307478271,26,77.88499223394746,2.954864910461412,794.604355877551,30.336593817146124,31,31,,1.0,True,GOOD,coverage and completeness requirements passed,31,False,5,0.40306507164045285,-0.2036857284688006
2009-06-01,5.198716952003063,12.066749165781301,-3.73631510402347,-0.3541873969659736,177.07017478976414,21.492129935362534,46.683122655777126,93.44066512921025,177.0701747897641,155.9615085600919,10,13.773440337496732,2.9161199216688294,693.7252641548205,70.40062318388884,30,30,,1.0,True,GOOD,coverage and completeness requirements passed,30,False,6,-1.4095134660250224,-0.5457855599887234
2009-07-01,7.222761409166323,12.253065820381247,2.5537797319813795,0.03530999834930638,487.32303141971977,87.10805213551556,139.0486942964604,200.17277580168638,481.88429066526834,223.90560368415603,0,51.6149333876772,2.9110729435206024,548.2344298627727,303.493143129441,31,31,,1.0,True,GOOD,coverage and completeness requirements passed,31,False,7,0.09302845857866539,0.08148998457018083
2009-08-01,6.941629503768328,12.713380995877293,2.2856906039877796,-0.016090220622678623,429.4336371940026,71.61298511854912,118.10169423186568,199.4738830946066,548.4606649918021,215.19051461681818,0,21.682664877843223,2.9035913975834355,523.2997509380718,392.4091498798086,31,31,,1.0,True,GOOD,coverage and completeness requirements passed,31,False,8,0.25837603563367556,-0.04098684804626342
2009-09-01,5.122711334613318,9.881581204848612,0.6899060629858986,0.09257375555424474,175.40382851324438,22.784605100023832,38.46338176945079,75.28353611144662,425.55195069409825,153.68134003839955,0,29.73317344103436,2.9050103019555076,562.407650359672,160.43300611044972,30,30,,1.0,True,GOOD,coverage and completeness requirements passed,30,False,9,-0.8037689445447906,0.1401104890154183
2009-10-01,0.22356688145623674,7.276438355093544,-9.76133394503071,0.21399008605304629,89.25404644564547,32.38622415952738,51.873999013653176,73.88211339345601,179.82419785689171,31.834852512135235,24,42.59278483880208,2.9218500013249615,567.0439423564457,85.97639744693674,31,31,,1.0,True,GOOD,coverage and completeness requirements passed,31,False,10,0.22354594802801453,-0.15237231515980634
2009-11-01,-4.0577622519151415,3.3529725108995874,-13.911417107041808,-0.061838016028713944,29.078026218791788,10.696968209965798,13.670357289071841,24.40317472639345,82.6788308298991,0.37988546363856085,22,21.902680783719347,2.929031587547465,493.61025668121044,40.62513554603763,30,30,,1.0,True,GOOD,coverage and completeness requirements passed,30,False,11,-0.01675415608805699,-0.13411553181092303
2009-12-01,-7.011191591395564,2.3241019907340186,-16.689172683275537,-0.27248126047321114,27.6069527074692,13.025970111027208,14.387566994923063,16.825595778082874,30.619979265126176,0.0,9,22.678521809801932,2.9236036112468833,463.00911587332865,26.25964134459677,31,31,,1.0,True,GOOD,coverage and completeness requirements passed,31,False,12,-0.26264516599445714,-0.3105347193529913
2010-01-01,-8.754796297268573,-0.40303579031118525,-19.948446939832113,1.005014633506644,11.853328075304939,4.1990966800230645,13.738553704029748,16.3328776956321,28.537487122373754,0.0,0,9.22225264178289,2.954296470140345,542.7380243173822,19.360444970549537,31,31,,1.0,True,GOOD,coverage and completeness requirements passed,31,False,1,-1.057065835318296,-0.20695424178800786
2010-02-01,-9.778792398477089,-0.5475967042132156,-24.991900454366128,-0.4851411816031588,64.55641744729569,40.95167873855342,47.15052693954864,52.68752713927202,65.31037796445536,0.0,0,57.7328035451949,3.1280423103614523,554.9240388261787,10.894337853837566,28,28,,1.0,True,GOOD,coverage and completeness requirements passed,28,False,2,-0.07460097316718307,
2010-03-01,-4.100763803119637,5.564907942147113,-16.0855609203878,2.384552320121195,52.93123693960395,9.916641412595085,16.605213800224675,24.26861937515733,72.74292742261058,3.6459567676485154,14,29.48387605279034,3.0758934764866823,736.3778840962268,39.65443241122237,31,31,,1.0,True,GOOD,coverage and completeness requirements passed,31,False,3,-0.4093341282964738,4.569092565726732
2010-04-01,-0.8159753911740515,6.034905528015546,-11.940884706522674,2.125257297586802,43.565333928774514,11.719873183573942,18.52698226249705,24.538894740586567,64.50950635699205,9.898822793730384,30,21.195550899451923,2.964330096852184,812.0048566228008,23.633334977076476,30,30,,1.0,True,GOOD,coverage and completeness requirements passed,30,False,4,-0.9878000519019179,1.6867201175173903
2010-05-01,2.2418401498283775,9.150188380005849,-6.087820456046418,0.9842289114937933,121.140479258684,11.772375843240887,21.743061285901604,42.884021817908575,118.98513475273298,69.63078819058416,26,44.502726849103,2.929376882214058,787.2479964384237,31.553071414308597,31,31,,1.0,True,GOOD,coverage and completeness requirements passed,31,False,5,-0.2514991249377743,0.870448541153007
2010-06-01,5.5338440424619355,10.719888327140216,-3.47645809809812,-0.01906030650710037,190.58819609435616,32.01038627281584,49.17578003112952,65.75136260606043,190.5881960943561,166.01532127385806,10,34.24541009911176,2.9120780413290044,741.3096662139338,64.7161341233626,30,30,,1.0,True,GOOD,coverage and completeness requirements passed,30,False,6,-1.2199215826882075,-0.029371005715187276
2010-07-01,6.9783782745435685,12.80678768923048,3.0728572343454723,-0.20907313627344892,610.5938710023584,63.51849637498168,150.93861379696577,196.60958436338186,598.1149736567986,216.32972651085063,0,79.53579099829204,2.920874320962699,506.79898760943,416.2450850188187,31,31,,1.0,True,GOOD,coverage and completeness requirements passed,31,False,7,1.69240313849792,-0.482508282227035
2010-08-01,6.958850831591406,10.804022465919985,2.3051876639917377,0.0011311072003996328,533.3485094151107,38.70287983822984,89.81398482258896,191.539825722488,648.3462753881578,215.7243757793336,0,42.13338613609752,2.9069771923223287,484.8014577438424,492.6528442679871,31,31,,1.0,True,GOOD,coverage and completeness requirements passed,31,False,8,1.8551942754132804,0.0028812854735802106
2010-09-01,5.130428109395349,10.93421454540365,-2.96355853688119,0.10029053033627552,309.22062355475595,32.24279240853707,66.99086569671914,130.54434229247437,536.407264391739,153.91284328186046,6,51.365140477492936,2.910482743940563,492.22030273557357,306.81075563655617,30,30,,1.0,True,GOOD,coverage and completeness requirements passed,30,False,9,1.0934459614858882,0.15224262359529755
2010-10-01,0.7869383461787548,7.076213437750864,-8.699870769546347,0.7773615507755642,60.5390133980233,14.076247477747902,15.3332829576695,24.05980587512864,303.74142397432445,36.92913646872543,29,28.610865276812838,2.9064904592009655,584.4377529936417,81.63095326447974,31,31,,1.0,True,GOOD,coverage and completeness requirements passed,31,False,10,-0.30368307090670893,0.11069668165306337
2010-11-01,-3.5277703801016984,3.751415106110995,-14.683731813585123,0.46815385578472907,41.17249718892853,7.768034369776126,16.401748902171,24.745110538021585,59.653463022738414,0.0,23,16.32869903019182,2.9249235034632117,479.6848799380718,41.19952372226138,30,30,,1.0,True,GOOD,coverage and completeness requirements passed,30,False,11,0.6810147125041044,-0.48825265776295623
2010-12-01,-6.659186068920741,1.8718806739930844,-13.765550922391094,0.07952426200161107,28.617167657297042,18.117163486985767,18.160522975919633,18.405697867252243,40.183644435957305,0.0,7,24.541963894578206,2.9096678029450533,478.67921119211826,23.904930695335604,31,31,,1.0,True,GOOD,coverage and completeness requirements passed,31,False,12,-0.2266175698348247,-0.3105347193529913
2011-01-01,-11.16221896536698,-2.727608869580777,-21.51023408807891,-1.4024080345917613,25.992167289882627,5.837458884895621,18.449518742844024,18.626246144253006,41.936020174917104,0.0,0,24.02788966390803,3.0215602083631876,516.9433399057002,16.512844284221707,31,31,,1.0,True,GOOD,coverage and completeness requirements passed,31,False,1,-0.6770882241279176,-0.20695424178800786
2011-02-01,-9.8098614781884,-0.3427973017735962,-20.602075934091285,-0.5162102613144715,64.00766037510272,42.70715676550853,54.57017663280594,57.19228221625882,72.98871013810776,0.0,0,56.050598817988224,3.164154809000888,562.2932295306123,12.990694479947354,28,28,,1.0,True,GOOD,coverage and completeness requirements passed,28,False,2,-0.09026059163684326,
2011-03-01,-6.543595486702296,0.7571495061521604,-16.92251231913662,-0.0582793634614641,70.4889955111536,16.24941560236191,28.401213558955646,34.7608091719095,72.53252122085615,0.0,4,41.72239479209696,3.2510077680070046,744.1335869407648,25.70438347783079,31,31,,1.0,True,GOOD,coverage and completeness requirements passed,31,False,3,0.20553618727059147,-0.26352548186924535
2011-04-01,-4.217598006883565,4.301959479786347,-16.198578422057782,-1.2763653181227104,62.51805694033797,5.858448251486692,12.188510032477057,25.523066491113802,92.15473956177347,0.10649866564522086,13,28.776693909594833,3.2075210111938546,799.5420168085856,40.91933310912748,30,30,,1.0,True,GOOD,coverage and completeness requirements passed,30,False,4,-0.2234932512376222,-0.4938435958292128
2011-05-01,1.36453650784576,7.241656842053924,-6.939555527474303,0.1069252695111756,151.680222158067,9.78001907932621,26.277138288963926,44.426445209000704,147.68644170850436,45.77312940901387,29,57.00844875160005,3.0474048655000616,804.3060010745953,97.41936102876522,31,31,,1.0,True,GOOD,coverage and completeness requirements passed,31,False,5,0.35288156721785174,-0.1684971840925065
2011-06-01,5.145034282740128,11.81388918979333,-2.422919699811812,-0.407870066228908,310.49849731968794,31.70247329397586,74.92435029646188,155.6522550846283,310.4984973196879,154.35102848220384,12,42.84438930181845,2.9183397100253083,641.7422846319494,158.11211949268082,30,30,,1.0,True,GOOD,coverage and completeness requirements passed,30,False,6,0.4618348910253497,-0.628507943552741
2011-07-01,6.884687155159218,11.162382385984118,2.6616059702605677,-0.3027642556577993,503.11343427913187,38.802113896254504,92.88807917517012,171.2275838450314,525.55543119224,213.42530180993577,0,27.803084091463617,2.905493752092745,492.2293842610838,430.3595113773148,31,31,,1.0,True,GOOD,coverage and completeness requirements passed,31,False,7,0.29790067819341015,-0.6987328143684786
2011-08-01,6.699684765172707,11.241434483591915,1.8046033844488314,-0.25803495921830005,504.62945462595223,37.31197084949058,87.51202417541653,164.7836758060983,539.1537221521023,207.6902277203539,0,40.104671148747144,2.9055508444166045,501.0660700232231,452.0995085305265,31,31,,1.0,True,GOOD,coverage and completeness requirements passed,31,False,8,1.4138800579547834,-0.6572961249019741
2011-09-01,5.216273730999352,10.416870617581308,-2.1774187983298563,0.18613615194027888,244.26173249150997,19.120280714122277,40.721466853105106,83.73384382102891,468.0461330801519,156.48821192998057,4,35.14024134421227,2.9074810398241104,495.3935388025598,222.56912520701914,30,30,,1.0,True,GOOD,coverage and completeness requirements passed,30,False,9,0.1724780339086175,0.2872071215638585
2011-10-01,-0.8414413576530797,8.447554721604112,-14.32586908736418,-0.8510181530562703,61.367926114785604,10.575948810451244,19.594354049701657,28.791528183367294,237.42283902054422,35.568999906697336,19,34.60539354537047,2.926379382800204,601.8270178198749,83.94051045126935,31,31,,1.0,True,GOOD,coverage and completeness requirements passed,31,False,10,-0.2884636268713731,0.040459183321554425
2011-11-01,-4.783649272860514,5.047547735419622,-19.073928890993336,-0.7877250369740866,58.593930194654895,19.13991387485199,31.369775867036093,39.98702784807435,87.23601876643994,0.6447967747637771,14,35.25346025095743,2.998952649795326,499.3367122125264,47.544424809426346,30,30,,1.0,True,GOOD,coverage and completeness requirements passed,30,False,11,1.6861131271164784,0.11284029917956849
2011-12-01,-5.198488854176616,3.9201472573008753,-13.821499232185447,1.5402214767457367,10.673750380161337,3.252362393309415,4.615677721476798,6.975246285536993,56.39053353675817,0.0,10,6.632334726386133,2.9299089489017938,464.00871366643213,31.443988942370126,31,31,,1.0,True,GOOD,coverage and completeness requirements passed,31,False,12,-0.866538995957637,-0.3105347193529913
2012-01-01,-13.058132278385091,-3.794391499464964,-22.428986061735078,-3.2983213476098743,55.59147462668048,14.79550787328586,19.281533683155157,22.73283813679086,55.24837281589688,0.0,0,51.05790429808236,3.1172528654826523,487.319100765658,17.371760635393596,31,31,,1.0,True,GOOD,coverage and completeness requirements passed,31,False,1,0.1183854299702294,-0.20695424178800786
2012-02-01,-9.82662841762437,-1.7241388534341646,-23.519914882372646,-0.5600088387490392,115.3234003043214,69.98588504884135,76.160230181759,79.96822982412213,115.68021988197806,0.0,0,106.36965717325994,3.5203239309284116,555.1968324180154,13.091739657728878,29,29,,1.0,True,GOOD,coverage and completeness requirements passed,29,False,2,1.3741121690977862,
2012-03-01,-7.495453047120379,2.014962333663115,-20.492737191164665,-1.010136923879547,47.483454906465525,8.304454600699023,15.232372941896585,22.315276288419398,125.67558911704484,0.0,7,37.66503124278272,3.660706487339574,768.7713390520278,16.82268125565433,31,31,,1.0,True,GOOD,coverage and completeness requirements passed,31,False,3,-0.600114713654572,-0.26352548186924535
2012-04-01,-3.511116705150316,3.2611829592592922,-11.647175996526688,-0.5698840163894622,49.22292815279252,6.845272649540886,11.94777256005256,19.08654073897455,51.94985344583317,0.0,19,27.067529257809,3.3336136970278414,803.716472249824,68.87409163876204,30,30,,1.0,True,GOOD,coverage and completeness requirements passed,30,False,4,-0.7596461482028161,-0.5175588163211239
2012-05-01,0.22325074058167158,8.931908583724967,-12.906942201382146,-1.0343604977529128,39.79162802849435,4.010276121722498,6.2884040032255655,12.292085523458876,50.17110788484195,40.83691900630515,24,8.703010881622436,3.0625944229149877,878.0490431470796,82.21958789982315,31,31,,1.0,True,GOOD,coverage and completeness requirements passed,31,False,5,-1.8613907070165594,-0.38345770237975424
2012-06-01,5.880143111942825,11.660742511789557,-1.7523300997729143,0.3272387629737887,271.0975254565326,37.35271727691632,73.59963750344133,123.62100548386695,271.09752545653254,176.40429335828475,5,24.620608079268806,2.9088151302243688,678.4990719788882,110.93164353849684,30,30,,1.0,True,GOOD,coverage and completeness requirements passed,30,False,6,-0.09076850354830014,0.5042590251081808
2012-07-01,7.1818041417776355,11.303389784553223,3.024381736631906,-0.005647269039382193,514.3070207561675,41.717867913302925,92.33620035737103,160.04577353941636,502.88669001226725,222.6359283951067,0,34.606347305544205,2.9055421348074653,489.4706048388459,396.43148759106026,31,31,,1.0,True,GOOD,coverage and completeness requirements passed,31,False,7,0.44313160912136645,-0.01303301864617683
2012-08-01,6.830823736384292,11.462629089785015,3.114261845716893,-0.126895988006715,377.95605893266014,35.05335827567394,78.44466672836445,144.24336463280514,539.8148726023619,211.75553582791304,0,28.075955325133318,2.9036421662267173,534.9000336235046,346.63051623722606,31,31,,1.0,True,GOOD,coverage and completeness requirements passed,31,False,8,-0.532659300795256,-0.3232439566913762
2012-09-01,4.694894596007111,10.260053706857057,-3.518444057520952,-0.33524298305196304,338.6206549615873,37.46778776809711,93.05726077858232,184.8200585064303,436.7909468886105,140.84683788021331,11,74.4994071841156,2.9313328491755,517.0597070445109,319.1532605838222,30,30,,1.0,True,GOOD,coverage and completeness requirements passed,30,False,9,1.5102709034186819,-0.5324930785244919
2012-10-01,-1.1245496891738496,8.580038776437997,-11.75077579721104,-1.13412648457704,35.52675583937217,7.10174582138218,16.60370033297348,25.834773490100865,320.11255415438,18.68558805950277,25,15.967784901683721,2.9057233573047196,619.7678434576412,77.81875008202036,31,31,,1.0,True,GOOD,coverage and completeness requirements passed,31,False,10,-0.7629264223637695,-0.8314007787981986
2012-11-01,-4.169589447771931,3.122724718044232,-11.531730790376473,-0.17366521188550385,13.262979042533784,2.1341392957399066,4.259627681529533,6.874119223864746,24.15374856844709,0.0,15,7.690209517862326,2.9035401855774188,515.9968282927516,32.55266836207992,30,30,,1.0,True,GOOD,coverage and completeness requirements passed,30,False,11,-0.9291750136978739,-0.48825265776295623
2012-12-01,-5.695484488694484,4.960673886969614,-14.933246216851142,1.043225842227868,12.406759678076957,2.239340984596967,4.069904824562762,8.334917005048316,15.954986091607923,0.0,11,8.942514540657747,2.908517580316027,475.42596885432795,20.15980451061724,31,31,,1.0,True,GOOD,coverage and completeness requirements passed,31,False,12,-0.8047341700274401,-0.3105347193529913
2013-01-01,-9.884040167359945,2.234333369599378,-23.19481905803638,-0.12422923658472622,46.2269076586876,30.07956130205955,33.90271935839685,35.134276864874664,46.2110754641407,0.0,2,41.49945552823285,2.9927190207784133,510.75058080928926,12.089383903101748,31,31,,1.0,True,GOOD,coverage and completeness requirements passed,31,False,1,-0.13328486151038152,-0.20695424178800786
2013-02-01,-10.123503145342704,-1.6056343030291769,-24.23575850720977,-0.8298519284687743,162.52019128662752,58.72026930252096,81.76530152695074,84.38373544111329,178.4917186941252,0.0,0,150.86655969417575,3.5967769799852958,522.3301817593244,8.380245278411815,28,28,,1.0,True,GOOD,coverage and completeness requirements passed,28,False,2,2.7209444510429646,
2013-03-01,-6.65570774266716,0.7743089755096769,-18.918786608208052,-0.17039161942632855,26.971781399129465,4.657406134358398,5.950698442260467,10.844658974998607,163.21121835705281,0.0,2,13.440951381867029,3.6281896234708775,766.4005795718193,16.090524219694817,31,31,,1.0,True,GOOD,coverage and completeness requirements passed,31,False,3,-1.3184307282454477,-0.26352548186924535
2013-04-01,-2.976224352142863,5.237349868978461,-12.796117659373465,-0.03499166338200948,64.39202874325306,11.565322161960763,23.7310606321997,38.56808752641076,64.99145571455125,2.4781296835857103,19,33.42427472065529,3.254972954014131,773.4507854137931,64.66875198040941,30,30,,1.0,True,GOOD,coverage and completeness requirements passed,30,False,4,-0.14792155674563456,0.03427337329112577
2013-05-01,1.1774721704023876,8.704840766536298,-8.690923685695294,-0.08013906793219691,154.6561258063192,21.513945797470896,46.85399390789154,67.56223665110628,152.91085391070615,48.1991875952972,27,53.925276828967796,3.0486394140308724,783.1994778170302,91.86440460347191,31,31,,1.0,True,GOOD,coverage and completeness requirements passed,31,False,5,0.4117746205302113,-0.06284797496797029
2013-06-01,6.046154012463077,12.05731705431367,-0.7787287068484224,0.49324966349404104,349.09091027715203,23.228385059930748,56.29206765085496,112.20927972870997,369.8901768272819,181.38462037389232,3,44.707088208875966,2.9384849692110593,575.3441419746657,249.83709465442286,30,30,,1.0,True,GOOD,coverage and completeness requirements passed,30,False,6,1.0030981491792792,0.7600737522295486
2013-07-01,7.154592476287464,11.46717673509078,4.352042863001568,-0.032858934529553865,612.2214003837544,39.29912082373802,97.11137666582728,193.9900238434134,601.6550165665534,221.79236676491138,0,38.240485276075255,2.905375689271946,479.19393436945813,541.6781170415593,31,31,,1.0,True,GOOD,coverage and completeness requirements passed,31,False,7,1.7135194811158705,-0.07583331047815448
2013-08-01,6.656051382133386,10.820856410864813,3.4541783031488014,-0.3016683422576214,393.36370512975566,24.418064843006945,57.84044080241385,126.5694615969343,618.6378487318583,206.33759284613495,0,22.02564835113216,2.9027172415758744,515.466995624912,350.1478035231026,31,31,,1.0,True,GOOD,coverage and completeness requirements passed,31,False,8,-0.2958961700352746,-0.768444062665886
2013-09-01,4.76534340904919,9.788521383179507,-1.320026785886072,-0.26479417000988437,145.6623818355865,13.859660249084094,35.253305193952514,78.6148490012019,366.93928617250293,142.96030227147568,7,28.72607637954421,2.904942055115419,586.8722010547557,138.24570156964177,30,30,,1.0,True,GOOD,coverage and completeness requirements passed,30,False,9,-1.2254343711174802,-0.4217350863631097
2013-10-01,-0.03573910325086103,8.200078102235327,-13.796091232997759,-0.045315898654051494,217.58976930114116,73.45862446068303,116.85172912723766,133.8686751832982,248.2065740715703,46.23875354755252,20,112.79267906738914,3.034188431286204,522.3277471849527,128.06626203758964,31,31,,1.0,True,GOOD,coverage and completeness requirements passed,31,False,10,2.5798837291187637,0.5914456242931317
2013-11-01,-5.588725418551937,2.7306842049606304,-14.76343096008943,-1.5928011826655102,13.504572482101604,3.24209455575855,7.466954369295138,18.67472656789633,201.78031828269766,0.0,10,8.075505710042421,3.066370098994833,517.7205896002815,54.547872396944946,30,30,,1.0,True,GOOD,coverage and completeness requirements passed,30,False,11,-0.9152367123531712,-0.48825265776295623
2013-12-01,-7.600811823381397,-0.1796130680349769,-15.119572535708766,-0.8621014924590442,25.20254537880259,6.281316062145745,12.447145392194834,13.77729792562959,24.91491942503398,0.0,0,17.572726994716184,3.0665900477852257,477.36002536242086,34.68091759167449,31,31,,1.0,True,GOOD,coverage and completeness requirements passed,31,False,12,-0.34839425954650155,-0.3105347193529913
2014-01-01,-9.60916216293321,-0.6380009167299845,-18.842994232499855,0.15064876784200823,54.639403098997015,32.91014528962444,35.284795693298136,45.237348501608686,56.17840687871569,0.0,0,51.536792545152714,3.2125108508483953,500.6707478662914,21.561920328261063,31,31,,1.0,True,GOOD,coverage and completeness requirements passed,31,False,1,0.09279875632034854,-0.20695424178800786
2014-02-01,-9.808955217282618,-2.5052975100920403,-18.45699520661408,-0.5153040004086885,90.731819827085,24.736387417257742,48.40428562792183,59.34798776628963,111.21885904604768,0.0,0,85.8188325697838,3.5251103773788515,515.9297147431387,13.492531896182806,28,28,,1.0,True,GOOD,coverage and completeness requirements passed,28,False,2,0.6723539825462557,
2014-03-01,-7.944235593547176,1.4462224875765124,-16.709472349141347,-1.4589194703063442,51.21811873481073,11.829558952700705,23.155821937957,27.56319213295097,103.55450842304508,0.0,3,40.65344212766813,3.6647368093195896,750.3579933106555,17.333671807152214,31,31,,1.0,True,GOOD,coverage and completeness requirements passed,31,False,3,-0.46932729467317275,-0.26352548186924535
2014-04-01,-4.013927430276582,4.388070485425806,-13.630263556333409,-1.0726947415157284,41.7673228326767,5.102092028610506,7.667954167095844,15.597808263153178,64.60547603417865,0.0,19,25.102009500634452,3.4380817100434826,820.6449288114004,47.731443222436496,30,30,,1.0,True,GOOD,coverage and completeness requirements passed,30,False,4,-1.0603084776082914,-0.5175588163211239
2014-05-01,0.7928115755329517,7.152128511948309,-5.809013827362145,-0.4647996628016328,90.76166242519517,10.076625973282386,22.604338622259363,36.779319944590355,89.42151061468783,31.512535520711094,29,38.247555318661426,3.2011508505633035,826.6515980534834,70.40105382063119,31,31,,1.0,True,GOOD,coverage and completeness requirements passed,31,False,5,-0.8526950945693291,-0.789512984316777
2014-06-01,5.4892911411392715,11.320054953975822,-3.526823258852953,-0.06361320782976504,221.14943823842813,22.63024147472509,49.01566633544943,93.47884479049306,221.14943823842808,164.67873423417814,9,23.542109349929977,2.9660094618284636,691.732264351865,163.52173748421552,30,30,,1.0,True,GOOD,coverage and completeness requirements passed,30,False,6,-0.7912964662860915,-0.09802486072473934
2014-07-01,7.332355668455616,11.448545275801617,4.1652575778088945,0.1449042576385981,470.452452202219,35.13909090391604,72.66583077326223,133.90997318805006,464.886043295202,227.3030257221241,0,23.491277629450583,2.903241419365864,503.1314005918367,348.4798635052678,31,31,,1.0,True,GOOD,coverage and completeness requirements passed,31,False,7,-0.12585848441123973,0.3344164902617488
2014-08-01,6.602224996776549,12.074553655185495,1.4126142315257417,-0.3554947276144577,410.66769539237686,59.27437901454942,131.50387900547713,169.73012150520765,528.0329321967815,204.668974900073,0,53.771797410310114,2.9160548053092636,519.6389759408868,377.4813985757472,31,31,,1.0,True,GOOD,coverage and completeness requirements passed,31,False,8,-0.029992679209353282,-0.9055567803368182
2014-09-01,4.752670031535711,10.026231233944468,-2.7701638766026115,-0.2774675475233627,211.76127025620866,17.95744089007294,38.905993755180944,77.35271913861952,397.93562622952095,142.58010094607133,7,36.07746855245037,2.906660611162119,540.5511444616907,181.39380649162126,30,30,,1.0,True,GOOD,coverage and completeness requirements passed,30,False,9,-0.28830389848315013,-0.44165987695479336
2014-10-01,-2.389087530473542,6.986083292843697,-14.460373653919216,-2.3986643258767324,102.4543332489143,52.53864453301828,70.63613125591051,72.73271159659609,201.0879622260442,16.588369413175272,20,58.29262831572766,2.99670908310053,603.5114003234436,85.16405015806343,31,31,,1.0,True,GOOD,coverage and completeness requirements passed,31,False,10,0.46591287302518797,-0.9397012210365819
2014-11-01,-4.014251300848433,3.4293508949790077,-11.239041401851667,-0.01832706496200577,21.317067186366852,3.369458152808273,5.08631428370565,7.462282219642,98.28745624366026,0.0,16,6.283082180695161,2.9644201896870905,499.03991862491205,45.36535595605945,30,30,,1.0,True,GOOD,coverage and completeness requirements passed,30,False,11,-0.4645088050195129,-0.48825265776295623
2014-12-01,-6.599147133044456,4.902867779339163,-21.388888476785826,0.13956319787789642,67.43301300100543,30.60354968970112,61.3181945997693,65.21239078630829,77.64141956471622,0.3079512799035463,8,60.829900463362726,3.1276849986564166,476.95991865306127,28.334118976381614,31,31,,1.0,True,GOOD,coverage and completeness requirements passed,31,False,12,1.157683465183709,0.0029154847230907933
2015-01-01,-11.37398428968779,-3.5300943308862918,-22.144622291602502,-1.614173358912573,119.92192324913594,34.055946486572935,89.74519636317103,94.85376611786285,168.95831188078628,0.0,0,108.21603959784133,3.705922867025312,500.987076921886,17.759295939392477,31,31,,1.0,True,GOOD,coverage and completeness requirements passed,31,False,1,1.847249435239004,-0.20695424178800786
2015-02-01,-9.517550994782516,-0.25583209924339906,-18.70949972046669,-0.22389977790858845,55.43437406449178,19.498387531284283,22.957671899474665,24.66164192727533,60.17313137620901,0.0,0,42.51960918496059,3.723628667607264,549.5688911632653,12.495027740999145,28,28,,1.0,True,GOOD,coverage and completeness requirements passed,28,False,2,-0.3349123682760289,
2015-03-01,-7.164712551060028,2.0719024593774966,-19.139702078425294,-0.6793964278191956,139.50276440151316,57.86455663900593,84.14203674073906,107.87290990322762,145.44285750194248,0.0,4,110.13263684974682,4.105234999664363,699.3478248677071,18.617971226793205,31,31,,1.0,True,GOOD,coverage and completeness requirements passed,31,False,3,2.622388981046227,-0.26352548186924535
2015-04-01,-4.018817675560142,2.02536701307091,-14.673063085181516,-1.0775849867992884,97.84878715089847,12.046968756046226,23.928792894096443,44.30089418515628,111.09442294573722,0.0,10,56.030035561591625,3.8540162812722967,773.6205280161859,70.29965337441892,30,30,,1.0,True,GOOD,coverage and completeness requirements passed,30,False,4,1.2012897393591095,-0.5175588163211239
2015-05-01,0.6491574567636387,6.876616901180282,-10.998317295963014,-0.6084537815709458,70.96162299404172,7.171960645819483,12.348247759256754,32.396730473145965,101.7338918353216,39.75021844005346,31,20.594233718427407,3.356626368730456,855.0995470028149,186.20719635343988,31,31,,1.0,True,GOOD,coverage and completeness requirements passed,31,False,5,-1.2445373433903226,-0.43078099249241314
2015-06-01,4.649480145963221,10.929241629807928,-4.324650054008144,-0.903424203005816,260.07384646751683,60.19935493713362,109.19781652293814,134.09924621542504,260.0738464675168,139.4844043788966,9,59.2184013717878,3.019974374588422,690.4810587016186,243.87878358343133,30,30,,1.0,True,GOOD,coverage and completeness requirements passed,30,False,6,-0.24537693430421317,-1.3921327770797687
2015-07-01,7.094333763905133,12.639700953076227,2.718802440409781,-0.09311764691188464,396.42361593025544,26.837748472608748,63.21480784777123,112.804178482381,393.5194004428766,219.92434668105912,0,9.583312798524767,2.9022010524437114,597.3451892040816,303.95414660842715,31,31,,1.0,True,GOOD,coverage and completeness requirements passed,31,False,7,-1.0863439221525266,-0.2149010468648294
2015-08-01,6.843906118670036,11.975236559551782,2.0488340373781067,-0.11381360572097154,400.6264341530173,43.61365911690849,72.08225532652251,123.6999758574213,470.492463191324,212.1610896787711,0,25.433193679891115,2.9033447218516075,508.68502706263195,358.6779345484958,31,31,,1.0,True,GOOD,coverage and completeness requirements passed,31,False,8,-0.18429272072106553,-0.28991901805920023
2015-09-01,5.376388326065215,10.27865128755404,-4.441231771491912,0.3462507470061419,176.87699479454352,15.54503113685798,35.155432678121784,65.75663129491912,385.313595365167,161.29164978195647,3,17.597569394555208,2.902710551292401,547.3058254418544,149.56879860640913,30,30,,1.0,True,GOOD,coverage and completeness requirements passed,30,False,9,-0.7828828291130505,0.5389355794249625
2015-10-01,-0.14714868931219746,7.848672420923201,-11.32297558714014,-0.15672548471538794,73.2029675155094,14.511343085856469,24.20056733340643,27.96901633688899,174.31076231896876,24.607057115670184,28,39.15369466542254,2.916404782603131,592.3205765428505,68.55282966076363,31,31,,1.0,True,GOOD,coverage and completeness requirements passed,31,False,10,-0.07116360648110769,-0.5256159153044332
2015-11-01,-3.9904533400995077,4.80322712972752,-15.286951943168647,0.005470895786919868,21.549204722556315,5.288131376785135,8.70938523482313,27.83702045037502,66.9941149580898,0.07187634485306006,15,8.219895736929777,2.930440329923726,508.32399024489797,39.14216755352584,30,30,,1.0,True,GOOD,coverage and completeness requirements passed,30,False,11,-0.4511160451059421,-0.4212480349842916
2015-12-01,-6.615558040177489,3.744379580213877,-16.24451529645817,0.12315229074486403,21.425403878741353,2.270153503386803,3.306689193409915,11.586109730315608,28.302982292108126,0.0,9,14.725219991836726,2.9155850461806403,461.762083356791,25.531962786569803,31,31,,1.0,True,GOOD,coverage and completeness requirements passed,31,False,12,-0.48309958005792875,-0.3105347193529913
2016-01-01,-10.226895096172601,-1.379730239642642,-20.12775141845529,-0.4670841653973831,46.12903601833265,12.403037191947355,16.167652927756755,19.95600231964862,46.01173564313509,0.0,0,37.85769087980114,2.9820912862622717,496.0569221632653,18.290435388044603,31,31,,1.0,True,GOOD,coverage and completeness requirements passed,31,False,1,-0.13591513628336396,-0.20695424178800786
2016-02-01,-7.37036939909771,3.261703712415081,-22.697168729004918,1.8962501797776217,41.67745733586,10.700621210948281,16.57912213036957,19.364397506395182,56.10404382469057,0.0,6,34.750652742650125,3.0783530063751496,567.8708971062632,17.91019515933326,29,29,,1.0,True,GOOD,coverage and completeness requirements passed,29,False,2,-0.7274869303283324,
2016-03-01,-5.595592091448709,4.349566794280706,-15.89783401435565,0.889724031792123,56.55518580742209,13.042699988671881,19.05355264311043,28.944877397076567,55.75199973220977,0.0,8,37.91352590961535,3.0852979589154295,724.3532548952062,28.90832106635908,31,31,,1.0,True,GOOD,coverage and completeness requirements passed,31,False,3,-0.2824239321644408,-0.26352548186924535
2016-04-01,-2.028318638883207,5.067296501014727,-12.409713577603366,0.9129140498776469,53.72767845097822,7.807751582208334,17.6849250724827,32.014079489758544,81.28239819689897,0.42157998752798115,29,28.512730262518183,3.046521257148019,825.9053429099226,33.329168181239844,30,30,,1.0,True,GOOD,coverage and completeness requirements passed,30,False,4,-0.5779830021684869,-0.42368099824113864
2016-05-01,1.2647896936646095,8.169475994069863,-8.721748404667272,0.007178455330025182,132.0567210826198,13.188531122249618,21.57338217551241,40.26827119577109,130.6591561940085,46.399507453502025,30,59.63135349389263,2.9609913718283387,776.0964032885292,47.05398366180295,31,31,,1.0,True,GOOD,coverage and completeness requirements passed,31,False,5,-0.03546699228279389,-0.141219872531184
2016-06-01,6.029296031241725,12.948747323215407,-3.4635673635698656,0.47639168227268863,320.4324127994386,27.86625494930125,62.82375165131117,130.25475677690144,320.4324127994386,180.87888093725175,3,13.472083073180173,2.908800784170753,615.8310279042928,156.2530874975293,30,30,,1.0,True,GOOD,coverage and completeness requirements passed,30,False,6,0.6011592567943909,0.7340964227141819
2016-07-01,7.198550440622812,11.994832581554332,3.8548877949617575,0.011099029805794284,688.2322485782145,42.876683595019436,96.67829658713171,207.97080106724613,658.045667717561,223.15506365930716,0,72.33296967859339,2.909547727834138,450.55288476636173,564.5709644890352,31,31,,1.0,True,GOOD,coverage and completeness requirements passed,31,False,7,2.699720487071601,0.025614834604937336
2016-08-01,7.0272715814688285,11.17951770543551,1.1296405252648838,0.06955185707782169,279.6399209967691,14.508387061089229,67.66506428725454,184.14647512195518,645.9406615324533,217.8454190255337,0,8.95006080563747,2.9038181928865123,563.856727304715,290.1803989023662,31,31,,1.0,True,GOOD,coverage and completeness requirements passed,31,False,8,-2.0434440322307297,0.1771704356474894
2016-09-01,5.429695309212386,10.540845583460037,0.07823687559448189,0.39955773015331175,278.759132823456,26.1420494159557,58.507444633368145,103.22596072747407,321.6167244298974,162.89085927637157,0,40.45752509523978,2.9081719383211704,457.1502491261876,233.69238233058744,30,30,,1.0,True,GOOD,coverage and completeness requirements passed,30,False,9,0.6615719634768205,0.6227435836568387
2016-10-01,1.5029697322725162,8.950238936959167,-8.837910838331808,1.4933929368693257,84.02181100575363,7.726844329327484,21.542826392331506,42.88162231887112,278.5995042117711,60.34428904133218,22,25.58293883452149,2.9075184683433037,544.8813741249152,95.52653738409596,31,31,,1.0,True,GOOD,coverage and completeness requirements passed,31,False,10,0.1274782766715263,1.319855957026268
2016-11-01,-1.692146221882404,5.976990461248842,-10.868066640339775,2.3037780140040236,6.703513052001163,2.450210277529388,3.0024070207480467,4.561970737988094,70.89137953715792,2.4738914130916707,30,1.5753582198589644,2.9006167934464555,522.563994489796,39.73948214672385,30,30,,1.0,True,GOOD,coverage and completeness requirements passed,30,False,11,-1.307611670752495,1.8179603427514675
2016-12-01,-2.568012628919488,7.79106719562659,-12.704746774113717,4.170697702002864,19.10588483707907,3.9937372057213816,8.778693760157696,10.069088876796641,17.179841547294103,5.651244951284484,24,11.374828220200238,2.9050319890115825,473.22728041660804,25.1863942252843,31,31,,1.0,True,GOOD,coverage and completeness requirements passed,31,False,12,-0.5658212773876186,5.44162154321837
2017-01-01,-10.003527699029336,1.256054169925334,-20.727798842041512,-0.2437167682541183,36.31139135213622,19.711246521308507,24.32118414102523,26.256761364462342,41.39538922917495,0.0,3,33.20284544068856,2.94908943738286,520.0037488198452,17.654346542027866,31,31,,1.0,True,GOOD,coverage and completeness requirements passed,31,False,1,-0.3997617725709458,-0.20695424178800786
2017-02-01,-7.3977631295183714,2.9089723472944433,-21.552556036157878,1.8958880873555575,26.027481241990152,8.849406251808356,11.321862349217088,26.792892168355703,45.74210190520281,0.0,5,16.576508937022115,2.978059294604012,569.5275425890218,21.135246041666697,28,28,,1.0,True,GOOD,coverage and completeness requirements passed,28,False,2,-1.1740828233159768,
2017-03-01,-7.069654778789826,4.061013273149228,-17.546615916285,-0.5843386555489943,131.9222723704402,45.662204916704596,81.24681172121939,85.78774930430018,130.77837298561096,0.0,9,102.81312797693072,3.2645603733663586,708.1387494479782,22.35238297064484,31,31,,1.0,True,GOOD,coverage and completeness requirements passed,31,False,3,2.3569211818220075,-0.26352548186924535
2017-04-01,-2.140241270403088,5.1402532117120385,-12.882820536367138,0.8009914183577657,94.46560985822983,22.907566037701333,29.81344768181714,40.72509878451243,136.05332152929094,5.254652197003795,27,47.646360199853916,3.128792079561934,800.3928012836031,52.65149808397686,30,30,,1.0,True,GOOD,coverage and completeness requirements passed,30,False,4,1.064856288025387,0.6525519517835316
2017-05-01,1.0791040613716576,6.138666050674064,-9.23988031310818,-0.1785071769629267,152.31166799467186,20.45032422488384,36.95797540340681,56.23703513466084,149.47649952806375,40.9889792042111,30,69.53362319133467,3.034128572467554,788.5701238662914,80.44973200870014,31,31,,1.0,True,GOOD,coverage and completeness requirements passed,31,False,5,0.365377863373434,-0.37683583331704434
2017-06-01,5.379019800538598,10.775947448386875,-2.9957477255491485,-0.17388454843043905,199.1592608216619,29.108704992535245,60.57844321945245,92.5575655472848,199.15926082166183,161.37059401615792,4,18.81430565296324,2.9225653129146325,699.1594800492611,110.75767061498114,30,30,,1.0,True,GOOD,coverage and completeness requirements passed,30,False,6,-1.0997113635121492,-0.2679476357754502
2017-07-01,7.163415462439103,12.095252175703614,4.641020543033373,-0.02403594837791451,488.8590102159533,56.18929255814052,87.95659193242382,161.62468561002095,485.64551775645816,222.06587933561218,0,31.385601629921872,2.904088819350694,500.5114674919071,371.4835540634658,31,31,,1.0,True,GOOD,coverage and completeness requirements passed,31,False,7,0.112956980229902,-0.055471230643219835
2017-08-01,7.036783369530725,12.370378655065227,3.5891956176328517,0.07906364513971777,536.7535197090857,68.60014480616658,134.7110103948119,253.17730516488422,577.3925022160371,218.14028445545247,0,49.742944350493666,2.9097864130607314,481.3346673314567,498.9136532158771,31,31,,1.0,True,GOOD,coverage and completeness requirements passed,31,False,8,1.9075177054271044,0.20139994878366885
2017-09-01,5.5813289007297024,10.510615538476998,0.754801402940981,0.5511913216706292,167.1541415578176,23.704322363019912,46.29254468115843,71.82207465749578,528.4490385394328,167.43986702189108,0,19.73747087604537,2.903257347832946,565.8371331560622,153.32512553836324,30,30,,1.0,True,GOOD,coverage and completeness requirements passed,30,False,9,-0.9207305640266147,0.8611384041720657
2017-10-01,1.395670680086609,8.79112218525276,-11.904353157489064,1.3860938846834185,47.04654943932561,5.364795808297217,9.516155464967632,22.133233525579577,153.74238996278083,70.02204663694833,21,18.977092274901818,2.9067283897610334,579.2193822814663,59.75119204881072,31,31,,1.0,True,GOOD,coverage and completeness requirements passed,31,False,10,-0.5514145822777314,1.8196156884765253
2017-11-01,-3.761604810430288,3.4143218736427317,-11.440570091983094,0.2343194254561391,23.689533788192794,4.231203597543532,8.80532105940829,12.555618216091663,44.11738475287085,0.0,20,14.636867824498822,2.9095166159753685,507.09929515974665,31.57276874126304,30,30,,1.0,True,GOOD,coverage and completeness requirements passed,30,False,11,-0.3276335881856128,-0.48825265776295623
2017-12-01,-3.6189557609076686,4.357911359987007,-11.892748472574791,3.119754570014684,10.472447120127955,2.6905362253764133,3.2017793749609944,12.387502036038596,23.377574613512646,0.5471219570402874,20,7.240036685992345,2.9064553644364275,471.158821078114,21.253893349809935,31,31,,1.0,True,GOOD,coverage and completeness requirements passed,31,False,12,-0.8737181339810212,0.24635690695392898
2018-01-01,-5.870084265195906,6.6366530126455086,-20.22819787924091,3.889726665579312,24.53136169998216,11.896563031357827,17.123252180569448,18.819600429407636,24.658693859679328,1.8515487390814394,16,22.939924524283004,2.9304365790371176,516.2980743068262,14.971946638122064,31,31,,1.0,True,GOOD,coverage and completeness requirements passed,31,False,1,-0.7163469928316192,5.7238168504867275
2018-02-01,-7.8767914047022405,0.9391004719422344,-18.447797668156344,1.4168598121716887,41.31276274080302,6.780082049137,12.917017507603564,20.849566367622597,52.656985790619395,0.0,2,35.20057193232329,2.9779367824968754,536.0414890513723,14.818514063482466,28,28,,1.0,True,GOOD,coverage and completeness requirements passed,28,False,2,-0.737894045800607,
2018-03-01,-6.628707337878632,2.3168009393572784,-17.486669567518863,-0.14339121463779997,53.59474181515042,9.16616659846801,15.442322984055167,20.003557673385572,52.630552153118,0.0,3,34.581243784745595,3.00688695554348,744.6442021867715,14.026121492645087,31,31,,1.0,True,GOOD,coverage and completeness requirements passed,31,False,3,-0.3860982778577615,-0.26352548186924535
2018-04-01,-2.716529570029256,2.683471535797464,-12.165328565002891,0.22470311873159748,115.51125790738837,16.349636703790367,32.2124602508362,44.79543918299721,115.51125790738834,0.0,28,46.72991327369909,3.0153612053769963,770.7709969908516,36.19190353184498,30,30,,1.0,True,GOOD,coverage and completeness requirements passed,30,False,4,1.913564514201918,-0.5175588163211239
2018-05-01,1.1496360563932073,8.453822943025058,-9.041219448489569,-0.10797518194137694,127.24307444304988,10.96364079353431,30.856105549572895,47.074469025269664,150.92913486250183,46.999355100596,29,46.07153145228051,2.990129839368833,819.2838293849402,55.658297895084885,31,31,,1.0,True,GOOD,coverage and completeness requirements passed,31,False,5,-0.13072893006009723,-0.11509789826486232
2018-06-01,5.396840492410822,10.986910596252937,-2.9050797915475233,-0.1560638565582139,355.4344967415928,52.674105027188425,114.62370362640624,160.3661483540593,355.43449674159274,161.90521477232468,5,67.07063640345262,2.9256784795680124,627.5748215172414,179.86711756412117,30,30,,1.0,True,GOOD,coverage and completeness requirements passed,30,False,6,1.092067716381744,-0.24048681594903673
2018-07-01,7.565094145561785,11.943476093461383,3.51769154687571,0.37764273474476817,560.7729011773064,43.11057902667196,93.43256951317566,193.8558219929387,564.7569323817428,234.51791851241535,0,24.486617025257964,2.9029424407176836,470.6540140035187,478.0847798039341,31,31,,1.0,True,GOOD,coverage and completeness requirements passed,31,False,7,1.0460021085625986,0.8715406985567716
2018-08-01,7.29904179677808,11.441313415140797,5.024704254386651,0.3413220723870728,523.4290774354463,26.41595502100219,66.98811416838399,127.96444569947752,554.4831876033539,226.27029570012047,0,26.11443746696049,2.902729915724459,457.62278331949335,463.46281099222983,31,31,,1.0,True,GOOD,coverage and completeness requirements passed,31,False,8,1.7027663353617526,0.8694545739197003
2018-09-01,5.09253391158789,10.125435655071758,-3.0242307680412996,0.06239633252881673,215.06287363798876,18.366442908081346,54.53588174074888,130.5322868900503,497.562482061402,152.7760173476367,9,28.510480429020298,2.904854863466803,553.4366261508181,228.3429868996437,30,30,,1.0,True,GOOD,coverage and completeness requirements passed,30,False,9,-0.2414947431168796,0.0926662434905898
2018-10-01,-1.4384869828328273,6.930602035146652,-10.221130160627672,-1.4480637782360177,32.84461711658749,3.188135964055548,6.7678103936660525,16.919142873060107,203.37248211224562,8.295022865061116,27,16.092204617272163,2.90632992860681,619.1286460923221,63.505873550712685,31,31,,1.0,True,GOOD,coverage and completeness requirements passed,31,False,10,-0.8121724519648985,-1.367969918899702
2018-11-01,-3.685003527779154,3.89844654789282,-13.469175038347753,0.3109207081072729,32.305117345734374,5.577627246980512,10.157659507103327,16.32392953484466,34.334194631186676,0.0,17,19.665880275550734,2.9153925743642914,489.2053587980296,33.10998301641107,30,30,,1.0,True,GOOD,coverage and completeness requirements passed,30,False,11,0.16942709400965375,-0.48825265776295623
2018-12-01,-8.37558252435435,0.21730315968826502,-21.087057355522333,-1.6368721934319976,33.853612786784296,6.331930385469456,10.89761122611913,14.978318428676886,37.40950760766488,0.0,1,27.734411892171146,2.944934115561721,455.0786593722731,23.407270687512327,31,31,,1.0,True,GOOD,coverage and completeness requirements passed,31,False,12,-0.03986867003939833,-0.3105347193529913
2019-01-01,-12.565635245807533,-3.9486643373085126,-24.13252775768087,-2.8058243150323157,93.60608478296544,18.181423631925473,32.77776058900543,59.27381470545149,93.5796823057406,0.0,0,89.65139542716142,3.1652579827608966,473.45418311752286,13.080169852458617,31,31,,1.0,True,GOOD,coverage and completeness requirements passed,31,False,1,1.1400181494812918,-0.20695424178800786
2019-02-01,-10.387434324951803,-3.201611592281354,-21.49476801142734,-1.0937831080778755,154.32391028615868,52.19270681212125,75.5839620724104,78.48589517356827,164.24634111888093,0.0,0,144.52216716156846,3.775859696876027,491.3151927825475,8.038133650200205,28,28,,1.0,True,GOOD,coverage and completeness requirements passed,28,False,2,2.487051094872545,
2019-03-01,-7.6199073838064155,0.3964367259144591,-17.57667547302459,-1.134591260565584,54.51147066361332,10.128257042458996,35.62931135202119,57.29679388186112,164.77080450964058,0.0,1,42.87910960577979,3.961647427362691,746.1355228090544,11.03654360158774,31,31,,1.0,True,GOOD,coverage and completeness requirements passed,31,False,3,-0.3539945583512649,-0.26352548186924535
2019-04-01,-2.6795361913856337,5.7473471784491235,-13.286469626913238,0.26169649737522005,64.76245776214468,10.169478280814438,17.466422880829203,23.656364360529743,69.13657035516347,3.0597326302400756,18,22.186068700001243,3.619548004243454,811.7579148571429,103.66563419277277,30,30,,1.0,True,GOOD,coverage and completeness requirements passed,30,False,4,-0.13298325905988648,0.16378525060047738
2019-05-01,0.7363219191696981,6.114049419964163,-6.392266886507744,-0.5212893191648862,71.2642195391216,14.915447916229656,20.205977908025794,25.600434343345732,70.53789602788514,25.384540108294896,31,32.21307178260595,3.1015551911886403,852.261534989444,116.41785265441348,31,31,,1.0,True,GOOD,coverage and completeness requirements passed,31,False,5,-1.2385489658862352,-1.0563729765877738
2019-06-01,5.119317052064042,10.760449114590804,-1.7784260759883606,-0.433587296904995,182.483001531971,14.92816433153213,33.15292214565224,68.26522267010354,184.0369417960665,153.57951156192124,8,25.8362967105429,2.9409187151647656,709.4071610415201,107.36004058153675,30,30,,1.0,True,GOOD,coverage and completeness requirements passed,30,False,6,-1.3335979164702756,-0.6681369457875542
2019-07-01,6.956162960733773,11.619842514263608,0.613506573241523,-0.2312884500832435,552.6601013193081,64.77568933109266,149.04262500684428,251.18003219069192,543.213070681189,215.64105178274698,0,57.58071628010542,2.9144336786199636,517.1132107621394,425.370270883131,31,31,,1.0,True,GOOD,coverage and completeness requirements passed,31,False,7,0.9407427729397847,-0.5337777714429004
2019-08-01,7.4244801094571695,11.711177631031894,2.3821937040239276,0.46676038506616313,355.03234808662285,19.592373856429457,48.23716507672884,117.38523932138261,566.3246456148864,230.15888339317226,0,10.798185994949542,2.900903502189904,555.1105088684026,311.3773255690901,31,31,,1.0,True,GOOD,coverage and completeness requirements passed,31,False,8,-0.8849187880080054,1.1889853734981188
2019-09-01,5.153962824370571,11.62722905673755,-3.0860638698333362,0.12382524531149788,416.5308457247994,42.30908838314904,78.16006154527386,137.32815258916133,431.63171653430095,154.61888473111713,4,99.74839176227621,2.941420022879617,445.59950855326355,337.848665097035,30,30,,1.0,True,GOOD,coverage and completeness requirements passed,30,False,9,2.6148585241415256,0.18924335737897535
2019-10-01,0.6304234998528204,6.2889543097091565,-5.121097222689902,0.6208467044496299,36.31154270357321,5.030338842583402,24.070491117839044,85.63722805282535,398.9243856078413,24.389174937285244,31,16.60887084712578,2.9175899706780744,576.3385287562154,115.52800475124907,31,31,,1.0,True,GOOD,coverage and completeness requirements passed,31,False,10,-0.7485171612704818,-0.5368673584080278
2019-11-01,-1.8378195211040578,6.16239540588682,-10.123319105326814,2.1581047147823695,16.84112082180154,2.5337772027344156,5.728570719683712,12.13069405155813,33.913969222828165,1.6130379454228598,26,9.475618018850653,2.9049091303019505,479.5590784912034,42.14150265886866,30,30,,1.0,True,GOOD,coverage and completeness requirements passed,30,False,11,-0.7227405241574212,1.0154548454731323
2019-12-01,-9.196101678541963,0.8572168917995093,-22.07135079992562,-2.4573913476196108,52.630784202982504,31.53999896008636,41.48744863968706,47.50787827961253,57.59896287952099,0.0,4,47.26442215960266,3.063818447219292,461.5180959704434,23.793054310726834,31,31,,1.0,True,GOOD,coverage and completeness requirements passed,31,False,12,0.6297871778752167,-0.3105347193529913
2020-01-01,-11.880870946903602,-2.6340036562678453,-22.338838526533134,-2.121060016128385,142.3713213740905,51.019591193767646,89.10077900289379,91.75618951553233,141.9842937535947,0.0,0,129.3250465769528,3.584106438384717,472.4557074187192,14.460714354345615,31,31,,1.0,True,GOOD,coverage and completeness requirements passed,31,False,1,2.4505711466413773,-0.20695424178800786
2020-02-01,-9.513404544451783,0.7668693064636845,-19.06043749063639,-0.24678496557645235,32.59177135936857,8.562021331788614,10.861592807321305,15.955854980340046,139.16556839734452,0.0,1,21.522202777409536,3.712979043947627,562.3365838479943,10.96763590286518,29,29,,1.0,True,GOOD,coverage and completeness requirements passed,29,False,2,-0.9867608114984062,
2020-03-01,-7.539353099719434,1.9558769038158323,-18.193901673007538,-1.054036976478602,54.90078095349507,9.158328326514658,17.730068443158228,20.639802816734434,60.791527102278664,0.0,6,44.15391072798665,3.7578715131672364,747.9968838443242,11.599961073150272,31,31,,1.0,True,GOOD,coverage and completeness requirements passed,31,False,3,-0.34036096498468466,-0.26352548186924535
2020-04-01,-4.133733026494204,2.46140998126253,-15.878323402914818,-1.19250033773335,92.38607964180802,12.19989703531926,20.73120405699825,42.46095431597986,92.386079641808,0.0,14,51.747670909684786,3.551677508961559,785.031110981703,63.670429842183495,30,30,,1.0,True,GOOD,coverage and completeness requirements passed,30,False,4,0.9809950357067437,-0.5175588163211239
2020-05-01,0.4289328300599448,6.612354239370543,-10.323536844273654,-0.8286784082746396,159.86140449536512,17.714572348156754,31.000869273929705,68.84129681515185,153.15492493237176,34.285085393005374,27,81.91532966203039,3.3669375691337353,778.4828943736806,113.53771386433453,31,31,,1.0,True,GOOD,coverage and completeness requirements passed,31,False,5,0.5147869460534905,-0.6687748656177491
2020-06-01,4.907699159852935,9.35168680490366,-4.56693610259127,-0.6452051891161016,392.480467122429,37.67268279214104,81.95882582179094,163.7571616228497,394.2883549515459,147.23097479558805,5,82.7241376498524,3.1670745432017995,583.5090325784658,411.53981998552325,30,30,,1.0,True,GOOD,coverage and completeness requirements passed,30,False,6,1.611641930409406,-0.9942298299315024
2020-07-01,6.993670582530836,11.313802662472947,3.025539267725904,-0.19378082828618146,566.8512471992802,49.61112000775598,102.17220457424898,173.81225830426095,559.1875904889124,216.80378805845592,0,58.28721167088436,2.9288077389539136,485.73365384025334,503.666541096738,31,31,,1.0,True,GOOD,coverage and completeness requirements passed,31,False,7,1.1248654695670943,-0.4472160137427067
2020-08-01,7.911289881791797,12.480642906366167,1.9626935342766108,0.9535701574007904,479.3278741944487,31.660530528850934,79.27065686194075,171.08900793157423,582.5096428169188,245.2499863355457,0,10.08995255766034,2.900889392142772,525.3911425580577,453.80438677049034,31,31,,1.0,True,GOOD,coverage and completeness requirements passed,31,False,8,1.025080800786773,2.4290428366004666
2020-09-01,6.126354786631802,10.853499336430616,-1.7861664054596558,1.0962172075727281,304.8741783312059,45.56120190714381,108.74010834430837,140.33604705753027,474.6094516856833,183.79064359895406,2,43.50360115317603,2.915065583609297,465.2285532976172,261.3126500486741,30,30,,1.0,True,GOOD,coverage and completeness requirements passed,30,False,9,1.0318233477937357,1.7180154783456023
2020-10-01,2.7312422784313353,9.094587403632339,-8.029925249329235,2.7216654830281444,30.00004751511552,3.4356003198208778,7.743010228292038,15.85625213535108,295.49751364918905,87.43696733439448,16,7.53412990949466,2.901667619597112,599.3462933603098,84.81699602126572,31,31,,1.0,True,GOOD,coverage and completeness requirements passed,31,False,10,-0.8644008313572669,2.718922785703846
2020-11-01,-4.079779763191516,5.100712148410033,-13.444239513979733,-0.08385552730508877,15.949272747939517,5.849509695333249,6.157309591718626,7.714223472745298,28.198630074152913,0.7055179473354614,17,13.39887285488412,2.910610351753399,512.4741931597466,35.13141033055496,30,30,,1.0,True,GOOD,coverage and completeness requirements passed,30,False,11,-0.7741941034823353,0.1694458384729413
2020-12-01,-5.7159270486347005,2.3094383749804366,-16.968338720333715,1.0227832822876526,13.480852362516982,5.296885415579539,7.441814295040414,8.385165364133332,21.47976027077913,0.0,11,10.593261046729653,2.91052677417537,479.51391780436313,21.889824134459552,31,31,,1.0,True,GOOD,coverage and completeness requirements passed,31,False,12,-0.7664284832232452,-0.3105347193529913
2021-01-01,-5.521887053869484,3.5105313574236154,-17.251844868133112,4.237923876905733,23.16406697003897,4.067626583859784,10.356868792912456,11.090172260774112,23.162952340111595,0.0,13,19.153266256435252,2.918956261630547,501.32839660098523,15.394424664395364,31,31,,1.0,True,GOOD,coverage and completeness requirements passed,31,False,1,-0.753092681596602,-0.20695424178800786
2021-02-01,-8.059790495318344,1.4942096664568532,-18.39088554194406,1.2338607215555846,40.20997973009523,14.749687553474457,16.063841175478835,19.507642247968597,40.423661379077096,0.0,7,27.72997235020729,2.955310596928696,556.6912928712175,17.389573130617674,28,28,,1.0,True,GOOD,coverage and completeness requirements passed,28,False,2,-0.7693636378616173,
2021-03-01,-4.826938850270778,2.3428784783166936,-13.925488609834739,1.6583772729700539,75.60997285737,12.233960760712602,34.19358698224427,37.6476196246311,73.64871442198809,0.0,11,55.321354121441665,2.9307219284263257,724.3857344877694,15.67353883903686,31,31,,1.0,True,GOOD,coverage and completeness requirements passed,31,False,3,0.38487211697075463,-0.26352548186924535
2021-04-01,-4.1476623819118155,2.7386670858234416,-15.621260924476855,-1.2064296931509622,65.62662179366474,15.382807672988523,27.350156432297535,43.922147498467254,92.56971065020574,0.0,22,49.77844353767871,3.0068529084137245,819.2696388339198,18.524195676450574,30,30,,1.0,True,GOOD,coverage and completeness requirements passed,30,False,4,-0.0981341006683835,-0.5175588163211239
2021-05-01,1.5357264168892177,6.730196170686104,-6.848233462822911,0.27811517855463336,265.4614723002912,60.19759255760913,110.54722700881307,134.30111479386946,262.8513790646572,58.854204186805276,20,140.43855037275418,3.030617808831637,692.3946383525687,100.51185783473309,31,31,,1.0,True,GOOD,coverage and completeness requirements passed,31,False,5,2.604609453135292,0.40115329361915325
2021-06-01,5.5744204045050685,11.155551473898107,-2.368718408615444,0.02151605553603287,359.95558236115096,36.23035145542307,78.03695425730709,145.54347967366326,390.72792906842244,167.23261213515207,8,38.53590597374329,2.9279997168587264,595.343887179451,247.15355974553256,30,30,,1.0,True,GOOD,coverage and completeness requirements passed,30,False,6,1.1554764888659128,0.033155195583116685
2021-07-01,7.319666086877736,12.163929547733384,1.095878333696446,0.13221467606071857,575.2767061171627,85.95782063801805,154.08643377249052,205.1749371467219,594.0022610587345,226.90964869320982,0,54.751304005791106,2.9153486822232977,478.38160902392684,519.0029502659512,31,31,,1.0,True,GOOD,coverage and completeness requirements passed,31,False,7,1.2341813929889298,0.305130909538865
2021-08-01,7.29763928085096,11.649796193691333,3.8225236026944005,0.3399195564599523,519.2360056521662,55.09288465627246,102.95737114111986,152.8534847885131,530.3730418106564,226.22681770637973,0,24.78439100139121,2.903768105475253,429.0865833082337,465.98494727161886,31,31,,1.0,True,GOOD,coverage and completeness requirements passed,31,False,8,1.6383330799370615,0.8658819251328755
2021-09-01,5.344396614139159,10.52664827350831,-1.8052454755811038,0.31425903508008507,308.9041649729073,27.52564173821317,56.676425510370855,126.71598521838223,501.5504471399012,160.33189842417477,3,73.05771974161173,2.919990471185107,507.015447729324,283.4598758611186,30,30,,1.0,True,GOOD,coverage and completeness requirements passed,30,False,9,1.0889593053943394,0.4886389509123012
2021-10-01,1.8622949673928677,8.496157647924157,-9.435907538653572,1.8527181719896773,176.92860023234832,58.17702818633788,113.41342394567158,123.755569878535,309.6891818953051,82.47362653717583,14,84.80506613037898,2.991861185704555,518.1740892708916,139.54740263034054,31,31,,1.0,True,GOOD,coverage and completeness requirements passed,31,False,10,1.833314911269056,2.4626156980952754
2021-11-01,-3.1268111415441937,4.1415238038827695,-12.693219532117615,0.8691130943422339,23.895929163534078,3.498539628463171,7.058293391779503,14.51147552357849,163.2637937312682,0.3498422287563803,18,11.611097989725781,2.993831667033956,483.50203571850807,61.915953653451005,30,30,,1.0,True,GOOD,coverage and completeness requirements passed,30,False,11,-0.3157259761957918,-0.16212245988227478
2021-12-01,-8.81089458854829,3.5728794406619957,-18.207172459837903,-2.0721842576259366,80.53372725241452,32.39658503083786,48.9975601390543,55.179279767633744,80.4936619603658,1.0330977829806518,4,70.602109752737,3.058729594593069,465.7616119943702,38.93524662111109,31,31,,1.0,True,GOOD,coverage and completeness requirements passed,31,False,12,1.6248981332431587,0.7410105478310214
2022-01-01,-11.97506978467517,-4.75786742949299,-20.10266134113092,-2.215258853899954,47.5920677888356,4.790898932344997,10.682534616574141,51.220612506504,88.57830965200186,0.0,0,38.69837359574419,3.4282508708020365,507.60711629134414,22.9439484551916,31,31,,1.0,True,GOOD,coverage and completeness requirements passed,31,False,1,-0.0965965395573918,-0.20695424178800786
2022-02-01,-11.306039826172688,-4.840351680833444,-19.084671067755274,-2.0123886092987577,87.00564056610672,33.61329069067646,55.42659405174482,66.23208715980074,105.52646732787275,0.0,0,77.64080271287378,3.8338864745357424,543.953723851513,14.67328226583093,28,28,,1.0,True,GOOD,coverage and completeness requirements passed,28,False,2,0.5660217846881087,
2022-03-01,-3.6732286487091956,5.126733419913649,-15.96565914919137,2.812087474531636,17.422420377128123,4.2013823147142215,6.23075065899209,8.326190428322178,92.01385696369091,2.917263958953674,18,6.36370687035714,3.4794475596438175,779.5064603804017,78.61736005488036,31,31,,1.0,True,GOOD,coverage and completeness requirements passed,31,False,3,-1.6528480515691715,3.603229764033857
2022-04-01,-0.045001884598828125,6.941349140680002,-8.687404317406155,2.8962308041620255,76.84290835649296,8.464294436023062,14.180141747427985,21.036408434281824,76.84290835649294,13.434155522292382,30,41.4042583955773,2.977322194648783,764.4444440570021,75.45833343103854,30,30,,1.0,True,GOOD,coverage and completeness requirements passed,30,False,4,0.3541852886319713,2.4739712503101514
2022-05-01,2.1963688361756204,8.701266537477757,-5.903371354813791,0.9387575978410359,216.34922476505645,17.678078348345267,39.43348959081765,83.50156552372846,213.1792180623744,68.89256540916416,27,106.60424865624965,2.9652965951766723,764.754245877551,102.9172794215701,31,31,,1.0,True,GOOD,coverage and completeness requirements passed,31,False,5,1.6326793928051746,0.8383006506136541
2022-06-01,6.025153404833616,11.33596493145853,1.0998233266316586,0.4722490558645794,401.2983041404013,50.03214680665802,111.88801983173359,180.82769852720227,401.2983041404013,180.75460214500848,0,71.95261548051086,2.924178615888929,605.6456862920478,298.281223509909,30,30,,1.0,True,GOOD,coverage and completeness requirements passed,30,False,6,1.7353131608006875,0.7277128368120807
2022-07-01,7.686537083261552,13.084435927775633,4.400524395507149,0.49908567244453445,442.07230297138676,29.662109748789064,67.65497142169778,141.74505828217306,463.861515796126,238.2826495811081,0,17.912235331212358,2.9024601372209498,545.558325062632,383.98545028289215,31,31,,1.0,True,GOOD,coverage and completeness requirements passed,31,False,7,-0.49407607947105087,1.1518121112430908
2022-08-01,7.625228725764548,12.363169108101573,1.8761205126918992,0.6675090013735415,385.43611567381856,25.82217327290406,54.596953887403245,115.99783921005748,470.5275485950899,236.382090498701,0,6.646634633983843,2.9006228290544094,521.8040966896551,345.2175070101069,31,31,,1.0,True,GOOD,coverage and completeness requirements passed,31,False,8,-0.41771626344586377,1.7003551815970324
2022-09-01,5.402835509323893,10.078242577506511,-0.16375570706627637,0.3726979302648189,252.931049267801,24.936305308397724,52.986594290869355,108.99731477264619,382.02033476053003,162.0850652797168,1,35.32506155412458,2.905918073076258,489.25865278914495,237.40986312551453,30,30,,1.0,True,GOOD,coverage and completeness requirements passed,30,False,9,0.2953890407667547,0.5805152283866221
2022-10-01,-0.5684206815319311,8.552739020286547,-13.294098130185173,-0.5779974769351215,128.3600117136936,32.472053015387715,80.26901283841835,101.57824280678862,269.5547968709245,36.914577604397465,20,74.1787915118694,2.9647700268395996,567.5748790787903,120.57075565084449,31,31,,1.0,True,GOOD,coverage and completeness requirements passed,31,False,10,0.9415600860781083,0.10994486140391173
2022-11-01,-2.8472946470342273,4.188899326525824,-11.844459790331113,1.1486295888521998,14.523283926624071,2.241685048351994,4.794153634310024,6.813136884950366,124.82429577689533,0.0,23,8.553553476174645,2.9048813368513717,505.15950792399724,48.56933838963761,30,30,,1.0,True,GOOD,coverage and completeness requirements passed,30,False,11,-0.8564639777853283,-0.48825265776295623
2022-12-01,-4.3514834772239235,3.3596297025848556,-13.973685578273077,2.387226853698429,13.68893225005224,3.6344365888863646,5.545401760717065,6.6248486240468685,14.120412927535178,0.0,20,7.726910185228764,2.9030464604599224,464.25631140464463,28.43390825420178,31,31,,1.0,True,GOOD,coverage and completeness requirements passed,31,False,12,-0.7590076683181207,-0.3105347193529913
2023-01-01,-7.238020147139263,1.1888297062873396,-16.74187776483672,2.521790783635954,13.863356977529136,2.310562981867399,6.792717040319008,8.422436260931791,19.058323643184572,0.0,3,12.335077046110628,2.9167748389222035,520.046566632653,18.639474724439733,31,31,,1.0,True,GOOD,coverage and completeness requirements passed,31,False,1,-1.003046833538907,-0.20695424178800786
2023-02-01,-6.023362710243321,3.7377937107502515,-14.80637116831509,3.270288506630609,39.67169308133784,6.262903459619112,12.688496778603202,17.841814611773618,40.953843128673554,0.0,9,30.929764508571868,2.9297866087521354,546.1643423814215,15.353361450078033,28,28,,1.0,True,GOOD,coverage and completeness requirements passed,28,False,2,-0.7847244668586211,
2023-03-01,-6.882451464168546,-0.20575926080710846,-19.155309816987288,-0.3971353409277139,72.35833036496352,12.401013779776079,23.204299545738877,34.08797379431767,74.61781614263344,0.0,0,52.964186143158905,2.960976912159078,713.7191982063165,19.97609478981876,31,31,,1.0,True,GOOD,coverage and completeness requirements passed,31,False,3,0.27100003943479006,-0.26352548186924535
2023-04-01,-3.909313579943787,4.106459901233887,-18.588649896330413,-0.9680808911829332,59.30035418300163,13.082361210792982,18.971018939335988,28.17327330365997,85.36256351132405,0.0,19,40.320029100147586,2.9608507302379916,794.9722214405349,21.591340343059578,30,30,,1.0,True,GOOD,coverage and completeness requirements passed,30,False,4,-0.35325360801843636,-0.5175588163211239
2023-05-01,-0.6772760586151204,6.6747682543223945,-10.80992558027637,-1.9348872969497048,125.12318010597954,16.411901915014674,36.614234225129636,62.7583007665569,139.6668270001358,13.322457116807577,30,79.96560277300641,3.00241059516479,839.2453338458831,41.019701280281794,31,31,,1.0,True,GOOD,coverage and completeness requirements passed,31,False,5,-0.17268158208328255,-1.5816487245686714
2023-06-01,5.079169015558551,12.375102678442596,-5.159192083521155,-0.47373533341048457,311.219672811888,42.59498932287297,87.74775570543504,133.0451709446121,311.219672811888,152.37507046675654,7,50.14688112130054,2.9229622786221614,679.6110485010556,144.9946785721873,30,30,,1.0,True,GOOD,coverage and completeness requirements passed,30,False,6,0.4719494645048367,-0.7300031182552934
2023-07-01,7.6987055798716915,12.444619074478549,4.788737046458558,0.5112541690546736,435.7593839670994,30.885114366011614,64.35450355305663,131.12694370339744,442.09664416261313,238.65987297602243,0,8.169084017274457,2.9007575042376605,530.6743594320901,336.8712518728593,31,31,,1.0,True,GOOD,coverage and completeness requirements passed,31,False,7,-0.575982902252684,1.1798951089026497
2023-08-01,7.683565005810295,12.229217417621028,2.7555325899386114,0.7258452814192884,441.6176570897904,30.59525016026313,80.00363763376114,148.20247674176895,494.4469113266192,238.19051518011915,0,15.01921900101714,2.9019635287754477,475.92143406122455,412.9275335634703,31,31,,1.0,True,GOOD,coverage and completeness requirements passed,31,False,8,0.4456029915792515,1.84895601821013
2023-09-01,6.141489134969069,11.70339036548249,1.1298140040591829,1.1113515559099951,201.60475035575013,17.289120330073057,37.9128559563541,74.29015851170406,426.92176994035117,184.24467404907207,0,13.760317702902865,2.90201590354061,548.0696390463143,169.39758622650527,30,30,,1.0,True,GOOD,coverage and completeness requirements passed,30,False,9,-0.43230003097585895,1.741809350266559
2023-10-01,-0.1401734670551476,8.513887920554156,-9.653804463890532,-0.14975026245833808,96.96095919988697,21.890445143760385,51.92478519639434,66.5778328981448,245.13368522481738,36.74130381379055,27,38.91330758433456,2.913091903245108,546.6466359066156,99.39958088566601,31,31,,1.0,True,GOOD,coverage and completeness requirements passed,31,False,10,0.3650505057172047,0.10099699696263814
2023-11-01,-3.5604045527135284,3.195952038694507,-11.920886844685993,0.4355196831728989,23.7109023692205,3.723536399179269,5.933717050025788,10.485771352946122,68.80297066821156,0.0,22,14.997281759379616,2.9086924070375724,498.57465668613656,42.40423601899325,30,30,,1.0,True,GOOD,coverage and completeness requirements passed,30,False,11,-0.32640076612634805,-0.48825265776295623
2023-12-01,-6.847067747202448,0.6307223744832211,-14.90464908779714,-0.10835741628009563,29.624166715911905,12.503818684191373,13.269944680800911,20.377905870293226,37.72526492440083,0.0,4,23.39599548821337,2.9683360921983244,475.5013307332864,27.884406959775635,31,31,,1.0,True,GOOD,coverage and completeness requirements passed,31,False,12,-0.19070466295981847,-0.3105347193529913
2024-01-01,-10.259008818649885,0.2243159262585581,-22.510327101189997,-0.4991978878746671,33.30327179945583,4.446090286905572,8.803042679134048,14.381347639376703,33.12770943597618,0.0,1,25.276333768704593,2.9583602371487734,506.8466583511612,20.839058235025508,31,31,,1.0,True,GOOD,coverage and completeness requirements passed,31,False,1,-0.48060419990572084,-0.20695424178800786
2024-02-01,-9.977164017196703,-2.1390258756848084,-18.36299221245524,-0.7105444383213724,38.057326405351546,7.24949191553539,13.657671510313213,22.889340019397174,49.70269632349623,0.0,0,34.87480734851812,3.0995922390245396,573.2025429711471,14.19726337118102,29,29,,1.0,True,GOOD,coverage and completeness requirements passed,29,False,2,-0.8307928776310823,
2024-03-01,-6.678559267765791,2.4871364123715782,-20.69424235956672,-0.19324314452495858,69.97970437429116,17.1200942728189,27.61217984317688,29.893280467156785,69.92114076196323,0.0,6,48.100941429762756,3.1797846196700923,731.9224228628663,22.881900934918008,31,31,,1.0,True,GOOD,coverage and completeness requirements passed,31,False,3,0.1877008809721246,-0.26352548186924535
2024-04-01,-2.513638999238582,4.646627546682253,-14.302114954068555,0.42759368952227145,32.054796841725015,5.794318861397791,8.825778960059868,14.696643646581766,60.9516209571531,0.0,26,20.625983411413443,3.0157988153729525,830.0511527304716,43.664988720190514,30,30,,1.0,True,GOOD,coverage and completeness requirements passed,30,False,4,-1.4519856873677524,-0.5175588163211239
2024-05-01,2.36052373086659,9.911636466362564,-9.880584710354015,1.1029124925320057,124.26568135549502,10.583465962154945,22.12031857799541,42.24381431083242,124.02362018502032,81.00076065009841,19,43.680640855734616,2.943429081893507,800.6274798219564,40.76010450710301,31,31,,1.0,True,GOOD,coverage and completeness requirements passed,31,False,5,-0.18965145933627314,1.3655844801453432
2024-06-01,6.377358208326064,12.312830674388248,0.18158945382943975,0.8244538593570279,372.206382513625,61.12753330335286,131.43245531510388,185.57717679071678,372.20638251362493,191.32074624978193,0,61.491721089507266,2.918489749415391,633.0959329612949,178.73991174881598,30,30,,1.0,True,GOOD,coverage and completeness requirements passed,30,False,6,1.3272954423174428,1.2704433166414106
2024-07-01,8.49675550160686,13.74265892893225,5.515292309003365,1.309304090789842,580.1051379420289,45.48465527326941,91.37700511515953,167.14533375923565,587.1920985262162,263.39942054981265,0,7.954038867699396,2.9007793794061443,472.274119687544,495.5300337082479,31,31,,1.0,True,GOOD,coverage and completeness requirements passed,31,False,7,1.2968277709202685,3.021670210818293
2024-08-01,7.547023830050278,12.239483194800876,3.3609146998685553,0.5893041056592708,445.63631194875654,38.62628401017877,83.03283391432565,160.4489686107771,573.8479645092484,233.9577387315586,0,9.154628622781466,2.9008036086353863,519.1276316748769,418.3704805292352,31,31,,1.0,True,GOOD,coverage and completeness requirements passed,31,False,8,0.5073560519546902,1.5011427374496296
2024-09-01,6.00253172937166,10.62308984443726,-2.3291466129740326,0.9723941503125872,459.1654445026119,91.91337358642976,205.60001889990622,245.39074491966466,467.5815275467911,180.07595188114982,2,136.343846730049,2.9594660773960717,465.7356564945901,313.46627020189914,30,30,,1.0,True,GOOD,coverage and completeness requirements passed,30,False,9,3.219319244403217,1.5233437356545574
2024-10-01,0.9269114209310622,7.918670048670084,-9.442058344712795,0.9173346255278716,40.94328066078123,7.3572652805915215,14.047148965818746,227.18441663965052,441.1406823139234,38.66755353707087,31,16.876766876298554,2.958930445901986,592.1681148353381,163.9599169668054,31,31,,1.0,True,GOOD,coverage and completeness requirements passed,31,False,10,-0.6634750631091594,0.20046859819893842
2024-11-01,-2.3372138792415496,5.745389017297068,-12.373640586858372,1.658710356644878,42.402315627528544,9.121782280751132,15.163601539779282,19.067036567644294,52.5356713217163,4.871801063059929,20,21.146548464946726,2.913462915136421,470.00641395777626,54.34135939561507,30,30,,1.0,True,GOOD,coverage and completeness requirements passed,30,False,11,0.7519668874768314,4.053341564235528
2024-12-01,-5.759180240614196,4.154955795900179,-18.720028091634664,0.9795300903081566,22.066385958458984,9.21455192406525,10.121758906114984,12.858395567819045,41.3420755062257,0.0,11,18.27701790956944,2.917908019666214,474.8961160605208,29.389665731445827,31,31,,1.0,True,GOOD,coverage and completeness requirements passed,31,False,12,-0.46024004554246384,-0.3105347193529913
2025-01-01,-5.747256106159361,3.33771251917391,-16.96516427477003,4.012554824615857,7.574639071951374,1.5629279800152627,2.925520284226348,10.156185376704014,21.863647734469883,0.0,12,5.014257884356944,2.9120775081206185,526.914221476425,19.10344353450343,31,31,,1.0,True,GOOD,coverage and completeness requirements passed,31,False,1,-1.172054484799829,-0.20695424178800786
2025-02-01,-7.220555878462117,3.743346116712299,-21.49643260464542,2.073095338411812,62.52953155859494,21.15554368742046,23.093302362381987,25.548532381437763,64.3438559320305,0.0,4,56.0411942872382,2.9672968535811415,546.6929829000704,14.785537473925565,28,28,,1.0,True,GOOD,coverage and completeness requirements passed,28,False,2,-0.1324412476838282,
2025-03-01,-5.927125429223259,4.124641924219872,-17.57967032983551,0.5581906940175732,47.5524585194979,9.580935724472848,29.869581905298396,35.3057235844701,89.93560046320631,0.0,7,33.16743986223635,3.1419357079616645,755.9036807693019,23.43575163553669,31,31,,1.0,True,GOOD,coverage and completeness requirements passed,31,False,3,-0.5976982165175609,-0.26352548186924535
2025-04-01,-1.6658246770308662,5.789747804323632,-11.80545628525519,1.2754080117299873,79.25068805863903,10.628365647837471,22.42579821886239,33.17028853458535,79.25068805863903,1.9521439192806582,30,43.29781522509038,2.9604333631631983,765.804804140746,37.26546327930198,30,30,,1.0,True,GOOD,coverage and completeness requirements passed,30,False,4,0.45128386384614505,-0.0828536188690852
2025-05-01,2.6740466071709963,10.14862074076838,-8.668633649854215,1.4164353688364122,160.51154406581443,19.220913535562058,30.40480644529399,54.660076538311856,157.3521408097364,86.8257870868543,21,59.52701284527191,2.9338182480501414,749.970336489796,54.80222848626109,31,31,,1.0,True,GOOD,coverage and completeness requirements passed,31,False,5,0.5276531907000312,1.6192508759689197
2025-06-01,5.938024012650422,13.088633651787111,-4.843438611174848,0.38511966368138517,381.2513521330347,27.030254935060565,72.42381177244684,141.56171349997464,381.2513521330347,178.14072037951266,6,58.82925259566785,2.93168081208552,648.6108667072484,208.55406944408625,30,30,,1.0,True,GOOD,coverage and completeness requirements passed,30,False,6,1.454152234907763,0.5934506792324025
2025-07-01,7.955693887513426,12.697811576096992,3.997628719751326,0.7682424766964084,411.3180602815785,32.238669053800166,66.26449556291153,118.60635458454048,452.8702853957822,246.6265105129162,0,3.419499783360522,2.9001765047692114,569.4978310323716,332.4073170751522,31,31,,1.0,True,GOOD,coverage and completeness requirements passed,31,False,7,-0.8930962956446961,1.772984154596528
2025-08-01,7.566875296871702,12.436500899377318,4.462228683482441,0.6091555724806955,424.10601139527097,32.47801715390052,63.405191076901886,118.51389906605624,433.44335859007913,234.57313420302276,0,8.030567582982432,2.9006970884252357,500.60636095988747,376.18642650088486,31,31,,1.0,True,GOOD,coverage and completeness requirements passed,31,False,8,0.17650854286484968,1.551710661481595
2025-09-01,6.263319313842167,11.00681214302382,2.027687648314164,1.233181734783093,259.5080140071203,14.763076576045696,41.66856434010363,107.63978965287606,412.51164267972905,187.899579415265,0,20.126819750195782,2.9028645279726475,473.0306908231,239.64417773514546,30,30,,1.0,True,GOOD,coverage and completeness requirements passed,30,False,9,0.3886352998480905,1.933347935715637
2025-10-01,0.3707230798995589,6.678552509176344,-10.057017524606465,0.3611462844963684,236.40346499227894,70.02208744919865,112.22824096174584,161.68701060692945,365.9800248277344,29.17858072048712,26,157.32855823239672,3.0068298193436602,551.0599887311489,175.45047226210534,31,31,,1.0,True,GOOD,coverage and completeness requirements passed,31,False,10,2.925316948900358,-0.2895422808401091
2025-11-01,-4.169218699390885,2.9760357399711856,-12.132677687900637,-0.17329446350445682,25.125000388939565,9.449698688343016,64.90405576989667,99.68043798621306,203.82017642279408,0.4436778800296993,17,10.440717653137417,3.069516021516141,506.98580497677693,68.80435354373222,30,30,,1.0,True,GOOD,coverage and completeness requirements passed,30,False,11,-0.24481691035174258,-0.07464691518655164
2025-12-01,-5.051657262373458,3.3339326561881717,-14.831047336221305,1.6870530685488945,1.628557704618338,0.5204700809142525,0.6727256440832318,0.8430505456345736,15.689776322605203,0.0,10,0.8850589467974133,2.99867380936641,508.7131670935961,37.22754572528001,31,31,,1.0,True,GOOD,coverage and completeness requirements passed,31,False,12,-1.1891203920813669,-0.3105347193529913
2026-01-01,-7.822497270553817,0.09605741239116455,-20.34495986197548,1.9373136602214003,26.67402122216697,14.038805167579385,17.598967572925467,20.02517259920186,26.677645439113057,0.0,1,23.936321281216497,3.004118149183469,517.5708024658691,23.08744650378687,31,31,,1.0,True,GOOD,coverage and completeness requirements passed,31,False,1,-0.6587635777804975,-0.20695424178800786
2026-02-01,-8.388406140013055,-1.0714047318524773,-16.34048520329129,0.9052450768608745,27.227257822096863,4.5690515819178845,9.559371957168963,17.643254103685372,35.286834410940685,0.0,0,16.2527828748003,3.076321089093157,564.0938177051372,17.411394491739294,28,28,,1.0,True,GOOD,coverage and completeness requirements passed,28,False,2,-1.1398453720914796,
2026-03-01,-4.386744520352136,5.157718828645604,-17.43164321716865,2.098571602888696,95.21073057569308,14.585897934680082,27.498949949676074,45.75313003866151,96.76185067961569,0.2826316798597539,15,58.847077514643324,3.1087301314500877,696.4008687462972,23.16603307296993,31,31,,1.0,True,GOOD,coverage and completeness requirements passed,31,False,3,1.0712879846059133,0.11109524019530348
2026-04-01,-2.5093938608278936,5.731934287428962,-12.406149845002467,0.43183882793295997,147.0530512598688,29.799381716409147,64.06778285162976,85.01498083311284,147.0530512598688,3.431040201672697,21,98.32989655823081,3.1938814759021428,776.8755756474314,32.438363583678516,30,30,,1.0,True,GOOD,coverage and completeness requirements passed,30,False,4,3.185550980196282,0.2464683609802347
2026-05-01,0.7191715050455428,8.174712110354333,-7.361306051835448,-0.5384397332890416,160.76203881288538,16.22973418755407,60.114597601946116,88.83561802237095,194.16862035059165,35.418629014769344,29,86.33922635958406,3.193464245474025,784.7910126059114,99.88551435338033,31,31,,1.0,True,GOOD,coverage and completeness requirements passed,31,False,5,0.5326104750201669,-0.6194116690445487
2026-06-01,4.76128533500777,10.386801525440815,-2.2842683828354997,-0.7916190139612665,173.44922776987596,21.10888702443552,41.78113549925687,56.261041694579276,179.06752280483704,142.8385600502331,12,23.543899517079044,2.972730639489991,736.5091335819845,141.4000945982381,30,30,,1.0,True,GOOD,coverage and completeness requirements passed,30,False,6,-1.4602976858080037,-1.2198464161447216
2026-07-01,7.942164443884075,12.432930584343135,4.092617344705281,0.7547130330670576,559.5058046921246,36.53744265783178,99.44437583447802,185.29162798765554,551.4832578098774,246.20709776040633,0,7.3378980336717365,2.9006580563705335,484.8161102758621,454.73305908288023,31,31,,1.0,True,GOOD,coverage and completeness requirements passed,31,False,7,1.029562194287042,1.7417603028791673
2026-08-01,7.882513974176584,12.229203221900315,5.3689258808992575,0.8331620640883237,,29.188379249942457,,,,,,,2.9005550582638766,,,25,31,,0.8064516129032258,False,INSUFFICIENT,period has 25/31 observations,31,True,8,,
