date,temp_mean,temp_max,temp_min,temp_anomaly,precip_1d_max,precip_3d_max,precip_7d_max,precip_30d_max,precip_month,precip_anomaly,PDD,freeze_thaw_cycles,snowfall_mm_we,snow_depth_m,solar_radiation_mj_m2,runoff_mm,snow_fraction,snow_fraction_anomaly,snow_fraction_change,NDSI,NDSI_anomaly,NDSI_change,snow_area_proxy_km2,VV,VH,VV_change,VH_change,VV_anomaly,VH_anomaly,angle_deg,temp_change,PDD_change,antecedent_precipitation_index,environmental_transition_magnitude,sentinel2_scene_count,sentinel2_valid_area_fraction,sentinel2_observation_count,sentinel1_scene_count,sentinel1_valid_area_fraction,sentinel1_observation_count,climate_missing_data_flag,sentinel2_missing_data_flag,sentinel1_missing_data_flag,available_feature_count,missing_data_flag,climate_expected_observation_count,climate_period_completeness,climate_is_complete_period,climate_quality_status,climate_quality_reason,sentinel1_expected_observation_count,sentinel1_period_completeness,sentinel1_is_complete_period,sentinel1_quality_status,sentinel1_quality_reason,PDD_adjusted,precip_3d_adjusted,precip_7d_adjusted,precip_30d_adjusted,antecedent_precipitation_index_adjusted,VV_change_adjusted,VH_change_adjusted,snow_fraction_change_adjusted,climate_sar_change_robust_raw,climate_sar_change_isolation_raw,climate_sar_change_pca_raw,climate_sar_change_robust_percentile,climate_sar_change_isolation_percentile,climate_sar_change_pca_percentile,climate_sar_change_anomaly_score,climate_sar_change_top_feature,anomaly_score,anomaly_model_name,top_contributing_feature,anomaly_direction,anomaly_interpretation,multisensor_climate_sar_change_robust_raw,multisensor_climate_sar_change_isolation_raw,multisensor_climate_sar_change_pca_raw,multisensor_climate_sar_change_robust_percentile,multisensor_climate_sar_change_isolation_percentile,multisensor_climate_sar_change_pca_percentile,multisensor_climate_sar_change_anomaly_score,multisensor_climate_sar_change_top_feature,environmental_regime,regime_PC1,regime_PC2,anomaly_above_reference_quantile
2015-07-01,7.094333763905133,12.639700953076227,2.718802440409781,-0.0931176469118846,26.837748472608748,63.21480784777123,112.804178482381,393.5194004428766,396.4236159302554,-1.0863439221525266,219.92434668105912,0.0,9.583312798524767,2.9022010524437114,597.3451892040816,303.95414660842715,,,,,,,,,,,,,,,,,396.4236159302554,,,,,0,0.0,,False,True,True,3,True,31,1.0,True,GOOD,coverage and completeness requirements passed,,0.0,False,INSUFFICIENT,missing VV/VH or valid ROI coverage below threshold,-11.528939713728704,-30.988328960129827,-56.745494710674265,-128.69796177605173,-898.2000792147965,,,,,,,,,,,,,climate_sar_change,,,unusual environmental state,,,,,,,,,,,,
2015-08-01,6.843906118670036,11.975236559551782,2.0488340373781067,-0.1138136057209715,43.61365911690849,72.08225532652251,123.6999758574213,470.492463191324,400.6264341530173,-0.1842927207210655,212.1610896787711,0.0,25.433193679891115,2.9033447218516075,508.685027062632,358.6779345484958,,,,,,,,,,,,,,,-0.2504276452350966,-7.7632570022880145,737.5865076937343,,,,,0,0.0,,False,True,True,3,True,31,1.0,True,GOOD,coverage and completeness requirements passed,,0.0,False,INSUFFICIENT,missing VV/VH or valid ROI coverage below threshold,-16.85311531289952,-5.458676834309699,-28.434489371112164,-65.85134842746396,-798.3746583009408,,,,,,,,,,,,,climate_sar_change,,,unusual environmental state,,,,,,,,,,,,
2015-09-01,5.376388326065215,10.27865128755404,-4.441231771491912,0.3462507470061419,15.54503113685798,35.155432678121784,65.75663129491912,385.313595365167,176.87699479454352,-0.7828828291130505,161.2916497819565,3.0,17.597569394555208,2.902710551292401,547.3058254418544,149.56879860640913,,,,,,,,,,,,,,,-1.4675177926048208,-50.86943989681461,803.8255263342177,,,,,0,0.0,,False,True,True,3,True,30,1.0,True,GOOD,coverage and completeness requirements passed,,0.0,False,INSUFFICIENT,missing VV/VH or valid ROI coverage below threshold,-7.5669948368894495,-35.411470287385825,-53.519291095253976,-53.75628924239538,-778.2297911227109,,,,,,,,,,,,,climate_sar_change,,,unusual environmental state,,,,,,,,,,,,
2015-10-01,-0.1471486893121974,7.848672420923201,-11.32297558714014,-0.1567254847153879,14.511343085856469,24.20056733340643,27.96901633688899,174.31076231896876,73.2029675155094,-0.0711636064811076,24.607057115670184,28.0,39.15369466542254,2.916404782603131,592.3205765428505,68.55282966076363,,,,,,,,-7.192089027537892,-14.174654200633103,,,1.757520787938046,2.054533883763068,39.80440596364062,-5.523537015377412,-136.6845926662863,756.4546648995944,,,,,1,0.954102558892544,1.0,False,True,False,5,True,31,1.0,True,GOOD,coverage and completeness requirements passed,,0.954102558892544,True,GOOD,VV/VH and ROI coverage pass requirements,-20.762961079203766,-18.137930197370988,-53.138217124258695,-110.77518395334957,-677.6581596746906,,,,,,,,,,,,,climate_sar_change,,,unusual environmental state,,,,,,,,,,,,
2015-11-01,-3.990453340099508,4.80322712972752,-15.286951943168647,0.0054708957869198,5.288131376785135,8.70938523482313,27.83702045037502,66.9941149580898,21.549204722556315,-0.4511160451059421,0.07187634485306,15.0,8.219895736929777,2.930440329923726,508.323990244898,39.14216755352584,,,,,,,,,,,,,,,-3.843304650787311,-24.535180770817124,664.5356698872115,,,,,0,0.0,,False,True,True,3,True,30,1.0,True,GOOD,coverage and completeness requirements passed,,0.0,False,INSUFFICIENT,missing VV/VH or valid ROI coverage below threshold,-0.885364093560491,-4.055566994201998,6.775082743199096,-14.069210596198545,-576.8870668149373,,,,,,,,,,,,,climate_sar_change,,,unusual environmental state,,,,,,,,,,,,
2015-12-01,-6.615558040177489,3.744379580213877,-16.24451529645817,0.123152290744864,2.270153503386803,3.306689193409915,11.586109730315608,28.30298229210813,21.42540387874136,-0.4830995800579287,0.0,9.0,14.725219991836726,2.9155850461806403,461.762083356791,25.531962786569803,,,,,,,,,,,,,,,-2.625104700077981,-0.07187634485306,586.2807232828711,,,,,0,0.0,,False,True,True,3,True,31,1.0,True,GOOD,coverage and completeness requirements passed,,0.0,False,INSUFFICIENT,missing VV/VH or valid ROI coverage below threshold,-0.6574058810277658,-10.667986044785149,-6.668212368866305,-5.762455967165739,-496.0659442839269,,,,,,,,,,,,,climate_sar_change,,,unusual environmental state,,,,,,,,,,,,
2016-01-01,-10.2268950961726,-1.379730239642642,-20.12775141845529,-0.4670841653973831,12.403037191947355,16.167652927756755,19.95600231964862,46.01173564313509,46.12903601833265,-0.1359151362833639,0.0,0.0,37.85769087980114,2.982091286262272,496.0569221632653,18.290435388044603,,,,,,,,,,,,,,,-3.611337055995111,0.0,544.4676508087731,,,,,0,0.0,,False,True,True,3,True,31,1.0,True,GOOD,coverage and completeness requirements passed,,0.0,False,INSUFFICIENT,missing VV/VH or valid ROI coverage below threshold,-0.185154873908144,-5.737478297684909,-11.177309918230687,-7.330338116571788,-414.69651062364346,,,,,,,,,,,,,climate_sar_change,,,unusual environmental state,,,,,,,,,,,,
2016-02-01,-7.37036939909771,3.261703712415081,-22.69716872900492,1.8962501797776217,10.70062121094828,16.57912213036957,19.364397506395186,56.10404382469057,41.67745733586,-0.7274869303283324,0.0,6.0,34.750652742650125,3.0783530063751496,567.8708971062632,17.91019515933326,,,,,,,,,,,,,,,2.85652569707489,0.0,504.4749605233171,,,,,0,0.0,,False,True,True,3,True,29,1.0,True,GOOD,coverage and completeness requirements passed,,0.0,False,INSUFFICIENT,missing VV/VH or valid ROI coverage below threshold,0.0,-8.240224144174828,-11.982404755270785,-19.782512688098258,-367.15533212480375,,,,,,,,,,,,,climate_sar_change,,,unusual environmental state,,,,,,,,,,,,
2016-03-01,-5.595592091448709,4.349566794280706,-15.89783401435565,0.889724031792123,13.04269998867188,19.05355264311043,28.944877397076567,55.75199973220977,56.55518580742209,-0.2824239321644408,0.0,8.0,37.91352590961535,3.085297958915429,724.3532548952062,28.90832106635908,,,,,,,,,,,,,,,1.7747773076490008,0.0,485.3589022522417,,,,,0,0.0,,False,True,True,3,True,31,1.0,True,GOOD,coverage and completeness requirements passed,,0.0,False,INSUFFICIENT,missing VV/VH or valid ROI coverage below threshold,-0.2917263958953674,-9.967693964791064,-6.848479500149004,-30.734038791424226,-318.9675803089981,,,,,,,,,,,,,climate_sar_change,,,unusual environmental state,,,,,,,,,,,,
2016-04-01,-2.028318638883207,5.067296501014727,-12.409713577603366,0.9129140498776468,7.807751582208334,17.6849250724827,32.014079489758544,81.28239819689897,53.72767845097822,-0.5779830021684869,0.4215799875279811,29.0,28.512730262518183,3.046521257148019,825.9053429099226,33.329168181239844,,,,,,,,,,,,,,,3.567273452565502,0.4215799875279811,466.2827453653836,,,,,0,0.0,,False,True,True,3,True,30,1.0,True,GOOD,coverage and completeness requirements passed,,0.0,False,INSUFFICIENT,missing VV/VH or valid ROI coverage below threshold,-1.9906464381065079,-3.2812103516120246,-0.45099026537684495,-7.652313719537489,-290.78761009707745,,,,,,,,,,,,,climate_sar_change,,,unusual environmental state,,,,,,,,,,,,
2016-05-01,1.2647896936646097,8.169475994069863,-8.721748404667272,0.0071784553300251,13.188531122249618,21.57338217551241,40.26827119577109,130.6591561940085,132.0567210826198,-0.0354669922827938,46.399507453502025,30.0,59.63135349389263,2.9609913718283387,776.0964032885292,47.05398366180295,,,,,,,,,,,,,,,3.2931083325478165,45.97792746597404,528.3970546431958,,,,,0,0.0,,False,True,True,3,True,31,1.0,True,GOOD,coverage and completeness requirements passed,,0.0,False,INSUFFICIENT,missing VV/VH or valid ROI coverage below threshold,-3.8958167174318845,-16.39805644033733,-21.280366648978735,-24.523923472667008,-268.55756651464253,,,,,,,,,,,,,climate_sar_change,,,unusual environmental state,,,,,,,,,,,,
2016-06-01,6.029296031241725,12.948747323215407,-3.4635673635698656,0.4763916822726886,27.86625494930125,62.82375165131117,130.25475677690144,320.4324127994386,320.4324127994386,0.6011592567943909,180.8788809372517,3.0,13.472083073180173,2.908800784170753,615.8310279042928,156.2530874975293,,,,,,,,,,,,,,,4.764506337577116,134.4793734837497,769.569909246155,,,,,0,0.0,,False,True,True,3,True,30,1.0,True,GOOD,coverage and completeness requirements passed,,0.0,False,INSUFFICIENT,missing VV/VH or valid ROI coverage below threshold,13.399988191306164,-20.642912683352776,-9.920852663835348,-10.57309797832903,-235.43361203572704,,,,,,,,,,,,,climate_sar_change,,,unusual environmental state,,,,,,,,,,,,
2016-07-01,7.198550440622812,11.994832581554332,3.8548877949617575,0.0110990298057942,42.87668359501944,96.67829658713173,207.97080106724613,658.045667717561,688.2322485782145,2.699720487071601,223.1550636593072,0.0,72.33296967859339,2.909547727834138,450.5528847663617,564.5709644890352,,,,,,,,,,,,,,,1.1692544093810868,42.27618272205547,1342.3666714374465,,,,,0,0.0,,False,True,True,3,True,31,1.0,True,GOOD,coverage and completeness requirements passed,,0.0,False,INSUFFICIENT,missing VV/VH or valid ROI coverage below threshold,-8.298222735480635,2.4751597792306654,38.42112787419086,135.82830549863263,47.74297629239459,,,,,,,,,,,,,climate_sar_change,,,unusual environmental state,,,,,,,,,,,,
2016-08-01,7.0272715814688285,11.17951770543551,1.1296405252648838,0.0695518570778216,14.508387061089229,67.66506428725454,184.1464751219552,645.9406615324533,279.6399209967691,-2.0434440322307297,217.8454190255337,0.0,8.95006080563747,2.9038181928865123,563.856727304715,290.1803989023662,,,,,,,,,,,,,,,-0.1712788591539835,-5.309644633773502,1420.6515917185984,,,,,0,0.0,,False,True,True,3,True,31,1.0,True,GOOD,coverage and completeness requirements passed,,0.0,False,INSUFFICIENT,missing VV/VH or valid ROI coverage below threshold,-11.168785966136937,-9.875867873577675,32.01200989342175,109.59684991366532,-115.30957427607677,,,,,,,,,,,,,climate_sar_change,,,unusual environmental state,,,,,,,,,,,,
2016-09-01,5.429695309212386,10.540845583460037,0.0782368755944818,0.3995577301533117,26.1420494159557,58.50744463336815,103.22596072747407,321.6167244298974,278.759132823456,0.6615719634768205,162.89085927637157,0.0,40.45752509523978,2.9081719383211704,457.1502491261876,233.69238233058744,,,,,,,,,,,,,,,-1.5975762722564424,-54.95455974916212,1486.3129857842646,,,,,0,0.0,,False,True,True,3,True,30,1.0,True,GOOD,coverage and completeness requirements passed,,0.0,False,INSUFFICIENT,missing VV/VH or valid ROI coverage below threshold,-5.967785342474372,-12.059458332139457,-16.04996166269902,-117.45316017766498,-95.74233167266402,,,,,,,,,,,,,climate_sar_change,,,unusual environmental state,,,,,,,,,,,,
2016-10-01,1.5029697322725162,8.950238936959167,-8.837910838331808,1.4933929368693255,7.726844329327484,21.542826392331506,42.88162231887112,278.5995042117711,84.02181100575363,0.1274782766715263,60.34428904133218,22.0,25.58293883452149,2.907518468343304,544.8813741249152,95.52653738409596,,,,,,,,,,,,,,,-3.92672557693987,-102.54657023503938,1347.3878489223785,,,,,0,0.0,,False,True,True,3,True,31,1.0,True,GOOD,coverage and completeness requirements passed,,0.0,False,INSUFFICIENT,missing VV/VH or valid ROI coverage below threshold,14.974270846458232,-20.79567113844591,-38.22561114227656,-6.486442060547233,-86.72497565190656,,,,,,,,,,,,,climate_sar_change,,,unusual environmental state,,,,,,,,,,,,
2016-11-01,-1.692146221882404,5.976990461248842,-10.868066640339777,2.303778014004024,2.450210277529388,3.0024070207480467,4.561970737988094,70.89137953715792,6.703513052001163,-1.307611670752495,2.4738914130916707,30.0,1.5753582198589644,2.9006167934464555,522.563994489796,39.73948214672385,,,,,,,,,,,,,,,-3.19511595415492,-57.87039762824051,1151.9831846360228,,,,,0,0.0,,False,True,True,3,True,30,1.0,True,GOOD,coverage and completeness requirements passed,,0.0,False,INSUFFICIENT,missing VV/VH or valid ROI coverage below threshold,1.5166509746781198,-9.762545208277082,-16.49996696918783,-10.171946017130423,-89.439552066126,,,,,,,,,,,,,climate_sar_change,,,unusual environmental state,,,,,,,,,,,,
2016-12-01,-2.568012628919488,7.79106719562659,-12.704746774113715,4.170697702002864,3.9937372057213816,8.778693760157696,10.06908887679664,17.179841547294103,19.10588483707907,-0.5658212773876186,5.651244951284484,24.0,11.374828220200238,2.9050319890115825,473.227280416608,25.1863942252843,,,,,,,,,,,,,,,-0.8758664070370841,3.177353538192813,998.2915917776984,,,,,0,0.0,,False,True,True,3,True,31,1.0,True,GOOD,coverage and completeness requirements passed,,0.0,False,INSUFFICIENT,missing VV/VH or valid ROI coverage below threshold,4.993839070256718,-5.195981478037368,-8.185233222385273,-16.885596711979765,-84.05507578909965,,,,,,,,,,,,,climate_sar_change,,,unusual environmental state,,,,,,,,,,,,
2017-01-01,-10.003527699029336,1.256054169925334,-20.727798842041512,-0.2437167682541183,19.711246521308507,24.32118414102523,26.256761364462346,41.39538922917495,36.31139135213622,-0.3997617725709458,0.0,3.0,33.20284544068856,2.94908943738286,520.0037488198452,17.654346542027866,,,,,,,,,,,,,,,-7.435515070109847,-5.651244951284484,884.8592443631798,,,,,0,0.0,,False,True,True,3,True,31,1.0,True,GOOD,coverage and completeness requirements passed,,0.0,False,INSUFFICIENT,missing VV/VH or valid ROI coverage below threshold,-0.185154873908144,2.416052915583567,-4.87655087341696,-11.946684530531925,-74.30491706923681,,,,,,,,,,,,,climate_sar_change,,,unusual environmental state,,,,,,,,,,,,
2017-02-01,-7.3977631295183714,2.908972347294444,-21.55255603615788,1.8958880873555568,8.849406251808356,11.321862349217088,26.792892168355703,45.74210190520281,26.027481241990152,-1.1740828233159768,0.0,5.0,16.576508937022115,2.978059294604012,569.5275425890218,21.135246041666697,,,,,,,,-7.430333924205145,-12.9509990018544,,,0.2423618838555636,0.4161429048543077,39.9343269605393,2.6057645695109644,0.0,778.1578389506928,,,,,2,0.9542497586472484,2.0,False,True,False,5,True,28,1.0,True,GOOD,coverage and completeness requirements passed,,0.9542497586472484,True,GOOD,VV/VH and ROI coverage pass requirements,0.0,-13.497483925327309,-4.553910093310268,-30.14445460758602,-93.47245369742802,,,,,,,,,,,,,climate_sar_change,,,unusual environmental state,,,,,,,,,,,,
2017-03-01,-7.069654778789826,4.061013273149228,-17.546615916285,-0.5843386555489943,45.6622049167046,81.24681172121939,85.78774930430018,130.77837298561096,131.9222723704402,2.3569211818220075,0.0,9.0,102.81312797693072,3.264560373366358,708.1387494479782,22.35238297064484,,,,,,,,-7.783923427034779,-12.976650859652086,-0.3535895028296334,-0.0256518577976869,0.7015448370760815,1.6811915656870102,39.92287661943629,0.3281083507285451,0.0,793.3564354785291,,,,,2,0.9542497586472484,2.0,False,True,False,5,True,31,1.0,True,GOOD,coverage and completeness requirements passed,,0.9542497586472484,True,GOOD,VV/VH and ROI coverage pass requirements,-0.2917263958953674,52.2255651133179,49.994392407074606,44.292334461976964,-10.970047082710721,0.45918295322051894,1.2650486608327023,,1.6869549725714537,-0.038237835131322284,0.400988758307965,0.6698113207547169,0.7924528301886793,0.9622641509433962,0.8081761006289309,precip_7d_adjusted,0.8081761006289309,climate_sar_change,precip_7d_adjusted,above_reference,unusual environmental state,,,,,,,,,1,-0.9564351799253297,0.4537808685630063,False
2017-04-01,-2.140241270403088,5.140253211712039,-12.882820536367138,0.8009914183577657,22.907566037701333,29.81344768181714,40.72509878451243,136.05332152929094,94.46560985822984,1.064856288025387,5.254652197003795,27.0,47.64636019985392,3.128792079561934,800.3928012836031,52.65149808397686,0.5346303240247704,-0.1075078810517433,,0.3889800340599125,-0.0893774304809842,,2.785783420649748,-8.813286446152754,-15.067619544403028,-1.0293630191179748,-2.0909686847509423,0.648375770789885,1.2187813399711036,39.91423337658239,4.929413508386738,5.254652197003795,768.8185800149796,,1.0,0.998432084708628,1.0,2,0.9542497586472484,2.0,False,False,False,7,False,30,1.0,True,GOOD,coverage and completeness requirements passed,,0.9542497586472484,True,GOOD,VV/VH and ROI coverage pass requirements,2.8424257713693057,8.847312257722418,8.260029029377044,47.118609612854485,11.748224552518536,-0.05316906628619755,-0.4624102257159093,,0.6261827889358421,-0.12434567159276794,0.08835894008468977,0.08490566037735849,0.12264150943396226,0.5943396226415094,0.2672955974842767,VH_change_adjusted,0.2672955974842767,climate_sar_change,VH_change_adjusted,below_reference,unusual environmental state,,,,,,,,,1,0.7258961180296418,0.4910103417808452,False
2017-05-01,1.0791040613716576,6.138666050674064,-9.23988031310818,-0.1785071769629267,20.45032422488384,36.95797540340681,56.23703513466084,149.47649952806375,152.31166799467186,0.365377863373434,40.9889792042111,30.0,69.53362319133467,3.034128572467554,788.5701238662914,80.44973200870014,,,,,,,0.0,-9.686925099686848,-16.74600289304946,-0.8736386535340941,-1.6783833486464328,0.1139082530481037,0.3229117466590203,39.915006486797104,3.2193453317747456,35.734327007207305,805.8074610074045,,0.0,0.0,,3,0.9542497586472484,3.0,False,True,False,5,True,31,1.0,True,GOOD,coverage and completeness requirements passed,,0.9542497586472484,True,GOOD,VV/VH and ROI coverage pass requirements,-9.306344966722811,-1.0134632124429288,-5.311602710088984,-5.706580138611741,8.85283984956618,-0.5344675177417808,-0.8958695933120825,,1.3661534804714708,-0.07934141602451811,0.012576587269702724,0.5094339622641509,0.46226415094339623,0.1320754716981132,0.3679245283018868,PDD_adjusted,0.3679245283018868,climate_sar_change,PDD_adjusted,below_reference,unusual environmental state,,,,,,,,,1,-2.1783142080945797,0.9890253145315326,False
2017-06-01,5.379019800538598,10.775947448386876,-2.9957477255491485,-0.173884548430439,29.108704992535245,60.57844321945245,92.5575655472848,199.15926082166183,199.1592608216619,-1.0997113635121492,161.37059401615792,4.0,18.81430565296324,2.9225653129146325,699.1594800492611,110.75767061498114,,,,,,,0.0,-9.857766643851413,-17.66830911884205,-0.1708415441645634,-0.9223062257925888,0.4418519701856827,1.1709152659147968,39.9110063714656,4.29991573916694,120.38161481194685,884.0956026779556,,0.0,0.0,,1,0.9542497586472484,1.0,False,True,False,5,True,30,1.0,True,GOOD,coverage and completeness requirements passed,,0.9542497586472484,True,GOOD,VV/VH and ROI coverage pass requirements,-6.108298729787606,-22.888221115211493,-47.618043893452,-131.84624995610582,-120.90791860392642,0.3279437171375804,0.8480035192557777,,1.4685263319815107,-0.03358007174604127,0.11812066985618119,0.5471698113207547,0.8113207547169812,0.6509433962264151,0.669811320754717,precip_7d_adjusted,0.669811320754717,climate_sar_change,precip_7d_adjusted,below_reference,unusual environmental state,,,,,,,,,1,-1.9111132427155904,-3.2504728556573403,False
2017-07-01,7.163415462439103,12.095252175703614,4.641020543033373,-0.0240359483779145,56.18929255814052,87.95659193242382,161.62468561002095,485.64551775645816,488.8590102159533,0.112956980229902,222.06587933561212,0.0,31.385601629921872,2.904088819350694,500.5114674919071,371.4835540634658,,,,,,,0.0,-9.782006706611526,-18.11861497089883,0.0757599372398853,-0.4503058520567791,0.2152183318463549,0.8523325362079426,39.90949442101857,1.784395661900505,60.69528531945423,1240.3402724922155,,0.0,0.0,,3,0.9542497586472484,3.0,False,True,False,5,True,31,1.0,True,GOOD,coverage and completeness requirements passed,,0.9542497586472484,True,GOOD,VV/VH and ROI coverage pass requirements,-9.3874070591757,-6.246544875477241,-7.924987583034323,-36.57184446247015,-54.28342265283641,-0.22663363833932912,-0.3185827297068522,,1.0842333863399038,-0.11098706065599401,0.06964709934323528,0.3867924528301887,0.25471698113207547,0.5094339622641509,0.38364779874213834,PDD_adjusted,0.38364779874213834,climate_sar_change,PDD_adjusted,below_reference,unusual environmental state,,,,,,,,,1,-2.373668556551908,-0.04712767376256227,False
2017-08-01,7.036783369530725,12.370378655065227,3.589195617632852,0.0790636451397177,68.60014480616658,134.7110103948119,253.17730516488425,577.3925022160371,536.7535197090857,1.9075177054271044,218.14028445545247,0.0,49.74294435049367,2.9097864130607314,481.3346673314567,498.9136532158771,,,,,,,0.0,-9.555660238267992,-18.18067353758714,0.2263464683435323,-0.0620585666883108,0.2671650147116153,0.6449465496871305,39.90961656976014,-0.1266320929083777,-3.925594880159679,1591.042751327469,,0.0,0.0,,2,0.9542497586472484,2.0,False,True,False,5,True,31,1.0,True,GOOD,coverage and completeness requirements passed,,0.9542497586472484,True,GOOD,VV/VH and ROI coverage pass requirements,-10.87392053621815,57.17007823397968,101.04283993635079,41.048690597249106,55.08158533279379,0.051946682865259,-0.20738598652081358,,2.454533526296154,-0.04801460758003445,0.28977999177626285,0.8490566037735849,0.6981132075471698,0.8773584905660378,0.8081761006289309,precip_7d_adjusted,0.8081761006289309,climate_sar_change,precip_7d_adjusted,above_reference,unusual environmental state,,,,,,,,,1,-3.059283619595163,4.105440284382007,False
2017-09-01,5.5813289007297024,10.510615538476998,0.754801402940981,0.5511913216706292,23.704322363019912,46.29254468115843,71.82207465749578,528.4490385394328,167.1541415578176,-0.9207305640266148,167.43986702189108,0.0,19.73747087604537,2.903257347832946,565.8371331560622,153.32512553836324,,,,,,,0.0,-9.84658546636518,-17.707143724058835,-0.2909252280971852,0.4735298135283052,0.0966697979354869,0.8448419371283578,39.913812589574405,-1.4554544688010225,-50.7004174335614,1519.5404801861662,,0.0,0.0,,3,0.9542497586472484,3.0,False,True,False,5,True,30,1.0,True,GOOD,coverage and completeness requirements passed,,0.9542497586472484,True,GOOD,VV/VH and ROI coverage pass requirements,-1.4187775969548682,-24.274358284349177,-47.45384773267732,89.3791539318704,-62.51483727076243,-0.170495216776127,0.19989538744122604,,1.0083849712678585,-0.08264259703499427,0.06671378349157557,0.330188679245283,0.4339622641509434,0.4811320754716981,0.4150943396226415,precip_7d_adjusted,0.4150943396226415,climate_sar_change,precip_7d_adjusted,below_reference,unusual environmental state,,,,,,,,,1,-0.34834886079060784,-2.2333070155924544,False
2017-10-01,1.395670680086609,8.79112218525276,-11.904353157489064,1.3860938846834183,5.364795808297217,9.516155464967632,22.133233525579577,153.74238996278083,47.04654943932561,-0.5514145822777314,70.02204663694833,21.0,18.977092274901818,2.906728389761033,579.2193822814663,59.75119204881072,,,,,,,0.0,-9.23666651425792,-16.334586243296403,0.6099189521072574,1.3725574807624312,-0.2870566987819813,-0.1053981589002326,39.90970874379693,-4.185658220643093,-97.41782038494274,1338.6559575975668,,0.0,0.0,,3,0.9542497586472484,3.0,False,True,False,5,True,31,1.0,True,GOOD,coverage and completeness requirements passed,,0.9542497586472484,True,GOOD,VV/VH and ROI coverage pass requirements,24.652028442074382,-32.822342065809785,-58.97399993556811,-131.3435563095375,-95.45686697671817,-0.18844640916879873,-0.7219585533882498,,2.9265363998461242,0.002819275117147191,0.1483032120815935,0.9056603773584906,0.8867924528301887,0.7169811320754716,0.8364779874213837,PDD_adjusted,0.8364779874213837,climate_sar_change,PDD_adjusted,above_reference,unusual environmental state,,,,,,,,,0,6.344648664049778,-2.1545442563083497,False
2017-11-01,-3.761604810430288,3.414321873642732,-11.440570091983094,0.2343194254561391,4.231203597543532,8.80532105940829,12.555618216091665,44.11738475287085,23.6895337881928,-0.3276335881856128,0.0,20.0,14.636867824498822,2.9095166159753685,507.09929515974665,31.57276874126304,0.4180124464106816,-0.0546943625826108,,0.2789636619490597,-0.0491899182328093,,2.1781258759691395,-7.535917029738184,-13.175246600556472,1.7007494845197373,3.159339642739932,0.2895966415450379,0.7473158056466893,39.91211871910468,-5.157275490516897,-70.02204663694833,1161.5470977461246,,5.0,0.998432084708628,5.0,2,0.9542497586472484,2.0,False,False,False,7,False,30,1.0,True,GOOD,coverage and completeness requirements passed,,0.9542497586472484,True,GOOD,VV/VH and ROI coverage pass requirements,-0.957240438413551,-3.9596311696168396,-8.50631949108426,-36.94594080141749,-79.8756389560242,0.3813732527783482,0.6244324219065813,,0.8178523224277179,-0.10715590523640584,0.1757777111332602,0.22641509433962265,0.3018867924528302,0.7735849056603774,0.43396226415094336,VH_change_adjusted,0.43396226415094336,climate_sar_change,VH_change_adjusted,above_reference,unusual environmental state,,,,,,,,,1,-0.6365425133946305,-1.5674864211295847,False
2017-12-01,-3.618955760907669,4.357911359987007,-11.892748472574793,3.119754570014684,2.6905362253764133,3.2017793749609944,12.387502036038596,23.37757461351265,10.472447120127956,-0.8737181339810212,0.5471219570402874,20.0,7.240036685992345,2.9064553644364275,471.158821078114,21.25389334980993,0.431494584293583,-0.0679324021052961,0.0134821378829014,0.2864653344735866,-0.0682851641867857,0.0075016725245268,2.248376878393313,-7.148694067290927,-12.592500508976316,0.3872229624472565,0.582746091580157,0.1986262155876605,0.4832392126863123,39.90434113019365,0.1426490495226189,0.5471219570402874,997.787480204334,0.3464153398766189,10.0,0.998432084708628,8.59562659624243,3,0.9542497586472484,3.0,False,False,False,7,False,31,1.0,True,GOOD,coverage and completeness requirements passed,,0.9542497586472484,True,GOOD,VV/VH and ROI coverage pass requirements,-0.11028392398747833,-10.77289586323407,-5.866820063143317,-10.687863645761219,-84.55918736246406,-0.09097042595737714,-0.26407659296037445,-0.01323803952268519,1.312188148405602,-0.07701893992478692,0.2064952592170525,0.4811320754716981,0.4716981132075472,0.839622641509434,0.5974842767295597,temp_anomaly,0.5974842767295597,climate_sar_change,temp_anomaly,above_reference,unusual environmental state,1.0084728963791525,-0.09336433198648891,0.3895394214869835,0.3010752688172043,0.34408602150537637,0.8064516129032258,0.4838709677419355,temp_anomaly,1,0.4998343003653787,-0.8112131031161877,False
2018-01-01,-5.870084265195906,6.6366530126455086,-20.22819787924091,3.889726665579312,11.896563031357829,17.123252180569448,18.81960042940764,24.658693859679328,24.53136169998216,-0.7163469928316192,1.85154873908144,16.0,22.939924524283004,2.9304365790371176,516.2980743068262,14.971946638122064,0.4021884300556713,-0.1785830451959501,-0.0293061542379117,0.2630347835024126,-0.1424793908615294,-0.0234305509711739,2.095672112258132,-7.298458053879619,-12.657253624260642,-0.1497639865886917,-0.0647531152843274,-0.0689646123500473,0.1251028756319581,39.911400665951234,-2.2511285042882374,1.304426782041152,872.6507198736659,0.272235185478837,7.0,0.998432084708628,7.0,2,0.9542497586472484,2.0,False,False,False,7,False,31,1.0,True,GOOD,coverage and completeness requirements passed,,0.9542497586472484,True,GOOD,VV/VH and ROI coverage pass requirements,1.666393865173296,-4.781879044872216,-12.313711808471666,-28.68337990002755,-86.51344155875063,-0.2293011388066177,-0.2990723541508877,-0.11499647571148228,1.6654627808224822,-0.04124715840802057,0.19336196133936345,0.6509433962264151,0.7735849056603774,0.8018867924528302,0.7421383647798742,temp_anomaly,0.7421383647798742,climate_sar_change,temp_anomaly,above_reference,unusual environmental state,1.3972758426996656,-0.04351496382116987,0.26575239686290286,0.5591397849462365,0.6989247311827957,0.6666666666666666,0.6415770609318997,temp_anomaly,1,1.1536829792656331,-1.0474536267053722,False
2018-02-01,-7.87679140470224,0.9391004719422344,-18.447797668156344,1.4168598121716889,6.780082049137,12.917017507603564,20.8495663676226,52.6569857906194,41.31276274080302,-0.737894045800607,0.0,2.0,35.20057193232329,2.9779367824968754,536.0414890513723,14.818514063482466,0.7360530068502398,0.0611699834157838,0.3338645767945685,0.5122337345514396,0.0213645609666432,0.249198951049027,3.835331014833701,-7.617162539543973,-13.165655652285462,-0.3187044856643544,-0.50840202802482,0.0555332685167364,0.201486254423246,39.91044527037153,-2.006707139506333,-1.85154873908144,783.0658746334191,1.6873954938841127,3.0,0.998432084708628,2.657156912398503,3,0.9542497586472484,3.0,False,False,False,7,False,28,1.0,True,GOOD,coverage and completeness requirements passed,,0.9542497586472484,True,GOOD,VV/VH and ROI coverage pass requirements,0.0,-11.902328766940833,-10.49723589404337,-23.229570722169427,-88.5644180147018,0.1547931163487284,0.12840124189807667,0.23975302861173398,0.7103346099886221,-0.1100519288362744,0.1945936154671384,0.16981132075471697,0.2641509433962264,0.8207547169811321,0.41823899371069184,antecedent_precipitation_index_adjusted,0.41823899371069184,climate_sar_change,antecedent_precipitation_index_adjusted,below_reference,unusual environmental state,0.959758325535461,-0.057307642155063954,0.805362166768377,0.26881720430107525,0.6236559139784946,0.967741935483871,0.6200716845878137,snow_fraction_change_adjusted,1,0.018920967269300593,-1.2514242728569764,False
2018-03-01,-6.628707337878632,2.3168009393572784,-17.486669567518863,-0.1433912146377999,9.16616659846801,15.442322984055169,20.00355767338557,52.630552153118,53.59474181515042,-0.3860982778577615,0.0,3.0,34.581243784745595,3.00688695554348,744.6442021867715,14.026121492645087,0.6519544489449465,-0.0670177513959424,-0.0840985579052933,0.4855834735855658,-0.0597742834377414,-0.0266502609658738,3.397120988605813,-8.181474023304117,-14.174679714740249,-0.564311483760144,-1.0090240624547864,0.3039942408067428,0.4831627105988474,39.90855332597384,1.2480840668236075,0.0,719.2007352535567,0.6264561980047101,4.0,0.998432084708628,4.0,2,0.9542497586472484,2.0,False,False,False,7,False,31,1.0,True,GOOD,coverage and completeness requirements passed,,0.9542497586472484,True,GOOD,VV/VH and ROI coverage pass requirements,-0.2917263958953674,-13.578923623846324,-15.789799223840003,-33.85548637051599,-85.12574730768313,0.2484609722900084,0.2816764561756029,-0.12818773481172632,0.6775364043951495,-0.11989260355788472,0.15517764990530672,0.1320754716981132,0.18867924528301888,0.7358490566037735,0.3522012578616352,antecedent_precipitation_index_adjusted,0.3522012578616352,climate_sar_change,antecedent_precipitation_index_adjusted,below_reference,unusual environmental state,0.723961707417934,-0.11106924364408899,0.27058687722875496,0.16129032258064516,0.1827956989247312,0.6881720430107527,0.3440860215053763,antecedent_precipitation_index_adjusted,1,-0.4362416708065028,-1.3792670965191351,False
2018-04-01,-2.716529570029256,2.683471535797464,-12.165328565002891,0.2247031187315974,16.349636703790367,32.2124602508362,44.79543918299721,115.51125790738834,115.51125790738836,1.913564514201918,0.0,28.0,46.72991327369909,3.0153612053769963,770.7709969908516,36.19190353184498,0.5804266120184137,-0.0617115930581,-0.0715278369265327,0.4328113295521955,-0.0455461349887012,-0.0527721440333703,3.0244128699850634,-9.29234539800956,-15.954950371278963,-1.110871374705443,-1.7802706565387147,0.169316818933078,0.3314505130951684,39.90858663009317,3.912177767849376,0.0,726.8318828729115,1.1229277279916237,1.0,0.998432084708628,1.0,3,0.9542497586472484,3.0,False,False,False,7,False,30,1.0,True,GOOD,coverage and completeness requirements passed,,0.9542497586472484,True,GOOD,VV/VH and ROI coverage pass requirements,-2.412226425634489,11.246324826741478,12.330369427861818,26.576545990951885,-30.238472589549588,-0.13467742187366583,-0.1517121975036817,-0.00813232679362555,0.555987834686335,-0.127667758530777,0.11830603273038554,0.05660377358490566,0.09433962264150944,0.660377358490566,0.27044025157232704,precip_7d_adjusted,0.27044025157232704,climate_sar_change,precip_7d_adjusted,above_reference,unusual environmental state,0.547384304066307,-0.12889747042114325,0.13466926788213585,0.03225806451612903,0.021505376344086023,0.27956989247311825,0.1111111111111111,precip_7d_adjusted,1,-0.7441836702410471,0.5255934977926815,False
2018-05-01,1.149636056393207,8.453822943025058,-9.041219448489567,-0.1079751819413769,10.96364079353431,30.85610554957289,47.074469025269664,150.92913486250183,127.24307444304988,-0.1307289300600972,46.999355100596,29.0,46.07153145228051,2.990129839368833,819.2838293849402,55.658297895084885,0.6162114319285398,0.0165171082719104,0.035784819910126,0.453515574714682,0.0026303428930343,0.0207042451624865,3.2108758398856403,-9.905616133685164,-17.05403870039145,-0.613270735675604,-1.0990883291124884,-0.1047827809502131,0.0148759393170294,39.91428265367636,3.8661656264224633,46.999355100596,745.0501748850246,1.0200844500633826,1.0,0.998432084708628,1.0,2,0.9542497586472484,2.0,False,False,False,7,False,31,1.0,True,GOOD,coverage and completeness requirements passed,,0.9542497586472484,True,GOOD,VV/VH and ROI coverage pass requirements,-3.295969070337911,-7.11533306627685,-14.474168819480163,-4.2539448041736705,-51.90444627281374,-0.27409959988329075,-0.31657457377813814,0.09166718646147841,0.6971385549441903,-0.12046656668351274,0.06305299703923037,0.16037735849056603,0.1792452830188679,0.46226415094339623,0.2672955974842767,antecedent_precipitation_index_adjusted,0.2672955974842767,climate_sar_change,antecedent_precipitation_index_adjusted,below_reference,unusual environmental state,0.7119214647541663,-0.11594175901183612,0.14270034535033183,0.15053763440860216,0.13978494623655913,0.3225806451612903,0.20430107526881716,antecedent_precipitation_index_adjusted,1,-0.896637510832862,-0.24171186343895634,False
2018-06-01,5.396840492410822,10.986910596252937,-2.905079791547524,-0.1560638565582139,52.674105027188425,114.62370362640624,160.3661483540593,355.43449674159274,355.4344967415928,1.092067716381744,161.90521477232468,5.0,67.07063640345262,2.9256784795680124,627.5748215172414,179.86711756412117,,,,,,,0.0,-10.268954053239613,-18.687193832614927,-0.3633379195544481,-1.6331551322234752,0.0306645607974829,0.1520305521419196,39.90858501556674,4.247204436017615,114.90585967172868,988.7271453938638,,0.0,0.0,,3,0.9542497586472484,3.0,False,True,False,5,True,30,1.0,True,GOOD,coverage and completeness requirements passed,,0.9542497586472484,True,GOOD,VV/VH and ROI coverage pass requirements,-5.573677973620846,31.157039291742294,20.190538913322513,24.428985963825085,-16.276375888018265,0.13544734174769568,0.13715461282489128,,0.8397776097741786,-0.11936074908801791,0.11154690883644224,0.24528301886792453,0.19811320754716982,0.6415094339622641,0.3616352201257862,PDD_adjusted,0.3616352201257862,climate_sar_change,PDD_adjusted,below_reference,unusual environmental state,,,,,,,,,1,-1.7303603757246122,0.42165096845431466,False
2018-07-01,7.565094145561785,11.943476093461385,3.51769154687571,0.3776427347447681,43.11057902667196,93.43256951317566,193.8558219929387,564.7569323817428,560.7729011773064,1.0460021085625986,234.5179185124153,0.0,24.486617025257964,2.902942440717684,470.6540140035187,478.0847798039341,,,,,,,0.0,-9.90243251882663,-19.16880656406535,0.3665215344129819,-0.4816127314504221,0.09479251963125,-0.1978590569585776,39.91065419942535,2.168253653150962,72.61270374009064,1401.1909747620907,,0.0,0.0,,2,0.9542497586472484,2.0,False,True,False,5,True,31,1.0,True,GOOD,coverage and completeness requirements passed,,0.9542497586472484,True,GOOD,VV/VH and ROI coverage pass requirements,3.0646321176274682,-0.7705672947253959,24.30614879988343,42.53957016281447,106.56727961703882,0.06412795883376748,-0.34988960910049527,,0.7820404586727451,-0.12265363105358157,0.05673970284474387,0.20754716981132076,0.14150943396226415,0.42452830188679247,0.2578616352201258,precip_7d_adjusted,0.2578616352201258,climate_sar_change,precip_7d_adjusted,above_reference,unusual environmental state,,,,,,,,,1,0.6224691266997698,1.1688724051053943,False
2018-08-01,7.29904179677808,11.441313415140796,5.024704254386651,0.3413220723870728,26.41595502100219,66.98811416838399,127.96444569947752,554.4831876033539,523.4290774354463,1.7027663353617526,226.27029570012047,0.0,26.11443746696049,2.902729915724459,457.62278331949335,463.4628109922298,,,,,,,0.0,-9.867592181640742,-18.87159501080645,0.0348403371858889,0.2972115532588937,-0.0447669286611347,-0.0459749235321815,39.9108123235684,-0.2660523487837052,-8.24762281229485,1714.4414059832234,,0.0,0.0,,3,0.9542497586472484,3.0,False,True,False,5,True,31,1.0,True,GOOD,coverage and completeness requirements passed,,0.9542497586472484,True,GOOD,VV/VH and ROI coverage pass requirements,-2.7439092915501533,-10.552817992448226,-24.170019529055935,18.13937598456596,178.4802399885482,-0.13955944829238442,0.15188413342639093,,0.6656888738383545,-0.09589972717579615,0.3412682934772264,0.12264150943396226,0.39622641509433965,0.9339622641509434,0.4842767295597484,antecedent_precipitation_index_adjusted,0.4842767295597484,climate_sar_change,antecedent_precipitation_index_adjusted,above_reference,unusual environmental state,,,,,,,,,1,-0.692834196926644,-0.8263640910543248,False
2018-09-01,5.09253391158789,10.125435655071758,-3.0242307680413,0.0623963325288167,18.366442908081343,54.53588174074888,130.5322868900503,497.562482061402,215.0628736379888,-0.2414947431168796,152.7760173476367,9.0,28.51048042902029,2.904854863466803,553.4366261508181,228.3429868996437,0.466176206219557,0.0123723298004553,,0.3563371817582479,0.0253614317162866,,2.429091445115392,-9.94611661360649,-18.29284984412064,-0.0785244319657483,0.5787451666858132,-0.0028613493058227,0.2591358170665536,39.91172091638055,-2.20650788519019,-73.49427835248378,1672.3380687237286,,1.0,0.998432084708628,1.0,2,0.9542497586472484,2.0,False,False,False,7,False,30,1.0,True,GOOD,coverage and completeness requirements passed,,0.9542497586472484,True,GOOD,VV/VH and ROI coverage pass requirements,-16.082627271209248,-16.03102122475873,11.256364499877208,58.492597453839664,90.2827512668,0.04190557935530988,0.30511074059873405,,1.6691619090506022,-0.10493158548030723,0.029724134127073042,0.660377358490566,0.33962264150943394,0.25471698113207547,0.41823899371069184,PDD_adjusted,0.41823899371069184,climate_sar_change,PDD_adjusted,below_reference,unusual environmental state,,,,,,,,,1,-4.168464240714845,0.17608534593645148,False
2018-10-01,-1.4384869828328273,6.930602035146652,-10.221130160627672,-1.4480637782360175,3.188135964055548,6.7678103936660525,16.919142873060107,203.3724821122456,32.84461711658749,-0.8121724519648985,8.295022865061116,27.0,16.092204617272163,2.90632992860681,619.1286460923221,63.505873550712685,0.3972541490078895,-0.0897575313436956,-0.0689220572116675,0.263947461397516,-0.0841172024265394,-0.0923897203607319,2.069961190677297,-8.42943469592256,-14.76624834724037,1.5166819176839308,3.5266014968802715,0.5201751195533788,1.4629397371558,39.91211128748653,-6.531020894420717,-144.48099448257557,1454.3319755317566,2.807310348987697,3.0,0.998432084708628,3.0,3,0.9542497586472484,3.0,False,False,False,7,False,31,1.0,True,GOOD,coverage and completeness requirements passed,,0.9542497586472484,True,GOOD,VV/VH and ROI coverage pass requirements,-37.074995329812836,-35.57068713711136,-64.18809058808758,-81.71346416007273,20.219150957471584,0.7183165564078746,1.4320854627295905,-0.10212986114415094,4.262620965061606,0.10886713616103993,0.19296337470233568,0.9905660377358491,0.9905660377358491,0.7924528301886793,0.9245283018867925,PDD_adjusted,0.9245283018867925,climate_sar_change,PDD_adjusted,below_reference,unusual environmental state,4.202670443231212,0.03607687435373863,0.30251295236105435,0.989247311827957,0.946236559139785,0.7526881720430108,0.896057347670251,PDD_adjusted,1,-9.772007999554694,-4.293767282337945,True
2018-11-01,-3.685003527779154,3.89844654789282,-13.469175038347752,0.3109207081072729,5.577627246980512,10.157659507103329,16.32392953484466,34.33419463118668,32.305117345734374,0.1694270940096537,0.0,17.0,19.66588027555073,2.9153925743642914,489.2053587980296,33.10998301641107,0.3893096787949705,-0.0833971301983219,-0.0079444702129189,0.248494938594819,-0.07965864158705,-0.015452522802697,2.028565159793029,-7.347760325454267,-12.907577581020538,1.081674370468292,1.8586707662198323,0.4777533458289547,1.0149848251826228,39.90674643781821,-2.246516544946327,-8.295022865061116,1268.4872965477273,1.0196335254171665,7.0,0.998432084708628,6.999923911397984,2,0.9542497586472484,2.0,False,False,False,7,False,30,1.0,True,GOOD,coverage and completeness requirements passed,,0.9542497586472484,True,GOOD,VV/VH and ROI coverage pass requirements,-0.957240438413551,-2.6072927219218,-4.738008172331266,-46.72913092310166,27.064559845578515,-0.237701861273097,-0.6762364546135184,-0.00047639417745261314,0.6429947483652979,-0.12885125546582,0.04201736795018418,0.10377358490566038,0.08490566037735849,0.37735849056603776,0.1886792452830189,VH_change_adjusted,0.1886792452830189,climate_sar_change,VH_change_adjusted,below_reference,unusual environmental state,0.5958137210692516,-0.1264944605035177,0.10335743856871431,0.053763440860215055,0.03225806451612903,0.20430107526881722,0.09677419354838711,VH_change_adjusted,1,-0.16855318520344026,0.4596123082314461,False
2018-12-01,-8.37558252435435,0.217303159688265,-21.087057355522333,-1.6368721934319976,6.331930385469456,10.89761122611913,14.978318428676886,37.40950760766488,33.853612786784296,-0.0398686700393983,0.0,1.0,27.734411892171146,2.944934115561721,455.0786593722731,23.407270687512327,0.3913424403058668,-0.1080845460930123,0.0020327615108962,0.2354730885442352,-0.119277410116137,-0.0130218500505837,2.0391572138923166,-6.95256526016303,-12.189522632840674,0.3951950652912375,0.7180549481798639,0.3947550227155583,0.8862170888219545,39.90924358812728,-4.690578996575196,0.0,1112.0678148523525,0.5858736932547343,7.0,0.998432084708628,4.084874193573102,3,0.9542497586472484,3.0,False,False,False,7,False,31,1.0,True,GOOD,coverage and completeness requirements passed,,0.9542497586472484,True,GOOD,VV/VH and ROI coverage pass requirements,-0.6574058810277658,-3.077064012075933,-3.276003670505027,3.3440693483910096,29.72114728555448,-0.08299832311339617,-0.12876773636066752,-0.02468741589469039,0.8885025980772029,-0.10885640667281515,0.004773334920726824,0.2641509433962264,0.2830188679245283,0.03773584905660377,0.19496855345911948,temp_anomaly,0.19496855345911948,climate_sar_change,temp_anomaly,below_reference,unusual environmental state,0.7701873035072272,-0.10629231450639393,0.6211768058545271,0.20430107526881722,0.26881720430107525,0.9139784946236559,0.4623655913978495,temp_anomaly,1,-0.6874225719732047,0.2924808944549609,False
2019-01-01,-12.565635245807533,-3.9486643373085126,-24.13252775768087,-2.805824315032316,18.18142363192548,32.77776058900543,59.27381470545149,93.5796823057406,93.60608478296544,1.1400181494812918,0.0,0.0,89.65139542716142,3.1652579827608966,473.45418311752286,13.080169852458615,0.5558275255633707,-0.0249439496882507,0.1644850852575038,0.3969935578907372,-0.0085206164732048,0.161520469346502,2.8962350915648223,-7.019152057188303,-12.33330985610776,-0.0665867970252733,-0.1437872232670844,0.2103413843412687,0.4490466437848397,39.90918240911466,-4.190052721453183,0.0,1038.863727407465,1.0454514845261798,9.0,0.998432084708628,5.622457867918111,3,0.9542497586472484,3.0,False,False,False,7,False,31,1.0,True,GOOD,coverage and completeness requirements passed,,0.9542497586472484,True,GOOD,VV/VH and ROI coverage pass requirements,-0.185154873908144,10.872629363563767,28.140502467572187,40.23760854603373,79.69956597504836,-0.14612394924319932,-0.3781064621336447,0.07879476378393323,1.5831705077643214,-0.05294270518606442,0.021643030562681104,0.6037735849056604,0.6698113207547169,0.2169811320754717,0.49685534591194974,temp_anomaly,0.49685534591194974,climate_sar_change,temp_anomaly,below_reference,unusual environmental state,1.2421899566944274,-0.06214133652096698,0.8024693636599732,0.4731182795698925,0.5483870967741935,0.956989247311828,0.6594982078853047,temp_anomaly,1,-0.8337717594173185,2.130761242642976,False
2019-02-01,-10.387434324951805,-3.201611592281354,-21.49476801142734,-1.0937831080778757,52.19270681212125,75.5839620724104,78.48589517356827,164.2463411188809,154.32391028615868,2.487051094872545,0.0,0.0,144.52216716156846,3.775859696876027,491.3151927825475,8.038133650200205,0.9871975363172985,0.3123145128828425,0.4313700107539278,0.7318446223066779,0.2409754487218815,0.3348510644159407,5.143962858065621,-8.038222736948637,-13.359709051047869,-1.0190706797603335,-1.026399194940108,-0.3655269288879275,0.0074328556608396,39.91178420982961,2.178200920855728,0.0,1037.3580785825038,2.307100006921392,7.0,0.998432084708628,4.068666792952606,2,0.9542497586472484,2.0,False,False,False,7,False,28,1.0,True,GOOD,coverage and completeness requirements passed,,0.9542497586472484,True,GOOD,VV/VH and ROI coverage pass requirements,0.0,50.764615797866,47.139092911902296,88.35978460609208,165.72778593438295,-0.5455730777472507,-0.3895959250172112,0.33725846257109326,1.4921879192867535,-0.054006961622946936,0.06511751516607046,0.5754716981132075,0.660377358490566,0.4716981132075472,0.569182389937107,precip_7d_adjusted,0.569182389937107,climate_sar_change,precip_7d_adjusted,above_reference,unusual environmental state,1.9497587710164974,0.0048082818420718265,0.26877270991567825,0.7311827956989247,0.8817204301075269,0.6774193548387096,0.7634408602150536,snow_fraction_change_adjusted,1,-0.34302104631394414,3.1434819474328224,False
2019-03-01,-7.619907383806415,0.3964367259144591,-17.57667547302459,-1.134591260565584,10.128257042458996,35.62931135202119,57.29679388186112,164.77080450964058,54.51147066361332,-0.3539945583512649,0.0,1.0,42.87910960577979,3.961647427362691,746.1355228090544,11.03654360158774,0.9506132514032088,0.2316410510623199,-0.0365842849140896,0.7594737085159582,0.2141159514926509,0.0276290862092802,4.953334138013304,-8.196380280820357,-14.206392155790764,-0.1581575438717202,-0.8466831047428975,0.2890879832905035,0.4514502695483315,39.91347151577215,2.76752694114539,0.0,936.2658374587415,0.4655532351041266,11.0,0.998432084708628,4.872829262196826,3,0.9542497586472484,3.0,False,False,False,7,False,31,1.0,True,GOOD,coverage and completeness requirements passed,,0.9542497586472484,True,GOOD,VV/VH and ROI coverage pass requirements,-0.2917263958953674,6.608064744119698,21.50343698463555,78.28476598600659,131.93935489750174,0.6546149121784322,0.4440174138874917,-0.08067346182052261,1.218642213109399,-0.07701270554710987,0.10619987028683209,0.44339622641509435,0.4811320754716981,0.6132075471698113,0.5125786163522013,VV_change_adjusted,0.5125786163522013,climate_sar_change,VV_change_adjusted,above_reference,unusual environmental state,1.3506014199522332,-0.033140176728261306,0.3825628994330482,0.5268817204301075,0.7526881720430108,0.7956989247311828,0.6917562724014337,snow_fraction_anomaly,1,-0.8107872974782016,0.13166391049766296,False
2019-04-01,-2.6795361913856337,5.747347178449124,-13.286469626913238,0.26169649737522,10.169478280814438,17.466422880829203,23.656364360529743,69.13657035516347,64.76245776214468,-0.1329832590598864,3.059732630240076,18.0,22.186068700001243,3.619548004243454,811.7579148571429,103.66563419277276,0.7329383570939001,0.0908001520173863,-0.2176748943093087,0.602470298620373,0.1241128340794763,-0.1570034098955851,3.322943191998529,-10.660410091334944,-18.21672394514969,-2.464029810514587,-4.010331789358927,-1.1987478743923052,-1.9303230607755568,39.91505481084496,4.9403711924207805,3.059732630240076,860.588419602075,2.494098925800582,11.0,0.8687208275264099,5.374101497120174,2,0.9542497586472484,2.0,False,False,False,7,False,30,1.0,True,GOOD,coverage and completeness requirements passed,,0.9542497586472484,True,GOOD,VV/VH and ROI coverage pass requirements,0.647506204605587,-3.4997125432655203,-8.808705394605646,-19.798141561272985,103.5180641396139,-1.4878358576828097,-2.3817733303238944,-0.15427938417640155,2.6224583058130126,0.061757676142650486,0.08574980979164959,0.8679245283018868,0.9339622641509434,0.5754716981132075,0.7924528301886792,VH_change_adjusted,0.7924528301886792,climate_sar_change,VH_change_adjusted,below_reference,unusual environmental state,2.2050795534405476,0.03128959350064342,0.4132222898716782,0.7956989247311828,0.9354838709677419,0.8387096774193549,0.8566308243727598,VH_change_adjusted,1,0.8974492882544308,3.132574514382022,False
2019-05-01,0.7363219191696981,6.114049419964163,-6.392266886507744,-0.5212893191648862,14.915447916229656,20.2059779080258,25.60043434334573,70.53789602788514,71.2642195391216,-1.2385489658862352,25.384540108294896,31.0,32.21307178260595,3.1015551911886403,852.261534989444,116.41785265441348,0.5669148383063946,-0.0327794853502347,-0.1660235187875055,0.4250649458605821,-0.0258202859610656,-0.1774053527597909,2.95400744496699,-10.07392322346424,-17.585250665338013,0.586486867870704,0.6314732798116793,-0.2730898707292883,-0.5163360256295313,39.909458022553856,3.415858110555332,22.32480747805482,802.7643762008854,1.0902397442485297,11.0,0.998432084708628,6.043457952196802,3,0.9542497586472484,3.0,False,False,False,7,False,31,1.0,True,GOOD,coverage and completeness requirements passed,,0.9542497586472484,True,GOOD,VV/VH and ROI coverage pass requirements,-24.910784062639014,-17.76546070782394,-35.948203501404095,-84.64518363879036,5.809755043047062,0.9256580036630173,1.4139870351460297,-0.11014115223615308,3.051240439340725,0.04608465804164397,0.020780209782900655,0.9150943396226415,0.9245283018867925,0.20754716981132076,0.6823899371069183,PDD_adjusted,0.6823899371069183,climate_sar_change,PDD_adjusted,below_reference,unusual environmental state,2.9474064017020276,-0.011708708781490718,0.036779436690588724,0.9247311827956989,0.8387096774193549,0.03225806451612903,0.5985663082437276,PDD_adjusted,1,-6.761788994719468,-3.572976746033411,False
2019-06-01,5.119317052064042,10.760449114590804,-1.7784260759883606,-0.433587296904995,14.92816433153213,33.15292214565224,68.26522267010354,184.0369417960665,182.483001531971,-1.3335979164702756,153.57951156192124,8.0,25.8362967105429,2.9409187151647656,709.4071610415201,107.36004058153677,0.5212789066915982,-0.0597942568241106,-0.0456359316147964,0.3850154041575199,-0.0619627987855584,-0.0400495417030621,2.638804577455646,-10.096695015370305,-18.550629916892056,-0.022771791906063,-0.9653792515540438,0.202923598666791,0.2885944678647902,39.90867031046065,4.382995132894344,128.19497145362635,864.8327213027236,1.9991940154456236,9.0,0.9699779111770932,4.482490303060131,2,0.9542497586472484,2.0,False,False,False,7,False,30,1.0,True,GOOD,coverage and completeness requirements passed,,0.9542497586472484,True,GOOD,VV/VH and ROI coverage pass requirements,-13.899381184024293,-50.313742189011705,-71.91038677063325,-146.96856898170117,-140.17079997915846,0.4760134693960808,0.8049304934943227,-0.0293743583698631,2.2630907665312923,0.03322067807004814,0.03407264263695419,0.8113207547169812,0.9150943396226415,0.32075471698113206,0.6823899371069183,PDD_adjusted,0.6823899371069183,climate_sar_change,PDD_adjusted,below_reference,unusual environmental state,2.132512861457306,-0.017443677685246184,0.0924573518216038,0.7741935483870968,0.8172043010752689,0.1827956989247312,0.5913978494623656,PDD_adjusted,1,-3.8067241934349427,-4.326054847662993,False
2019-07-01,6.956162960733773,11.619842514263608,0.613506573241523,-0.2312884500832435,64.77568933109266,149.04262500684428,251.18003219069192,543.213070681189,552.6601013193081,0.9407427729397848,215.64105178274696,0.0,57.58071628010542,2.914433678619964,517.1132107621394,425.370270883131,0.5362093569075351,0.0077008991599001,0.0149304502159369,0.3724380855885397,-0.0170781348535427,-0.0125773185689802,1.4569723122073892,-9.977360356068806,-18.92629560467625,0.1193346593014972,-0.3756656877841919,0.0198646823890751,0.0446519024305231,39.909755562098,1.836845908669732,62.06154022082572,1287.767914426623,0.9583890096124086,8.0,0.5206449710594069,1.5015143731184366,3,0.9542497586472484,3.0,False,False,False,7,False,31,1.0,True,GOOD,coverage and completeness requirements passed,,0.9542497586472484,True,GOOD,VV/VH and ROI coverage pass requirements,-15.812234612040868,54.839488198943215,81.63035899763665,20.995708462260723,-6.855780718428832,-0.18305891627771723,-0.24394256543426504,0.06749515598401076,2.431093545139018,-0.045081602139753096,0.3365636703078741,0.839622641509434,0.7264150943396226,0.9056603773584906,0.8238993710691824,precip_7d_adjusted,0.8238993710691824,climate_sar_change,precip_7d_adjusted,above_reference,unusual environmental state,2.315345366702356,-0.06189301670598146,0.2956121733254544,0.8602150537634409,0.5591397849462365,0.7311827956989247,0.7168458781362007,PDD_adjusted,1,-4.224948938686271,3.5555060933918763,False
2019-08-01,7.4244801094571695,11.711177631031894,2.382193704023928,0.4667603850661631,19.592373856429457,48.23716507672884,117.3852393213826,566.3246456148864,355.03234808662285,-0.8849187880080054,230.15888339317223,0.0,10.798185994949542,2.900903502189904,555.1105088684026,311.3773255690901,0.585327302487959,0.1113434065471124,0.0491179455804238,0.4442163107931816,0.1001113362345446,0.0717782252046418,1.5159863452696554,-9.843973260423184,-18.69867596876461,0.1333870956456202,0.2276196359116369,-0.0211480074435765,0.1269441185096589,39.91729599888063,0.4683171487233961,14.517831610425276,1449.6350753492525,0.4809738107289369,11.0,0.4962737164377662,2.0303390762901694,2,0.9542497586472484,2.0,False,False,False,7,False,31,1.0,True,GOOD,coverage and completeness requirements passed,,0.9542497586472484,True,GOOD,VV/VH and ROI coverage pass requirements,1.1446784015016078,-29.30376708410337,-34.74922590715086,29.980833996098454,-86.32609064542271,-0.041012689832653104,0.08229221607913412,0.10364250738721228,0.8023993167364989,-0.10123889588069784,0.08668757818156869,0.2169811320754717,0.37735849056603776,0.5849056603773585,0.3930817610062893,precip_7d_adjusted,0.3930817610062893,climate_sar_change,precip_7d_adjusted,below_reference,unusual environmental state,0.9398383546184316,-0.07301220317073343,0.2578974305016979,0.24731182795698925,0.4838709677419355,0.6559139784946236,0.4623655913978495,precip_7d_adjusted,1,0.2048149889726716,-1.792502494191168,False
2019-09-01,5.153962824370571,11.62722905673755,-3.086063869833336,0.1238252453114978,42.30908838314904,78.16006154527386,137.32815258916133,431.63171653430095,416.5308457247994,2.6148585241415256,154.6188847311171,4.0,99.7483917622762,2.941420022879617,445.5995085532636,337.848665097035,0.6285550667768143,0.1747511903577125,0.0432277642888553,0.5047214345336932,0.173745684491732,0.0605051237405116,2.637204083992395,-9.929094870033545,-18.676233866437183,-0.0851216096103595,0.0224421023274281,0.0141603942671224,-0.1242482052499909,39.912785107307634,-2.2705172850865987,-75.53999866205513,1648.720659771664,1.209889414929992,8.0,0.8039428469395509,1.7614056271019651,3,0.9542497586472484,3.0,False,False,False,7,False,30,1.0,True,GOOD,coverage and completeness requirements passed,,0.9542497586472484,True,GOOD,VV/VH and ROI coverage pass requirements,-14.239759887728837,7.5931585797662535,18.05223019898824,-7.438168073261409,66.66534231473543,0.035308401710698684,-0.25119232375965106,0.06517525949637942,1.5177420686264143,-0.11319500412310135,0.03724457011314931,0.5849056603773585,0.24528301886792453,0.3490566037735849,0.39308176100628933,PDD_adjusted,0.39308176100628933,climate_sar_change,PDD_adjusted,below_reference,unusual environmental state,1.7038688120634053,-0.07453437881927094,0.15485395929034818,0.6129032258064516,0.44086021505376344,0.3763440860215054,0.4767025089605735,PDD_adjusted,1,-3.61250233224601,0.8502306672507864,False
2019-10-01,0.6304234998528204,6.2889543097091565,-5.121097222689902,0.6208467044496299,5.030338842583402,24.070491117839044,85.63722805282535,398.9243856078413,36.31154270357321,-0.7485171612704818,24.389174937285244,31.0,16.60887084712578,2.9175899706780744,576.3385287562154,115.52800475124909,0.5077028222700956,0.0206911419185104,-0.1208522445067187,0.3834359557057971,0.0353712918817416,-0.1212854788278961,2.645473033122581,-8.850432473175777,-16.23381639572338,1.0786623968577675,2.442417470713803,0.0991773423001607,-0.0046283113272096,39.91048708897048,-4.523539324517751,-130.22970979383186,1437.7241035094876,2.3739869015473767,11.0,0.998432084708628,3.375268192507327,2,0.9542497586472484,2.0,False,False,False,7,False,31,1.0,True,GOOD,coverage and completeness requirements passed,,0.9542497586472484,True,GOOD,VV/VH and ROI coverage pass requirements,-20.980843257588706,-18.268006412938373,4.529994591677664,113.83843933552299,3.611278935202563,0.2802970355817114,0.3479014365631219,-0.15406004843920215,2.1655001277806103,-0.07448999490192776,0.014196529173803298,0.7924528301886793,0.5,0.14150943396226415,0.47798742138364786,PDD_adjusted,0.47798742138364786,climate_sar_change,PDD_adjusted,below_reference,unusual environmental state,2.236463629841168,-0.07700346125241053,0.16501702238095967,0.8279569892473119,0.40860215053763443,0.41935483870967744,0.5519713261648745,PDD_adjusted,1,-5.2964160928598005,-0.6385109718435175,False
2019-11-01,-1.8378195211040576,6.16239540588682,-10.123319105326814,2.158104714782369,2.533777202734416,5.728570719683712,12.13069405155813,33.913969222828165,16.84112082180154,-0.7227405241574212,1.6130379454228598,26.0,9.475618018850652,2.9049091303019505,479.5590784912034,42.14150265886866,0.4660525988018228,-0.0066542101914696,-0.0416502234682727,0.3318826963698056,0.0037291161879365,-0.0515532593359914,2.428447367367611,-7.658012539037729,-13.83973770881973,1.192419934138048,2.3940786869036508,0.1675011322454924,0.0828246973834314,39.91206059650872,-2.468243020956878,-22.776136991862383,1238.906608804866,1.2640228079037028,11.0,0.998432084708628,6.6630630259327335,3,0.9542497586472484,3.0,False,False,False,7,False,30,1.0,True,GOOD,coverage and completeness requirements passed,,0.9542497586472484,True,GOOD,VV/VH and ROI coverage pass requirements,0.6557975070093088,-7.036381509341417,-8.931243655617795,-47.149356331460176,-2.516127897282786,-0.12695629760334115,-0.14082853392969996,-0.03418214743280641,0.8350897028996072,-0.11847968832032973,0.028249183205701578,0.2358490566037736,0.20754716981132076,0.2358490566037736,0.22641509433962267,temp_anomaly,0.22641509433962267,climate_sar_change,temp_anomaly,above_reference,unusual environmental state,0.6198920789098246,-0.11993801222667716,0.17993509876456815,0.0967741935483871,0.0967741935483871,0.4946236559139785,0.22939068100358426,temp_anomaly,1,0.48768422406237066,-0.665028189820637,False
2019-12-01,-9.196101678541964,0.8572168917995093,-22.07135079992562,-2.4573913476196108,31.53999896008636,41.48744863968706,47.50787827961253,57.59896287952099,52.6307842029825,0.6297871778752167,0.0,4.0,47.26442215960266,3.063818447219292,461.5180959704434,23.79305431072684,0.5419866505909645,0.0425596641920854,0.0759340517891417,0.4384757106987291,0.0837252120383568,0.1065930143289234,2.82411482772504,-7.115066133145707,-12.927628298531232,0.5429464058920228,0.9121094102884976,0.2322541497328814,0.1481114231313967,39.9084485683899,-7.358282157437907,-1.6130379454228598,1105.7014016871187,1.045940411273039,10.0,0.998432084708628,8.3303228138199,2,0.9542497586472484,2.0,False,False,False,7,False,31,1.0,True,GOOD,coverage and completeness requirements passed,,0.9542497586472484,True,GOOD,VV/VH and ROI coverage pass requirements,-0.6574058810277658,27.512773401491998,29.253556180430614,23.53352462024712,23.3547341203207,0.06475301748738915,0.06528672574796612,0.04921387438355511,1.4224345533507599,-0.0714050920889534,0.07035443604490645,0.5188679245283019,0.5377358490566038,0.5283018867924528,0.5283018867924528,temp_anomaly,0.5283018867924528,climate_sar_change,temp_anomaly,below_reference,unusual environmental state,1.1634955132882014,-0.07776138597673127,0.4689992902651038,0.3978494623655914,0.3763440860215054,0.8709677419354839,0.5483870967741935,temp_anomaly,1,-1.0372885943818118,1.428563905707588,False
2020-01-01,-11.880870946903602,-2.6340036562678453,-22.33883852653313,-2.121060016128385,51.019591193767646,89.10077900289379,91.75618951553233,141.9842937535947,142.3713213740905,2.4505711466413773,0.0,0.0,129.3250465769528,3.584106438384717,472.4557074187192,14.460714354345615,0.9365403199676976,0.3557688447160761,0.3945536693767331,0.687109324671891,0.2815951503079489,0.2486336139731619,4.880004703988961,-7.117771279124693,-12.695325423697074,-0.0027051459789868,0.2323028748341578,0.1117221624048783,0.0870310761955259,39.91016345856151,-2.684769268361638,0.0,1082.2175128081417,1.8395357395120848,8.0,0.998432084708628,6.213885588633823,3,0.9542497586472484,3.0,False,False,False,7,False,31,1.0,True,GOOD,coverage and completeness requirements passed,,0.9542497586472484,True,GOOD,VV/VH and ROI coverage pass requirements,-0.185154873908144,67.19564777745212,60.62287727765302,88.64221999388782,123.05335137572513,-0.08224229819691281,-0.00201636403240249,0.3088633479031625,1.7536142021927292,-0.06385794707142284,0.014737720115964963,0.6886792452830188,0.6037735849056604,0.16037735849056603,0.4842767295597484,precip_7d_adjusted,0.4842767295597484,climate_sar_change,precip_7d_adjusted,above_reference,unusual environmental state,2.1457113148121154,0.026859790776891157,0.1714099273024179,0.7849462365591398,0.9139784946236559,0.4731182795698925,0.7240143369175627,precip_7d_adjusted,1,-0.8549615287506591,3.0049648187616977,False
2020-02-01,-9.513404544451785,0.7668693064636845,-19.06043749063639,-0.2467849655764523,8.562021331788614,10.861592807321305,15.955854980340046,139.16556839734452,32.59177135936857,-0.9867608114984062,0.0,1.0,21.522202777409536,3.712979043947627,562.3365838479943,10.96763590286518,0.7589421982071657,0.0840591747727097,-0.1775981217605319,0.6045082710055404,0.113639097420744,-0.0826010536663506,3.9545990902286334,-7.585698734655399,-13.398161994888136,-0.467927455530706,-0.702836571191062,0.0869970734053104,-0.031020088179428,40.17904264880987,2.367466402451818,0.0,952.4766572462888,0.8291053390847473,11.0,0.998432084708628,6.20119120933585,2,0.9558469884996054,2.0,False,False,False,7,False,29,1.0,True,GOOD,coverage and completeness requirements passed,,0.9558469884996054,True,GOOD,VV/VH and ROI coverage pass requirements,0.0,-13.957753467223093,-15.390947281325925,63.279011884555686,80.84636459816795,0.005570146482376748,-0.06603330126816531,-0.2717096699433664,0.3611901981778897,-0.14038840420637294,0.032311529340242395,0.018867924528301886,0.02830188679245283,0.3018867924528302,0.11635220125786162,temp_anomaly,0.11635220125786162,climate_sar_change,temp_anomaly,below_reference,unusual environmental state,0.8963462035440607,-0.061678301026695026,0.715201295589647,0.23655913978494625,0.5806451612903226,0.946236559139785,0.5878136200716847,snow_fraction_change_adjusted,1,-0.2031731473987641,-0.512452739850522,False
2020-03-01,-7.539353099719434,1.9558769038158323,-18.19390167300753,-1.054036976478602,9.158328326514658,17.730068443158228,20.639802816734434,60.79152710227866,54.90078095349507,-0.3403609649846846,0.0,6.0,44.15391072798665,3.757871513167237,747.9968838443242,11.599961073150272,0.8450725801127332,0.1261003797718443,0.0861303819055675,0.6531599645372806,0.1078022075139734,0.0486516935317402,4.4033962854951785,-7.694427795651533,-13.480846773718818,-0.1087290609961337,-0.0826847788306821,0.7910404684593271,1.1769956516202775,40.18075288960231,1.9740514447323507,0.0,864.5059396128405,0.4862664628318513,11.0,0.998432084708628,5.165010286492074,3,0.9558469884996054,3.0,False,False,False,7,False,31,1.0,True,GOOD,coverage and completeness requirements passed,,0.9558469884996054,True,GOOD,VV/VH and ROI coverage pass requirements,-0.2917263958953674,-11.291178164743265,-15.153554080491137,-25.694511421355337,60.17945705160071,0.7040433950540187,1.2080157397997071,0.04204120499913449,1.426962277045615,-0.06302935547034277,0.010896519158045606,0.5283018867924528,0.6132075471698113,0.09433962264150944,0.41194968553459116,VH_change_adjusted,0.41194968553459116,climate_sar_change,VH_change_adjusted,above_reference,unusual environmental state,1.260029867779542,-0.055737195076238644,0.012234543739027838,0.4946236559139785,0.6344086021505376,0.010752688172043012,0.37992831541218636,VH_change_adjusted,1,-0.8967493523176591,-2.1472657263190196,False
2020-04-01,-4.133733026494204,2.46140998126253,-15.878323402914818,-1.19250033773335,12.19989703531926,20.73120405699825,42.46095431597986,92.386079641808,92.38607964180802,0.9809950357067436,0.0,14.0,51.74767090968479,3.551677508961559,785.031110981703,63.670429842183495,0.8647589746022597,0.2226207695257459,0.0196863944895264,0.6756518141323509,0.1972943495914541,0.0224918495950702,4.505975635967548,-10.277600070977329,-16.995092140770044,-2.583172275325793,-3.5142453670512257,-0.81593785403469,-0.7086912563959125,40.182857164999234,3.40562007322523,0.0,827.2161283127224,2.247086204738144,10.0,0.998432084708628,4.404751997391835,3,0.9558469884996054,3.0,False,False,False,7,False,30,1.0,True,GOOD,coverage and completeness requirements passed,,0.9558469884996054,True,GOOD,VV/VH and ROI coverage pass requirements,-2.412226425634489,-0.2349313670964719,9.995884560844473,3.45136772537154,70.14577285026132,-1.6069783224940157,-1.8856869080161927,0.08308190462243355,2.547720043017814,0.07811496315384558,0.05614707178840378,0.8584905660377359,0.9528301886792453,0.41509433962264153,0.7421383647798742,VV_change_adjusted,0.7421383647798742,climate_sar_change,VV_change_adjusted,below_reference,unusual environmental state,2.2346719192867366,0.05173991891579699,0.06028759588177257,0.8172043010752689,0.989247311827957,0.07526881720430108,0.6272401433691757,VV_change_adjusted,1,-0.30987035242949906,3.8301521138221903,False
2020-05-01,0.4289328300599448,6.612354239370543,-10.323536844273654,-0.8286784082746396,17.714572348156754,31.000869273929705,68.84129681515185,153.15492493237176,159.86140449536512,0.5147869460534905,34.285085393005374,27.0,81.91532966203039,3.366937569133736,778.4828943736806,113.53771386433452,0.6888422286288433,0.0891479049722139,-0.1759167459734164,0.5742107992802501,0.1233255674586024,-0.1014410148521007,3.130263738092763,-10.067991351776415,-17.241979056745066,0.2096087192009097,-0.246886915975022,-0.2671579990414638,-0.1730644170365849,40.19828628935219,4.5626658565541485,34.285085393005374,862.9951135611792,0.9852899474839616,8.0,0.8707348653085883,3.2048161491164904,2,0.9558469884996054,2.0,False,False,False,7,False,31,1.0,True,GOOD,coverage and completeness requirements passed,,0.9558469884996054,True,GOOD,VV/VH and ROI coverage pass requirements,-16.010238777928535,-6.9705693419200365,7.292658970402023,-2.0281547343037403,66.04049240334086,0.5487798549932229,0.5356268393593283,-0.12003437942206398,1.8631056839699092,-0.06761143959846727,0.04124159239712102,0.7075471698113207,0.5660377358490566,0.36792452830188677,0.5471698113207547,PDD_adjusted,0.5471698113207547,climate_sar_change,PDD_adjusted,below_reference,unusual environmental state,1.8871400354487766,-0.07071879174723322,0.2152496305967839,0.6881720430107527,0.4946236559139785,0.5913978494623656,0.5913978494623656,PDD_adjusted,1,-4.508080412962663,-0.572860626113431,False
2020-06-01,4.907699159852935,9.35168680490366,-4.56693610259127,-0.6452051891161016,37.67268279214104,81.95882582179094,163.7571616228497,394.2883549515459,392.480467122429,1.611641930409406,147.23097479558805,5.0,82.7241376498524,3.1670745432017995,583.5090325784658,411.53981998552325,0.7397845168066933,0.1587113532909845,0.05094228817785,0.5860901805193455,0.1391119775762671,0.0118793812390953,3.358298056143727,-10.628822887871255,-19.33528854496745,-0.5608315360948382,-2.093309488222392,-0.3292042738341596,-0.4960641602106079,40.19780615007264,4.478766329792991,112.94588940258268,1126.0263136494314,1.954569604491173,7.0,0.8698387839930063,2.378172717367473,3,0.9558469884996054,2.9998758145016367,False,False,False,7,False,30,1.0,True,GOOD,coverage and completeness requirements passed,,0.9558469884996054,True,GOOD,VV/VH and ROI coverage pass requirements,-20.247917950357476,-1.5078385128730076,23.581552182112915,63.282844173778244,121.0227923675493,-0.06204627479269437,-0.32299974317402547,0.0672038614227833,2.1910964449781076,-0.06651133744192561,0.06971545972778974,0.8018867924528302,0.5754716981132075,0.5188679245283019,0.6320754716981132,PDD_adjusted,0.6320754716981132,climate_sar_change,PDD_adjusted,below_reference,unusual environmental state,2.2863580661675007,-0.06740331940867089,0.04992303550762308,0.8494623655913979,0.5268817204301075,0.053763440860215055,0.4767025089605735,PDD_adjusted,1,-5.189428695628153,1.477313174853311,False
2020-07-01,6.993670582530836,11.313802662472948,3.025539267725904,-0.1937808282861814,49.61112000775598,102.17220457424898,173.81225830426095,559.1875904889124,566.8512471992802,1.1248654695670943,216.80378805845592,0.0,58.28721167088436,2.9288077389539136,485.7336538402533,503.666541096738,0.7206627424979735,0.1921542847503384,-0.0191217743087198,0.5429991977249452,0.1534829772828628,-0.0430909827944002,2.46484933938766,-10.207315781391966,-19.30265385767548,0.4215071064792894,0.0326346872919778,-0.210090742934085,-0.3317063505687088,40.19703133638954,2.0859714226779005,69.57281326286787,1523.9736138012968,1.098857312943983,8.0,0.6553647465823207,2.0516165074295025,3,0.9564523630239372,2.998420119217083,False,False,False,7,False,31,1.0,True,GOOD,coverage and completeness requirements passed,,0.9564523630239372,True,GOOD,VV/VH and ROI coverage pass requirements,-14.649498336331902,7.969067766347919,4.262585111205681,36.97022826998409,229.34991865624488,0.11911353090007498,0.16435780964190466,0.03344293145935406,1.6212227076849093,-0.07198836569834227,0.39258698891680494,0.6132075471698113,0.5188679245283019,0.9528301886792453,0.6949685534591196,PDD_adjusted,0.6949685534591196,climate_sar_change,PDD_adjusted,below_reference,unusual environmental state,1.7690170797919753,-0.06391761817082159,0.3550168666102137,0.6344086021505376,0.5376344086021505,0.7849462365591398,0.6523297491039426,PDD_adjusted,1,-3.799158205144295,0.2250697518570665,False
2020-08-01,7.911289881791797,12.480642906366167,1.9626935342766108,0.9535701574007904,31.66053052885093,79.27065686194075,171.08900793157423,582.5096428169188,479.3278741944487,1.025080800786773,245.2499863355457,0.0,10.08995255766034,2.900889392142772,525.3911425580577,453.8043867704904,0.4995893074896088,0.0256054115487622,-0.2210734350083646,0.3730682763827411,0.0289633018241041,-0.1699309213422041,2.384452222638296,-10.06189802607262,-19.14197367129489,0.1454177553193467,0.160680186380592,-0.2390727730930137,-0.316353584020618,40.18756613954344,0.9176192992609612,28.446198277089792,1774.705445925551,1.0914047869056678,10.0,0.9145348453843556,3.078591791904048,3,0.9558469884996054,3.0,False,False,False,7,False,31,1.0,True,GOOD,coverage and completeness requirements passed,,0.9558469884996054,True,GOOD,VV/VH and ROI coverage pass requirements,16.23578134387509,1.7297247011085375,18.954542703040772,46.16583119813083,238.7442799308758,-0.028982030158926614,0.01535276654808923,-0.16654887320157613,1.8830161588212153,-0.07386415466109697,0.1635291284650587,0.7169811320754716,0.5094339622641509,0.7452830188679245,0.6572327044025157,PDD_adjusted,0.6572327044025157,climate_sar_change,PDD_adjusted,above_reference,unusual environmental state,1.9112087556449733,-0.07358682624724655,0.39210483706514054,0.7204301075268817,0.46236559139784944,0.8172043010752689,0.6666666666666666,PDD_adjusted,0,3.9203433859134416,0.8792550875612439,False
2020-09-01,6.126354786631802,10.853499336430616,-1.7861664054596558,1.096217207572728,45.56120190714381,108.74010834430835,140.3360470575303,474.6094516856833,304.8741783312059,1.0318233477937355,183.7906435989541,2.0,43.50360115317603,2.915065583609297,465.2285532976172,261.3126500486741,0.5107372837406542,0.0569334073215525,0.0111479762510454,0.3814469552155643,0.050471205173603,0.0083786788328232,1.948301973843801,-9.790482274918649,-18.328620821948565,0.2714157511539703,0.8133528493463231,0.1527729893820186,0.2233648392386271,40.18488152589773,-1.7849350951599945,-61.45934273659162,1813.373807367924,1.0021567844272146,10.0,0.7309429395968349,2.3483116994660094,2,0.9558469884996054,2.0,False,False,False,7,False,30,1.0,True,GOOD,coverage and completeness requirements passed,,0.9558469884996054,True,GOOD,VV/VH and ROI coverage pass requirements,14.931998980108148,38.173205378800745,21.0601246673572,35.53956707812097,231.31848991099537,0.3918457624750285,0.539718423259244,0.03309547145856953,1.8842190651900836,-0.054219820055464774,0.1240516709664195,0.7264150943396226,0.6509433962264151,0.6698113207547169,0.6823899371069183,PDD_adjusted,0.6823899371069183,climate_sar_change,PDD_adjusted,above_reference,unusual environmental state,1.8335423108508127,-0.07330737344376914,0.15205300734847685,0.6559139784946236,0.4731182795698925,0.3655913978494624,0.4982078853046595,PDD_adjusted,0,3.420866571035509,0.05754131971702703,False
2020-10-01,2.731242278431336,9.09458740363234,-8.029925249329235,2.7216654830281444,3.4356003198208778,7.743010228292038,15.85625213535108,295.49751364918905,30.00004751511552,-0.8644008313572669,87.43696733439448,16.0,7.53412990949466,2.901667619597112,599.3462933603098,84.81699602126572,0.395553322603754,-0.0914583577478311,-0.1151839611369002,0.2520960452380574,-0.095968618585998,-0.1293509099775069,2.061098741644525,-9.385994851025089,-16.677945579070276,0.4044874238935616,1.6506752428782896,-0.4363850355491507,-0.4487574946741048,40.18025717428617,-3.3951125082004667,-96.3536762645596,1571.367783777851,1.7248064097183398,12.0,0.998432084708628,7.534746996151444,3,0.9558469884996054,3.0,False,False,False,7,False,31,1.0,True,GOOD,coverage and completeness requirements passed,,0.9558469884996054,True,GOOD,VV/VH and ROI coverage pass requirements,42.06694913952053,-34.59548730248538,-65.2509813257966,10.411567376870721,137.25495920356593,-0.39387793738249455,-0.4438407912723914,-0.14839176506938365,4.64784878718843,0.08140703966963947,0.17778229871631981,1.0,0.9622641509433962,0.7830188679245284,0.9150943396226415,PDD_adjusted,0.9150943396226415,climate_sar_change,PDD_adjusted,above_reference,unusual environmental state,4.64372039401893,0.030892673540407922,0.21347817377871703,1.0,0.9247311827956989,0.5806451612903226,0.8351254480286738,PDD_adjusted,0,10.913532065028894,-2.26095393836058,True
2020-11-01,-4.079779763191516,5.100712148410033,-13.444239513979731,-0.0838555273050887,5.849509695333249,6.157309591718626,7.714223472745298,28.19863007415292,15.949272747939515,-0.7741941034823353,0.7055179473354614,17.0,13.39887285488412,2.910610351753399,512.4741931597466,35.13141033055496,0.432281707900897,-0.0404251010923954,0.036728385297143,0.274069572948704,-0.054084007233165,0.0219735277106465,2.252478321571376,-7.726618712007477,-13.632331330988835,1.6593761390176098,3.0456142480814403,0.0988949592757446,0.2902310752143258,40.18456390123374,-6.811022041622851,-86.73144938705902,1351.6118889591128,2.155131817653625,10.0,0.998432084708628,5.362864165201032,2,0.9558469884996054,2.0,False,False,False,7,False,30,1.0,True,GOOD,coverage and completeness requirements passed,,0.9558469884996054,True,GOOD,VV/VH and ROI coverage pass requirements,-0.25172249107808964,-6.607642637306503,-13.347714234430628,-52.864695480135424,110.18915225696401,0.33999990727622076,0.5107070272480896,0.04419646133260929,0.6490050147766737,-0.12544521702084,0.05771509673706718,0.11320754716981132,0.11320754716981132,0.4339622641509434,0.22012578616352205,VH_change_adjusted,0.22012578616352205,climate_sar_change,VH_change_adjusted,above_reference,unusual environmental state,0.5650112419231461,-0.11939834846105041,0.09092919967315588,0.043010752688172046,0.11827956989247312,0.17204301075268819,0.11111111111111112,VH_change_adjusted,1,-0.42497332858150455,-1.226971503480624,False
2020-12-01,-5.7159270486347005,2.3094383749804366,-16.968338720333715,1.0227832822876526,5.296885415579539,7.441814295040414,8.385165364133332,21.47976027077913,13.480852362516982,-0.7664284832232452,0.0,11.0,10.593261046729651,2.91052677417537,479.51391780436313,21.889824134459552,0.3874803839469315,-0.1119466024519476,-0.0448013239539654,0.2402801323164143,-0.1144703663439579,-0.0337894406322897,2.0190333037980617,-7.289176927622976,-12.896622287544853,0.4374417843845011,0.7357090434439826,0.0581433552556118,0.1791174341177761,40.17765023828975,-1.6361472854431849,-0.7055179473354614,1162.3509579777628,0.4446127018504614,11.0,0.998432084708628,10.743919318605434,3,0.9558469884996054,3.0,False,False,False,7,False,31,1.0,True,GOOD,coverage and completeness requirements passed,,0.9558469884996054,True,GOOD,VV/VH and ROI coverage pass requirements,-0.6574058810277658,-6.532860943154649,-9.86915673504858,-12.585677988494737,80.00429041096481,-0.04075160402013256,-0.11111364109654887,-0.07152150135955199,0.33688168730961054,-0.14182589182181898,0.01782331112885901,0.009433962264150943,0.009433962264150943,0.18867924528301888,0.06918238993710692,temp_anomaly,0.06918238993710692,climate_sar_change,temp_anomaly,above_reference,unusual environmental state,0.4774357405620019,-0.13442633978794583,0.041152701245100926,0.021505376344086023,0.010752688172043012,0.043010752688172046,0.025089605734767026,snow_fraction_anomaly,1,-0.07525307853206616,-0.45189461619520543,False
2021-01-01,-5.521887053869484,3.5105313574236154,-17.251844868133112,4.237923876905733,4.067626583859784,10.356868792912456,11.090172260774112,23.162952340111595,23.16406697003897,-0.753092681596602,0.0,13.0,19.15326625643525,2.918956261630547,501.3283966009852,15.394424664395364,0.41941250840791,-0.1613589668437114,0.0319321244609784,0.2907079649628102,-0.1148062094011318,0.0504278326463959,2.1854211402377257,-7.332730077559926,-13.06340803166313,-0.0435531499369501,-0.1667857441182771,-0.1032366360303544,-0.2810515317705295,40.179197627834085,0.194039994765216,0.0,1011.1623812511374,0.3156964777112379,11.0,0.998432084708628,9.752070574291904,3,0.9558469884996054,3.0,False,False,False,7,False,31,1.0,True,GOOD,coverage and completeness requirements passed,,0.9558469884996054,True,GOOD,VV/VH and ROI coverage pass requirements,-0.185154873908144,-11.548262432529208,-20.04313997710519,-30.179121419595283,51.99821981872083,-0.12309030215487611,-0.4011049829848374,-0.05375819701259217,1.7476464723705798,-0.043748779831717155,0.01164348359371087,0.6792452830188679,0.7547169811320755,0.11320754716981132,0.5157232704402516,temp_anomaly,0.5157232704402516,climate_sar_change,temp_anomaly,above_reference,unusual environmental state,1.3554894096719436,-0.06840520249564053,0.4430356505394834,0.5376344086021505,0.5161290322580645,0.8602150537634409,0.6379928315412187,temp_anomaly,1,0.8530194785147537,-1.2062165495468202,False
2021-02-01,-8.059790495318344,1.4942096664568532,-18.39088554194406,1.2338607215555846,14.749687553474455,16.063841175478835,19.5076422479686,40.423661379077096,40.20997973009523,-0.7693636378616173,0.0,7.0,27.72997235020729,2.955310596928696,556.6912928712175,17.389573130617674,0.5168793542537029,-0.158003669180753,0.0974668458457929,0.3568293316027331,-0.1340398419820632,0.0661213666399229,2.6932889341484474,-7.841795557950615,-13.795493290073289,-0.5090654803906887,-0.7320852584101587,-0.1690997498899058,-0.4283513833645802,40.1796252596839,-2.53790344144886,0.0,899.6980037935621,0.7301335223840886,10.0,0.998432084708628,5.523822469439721,2,0.9558469884996054,2.0,False,False,False,7,False,28,1.0,True,GOOD,coverage and completeness requirements passed,,0.9558469884996054,True,GOOD,VV/VH and ROI coverage pass requirements,0.0,-8.755505099065562,-11.83916001369737,-35.46289513371173,28.067711145441194,-0.03556787837760589,-0.09528198848726199,0.0033552976629584036,0.42509080529410104,-0.1405318116954783,0.001680580154585146,0.02830188679245283,0.018867924528301886,0.02830188679245283,0.02515723270440252,temp_anomaly,0.02515723270440252,climate_sar_change,temp_anomaly,above_reference,unusual environmental state,0.6053591529393852,-0.11976714266528005,0.07347258479852507,0.06451612903225806,0.10752688172043011,0.12903225806451613,0.1003584229390681,snow_fraction_anomaly,1,0.11305277219911761,-0.6819796443291104,False
2021-03-01,-4.826938850270778,2.3428784783166936,-13.92548860983474,1.658377272970054,12.233960760712602,34.19358698224427,37.6476196246311,73.64871442198809,75.60997285737,0.3848721169707546,0.0,11.0,55.32135412144167,2.9307219284263257,724.3857344877694,15.67353883903686,0.4820956611360099,-0.236876539204879,-0.034783693117693,0.3117878583639601,-0.2335698986593471,-0.045041473238773,2.5120425078949524,-8.297250136559343,-14.749729260401228,-0.4554545786087285,-0.9542359703279396,0.1882181275515169,-0.091886835062132,40.17877747021568,3.2328516450475657,0.0,840.3532760818978,0.595445416037274,12.0,0.998432084708628,5.908832909165792,2,0.9558469884996054,2.0,False,False,False,7,False,31,1.0,True,GOOD,coverage and completeness requirements passed,,0.9558469884996054,True,GOOD,VV/VH and ROI coverage pass requirements,-0.2917263958953674,5.172340374342777,1.8542627274055263,-12.837324101645905,36.026793520657975,0.35731787744142385,0.33646454830244965,-0.07887287002412602,0.7577708263870173,-0.1159455928939424,0.01787552278645126,0.19811320754716982,0.2358490566037736,0.19811320754716982,0.21069182389937105,temp_anomaly,0.21069182389937105,climate_sar_change,temp_anomaly,above_reference,unusual environmental state,1.0404748747802253,-0.05998523086114749,0.06593859795567655,0.3225806451612903,0.5913978494623656,0.10752688172043011,0.34050179211469533,snow_fraction_anomaly,1,-0.08034640340888234,-0.9628897022745933,False
2021-04-01,-4.147662381911816,2.7386670858234416,-15.621260924476855,-1.2064296931509622,15.382807672988523,27.35015643229753,43.92214749846725,92.56971065020574,65.62662179366474,-0.0981341006683835,0.0,22.0,49.77844353767871,3.0068529084137245,819.2696388339198,18.52419567645057,0.7398117345347193,0.0976735294582055,0.2577160733987094,0.5550384303929549,0.0766809658520581,0.2432505720289947,3.854916513066074,-9.262735923989732,-15.95381512520636,-0.9654857874303886,-1.2040858648051316,0.1989262929529065,0.3325857591677721,40.19539884359367,0.679276468358962,0.0,779.9269064632779,1.6519690263514255,11.0,0.998432084708628,4.474957999355879,3,0.9558469884996054,3.0,False,False,False,7,False,30,1.0,True,GOOD,coverage and completeness requirements passed,,0.9558469884996054,True,GOOD,VV/VH and ROI coverage pass requirements,-2.412226425634489,6.384021008202808,11.457077743331858,3.6349987337692795,22.856551000816808,0.010708165401388636,0.42447259422990147,0.3211115835316165,0.8681474193915166,-0.105787184623935,0.06878693771254946,0.25471698113207547,0.32075471698113206,0.5,0.3584905660377358,temp_anomaly,0.3584905660377358,climate_sar_change,temp_anomaly,below_reference,unusual environmental state,1.2335074190390003,-0.058650210856826646,0.5775673917621164,0.45161290322580644,0.6021505376344086,0.9032258064516129,0.6523297491039427,snow_fraction_change_adjusted,1,-1.201421787992542,0.24199525879644396,False
2021-05-01,1.5357264168892175,6.730196170686104,-6.848233462822911,0.2781151785546333,60.19759255760913,110.54722700881308,134.30111479386946,262.8513790646572,265.4614723002912,2.604609453135292,58.85420418680528,20.0,140.43855037275418,3.030617808831637,692.3946383525687,100.51185783473308,0.675027582013521,0.0753332583568916,-0.0647841525211982,0.557005416482767,0.1061201846611193,0.0019669860898121,3.348001530553008,-9.136522818711104,-16.18523847053794,0.1262131052786284,-0.2314233453315797,0.6643105340238478,0.8836761691705419,40.196749340385374,5.683388798801034,58.85420418680528,928.3993427940773,1.0657324083619817,5.0,0.9503616361378996,2.236068555936024,3,0.9558469884996054,3.0,False,False,False,7,False,31,1.0,True,GOOD,coverage and completeness requirements passed,,0.9558469884996054,True,GOOD,VV/VH and ROI coverage pass requirements,8.558880015871374,72.57578839296335,72.75247694911963,107.66829939798168,131.4447216362389,0.4653842410709416,0.5510904100027706,-0.008901785969845782,1.9871885856560798,-0.045792092111826166,0.055812453609118066,0.7735849056603774,0.7169811320754716,0.4056603773584906,0.6320754716981132,precip_7d_adjusted,0.6320754716981132,climate_sar_change,precip_7d_adjusted,above_reference,unusual environmental state,1.844888840915032,-0.05816711863897622,0.1407942425711737,0.6666666666666666,0.6129032258064516,0.3118279569892473,0.5304659498207885,precip_7d_adjusted,1,1.50905129743242,2.020396576948609,False
2021-06-01,5.5744204045050685,11.155551473898107,-2.368718408615444,0.0215160555360328,36.23035145542307,78.03695425730709,145.54347967366326,390.7279290684224,359.95558236115096,1.1554764888659128,167.23261213515207,8.0,38.53590597374329,2.9279997168587264,595.343887179451,247.15355974553256,0.7029693542468766,0.1218961907311677,0.0279417722333555,0.5703008176575164,0.123322614714438,0.0132954011747493,2.9945670845042502,-10.309469471673635,-18.99519098544899,-1.1729466529625334,-2.80995251491105,-0.0098508576365397,-0.1559666006921425,40.186673166488816,4.038693987615851,108.3784079483468,1149.095023736117,2.12467980964994,11.0,0.8162485476391841,2.7337744680466,2,0.9558469884996054,2.0,False,False,False,7,False,30,1.0,True,GOOD,coverage and completeness requirements passed,,0.9558469884996054,True,GOOD,VV/VH and ROI coverage pass requirements,-0.24628061079346253,-5.429710077356859,5.367870232926464,59.72241829065473,144.09150245423484,-0.6741613916603897,-1.0396427698626833,0.0442033454782888,1.2351501041652422,-0.0619042672735885,0.08366267648914182,0.4716981132075472,0.6226415094339622,0.5660377358490566,0.5534591194968553,VH_change_adjusted,0.5534591194968553,climate_sar_change,VH_change_adjusted,below_reference,unusual environmental state,1.1398408149898769,-0.07704422299844793,0.05650799058020121,0.3655913978494624,0.3978494623655914,0.06451612903225806,0.27598566308243727,VH_change_adjusted,1,0.12649335630263306,1.8794746642851696,False
2021-07-01,7.319666086877736,12.163929547733384,1.095878333696446,0.1322146760607185,85.95782063801805,154.08643377249052,205.1749371467219,594.0022610587345,575.2767061171627,1.2341813929889298,226.90964869320985,0.0,54.75130400579111,2.9153486822232977,478.3816090239269,519.0029502659512,0.8128827645752196,0.2843743068275846,0.109913410328343,0.6336212795080354,0.2441050590659529,0.0633204618505189,2.2195410150961474,-10.100607108106232,-19.2439398069481,0.2088623635674036,-0.2487488214991096,-0.1033820696483509,-0.2729922998413272,40.19501509131957,1.7452456823726674,59.67703655805778,1552.0074762928618,1.0642719254229889,7.0,0.5231907135696326,1.6123709365168992,3,0.9558469884996054,3.0,False,False,False,7,False,31,1.0,True,GOOD,coverage and completeness requirements passed,,0.9558469884996054,True,GOOD,VV/VH and ROI coverage pass requirements,-4.543637701577978,59.88329696458946,35.62526395366663,71.78489883980615,257.38378114780994,-0.09353121201181083,-0.11702569914918273,0.16247811609641685,1.192088512266979,-0.08058104732437626,0.2395634947372234,0.4339622641509434,0.44339622641509435,0.8584905660377359,0.5786163522012578,precip_7d_adjusted,0.5786163522012578,climate_sar_change,precip_7d_adjusted,above_reference,unusual environmental state,1.5941388537832417,-0.02740990832029666,0.4074586806765914,0.5806451612903226,0.7634408602150538,0.8279569892473119,0.7240143369175628,snow_fraction_anomaly,1,-1.261654371052867,1.915914573405487,False
2021-08-01,7.29763928085096,11.649796193691332,3.822523602694401,0.3399195564599523,55.09288465627246,102.95737114111986,152.8534847885131,530.3730418106564,519.2360056521662,1.6383330799370617,226.22681770637973,0.0,24.78439100139121,2.903768105475253,429.0865833082337,465.98494727161886,0.6400606260787736,0.166076730137927,-0.172822138496446,0.4956346055064474,0.1515296309478104,-0.1379866740015879,1.905976966762528,-9.65639579359693,-18.780176053324304,0.4442113145093032,0.4637637536237946,0.1664294593826767,0.0454440339499662,40.19474084345902,-0.0220268060267763,-0.6828309868301119,1838.4423605010988,0.8452247666199167,10.0,0.5705862520978785,1.827895464587708,2,0.9558469884996054,2.0,False,False,False,7,False,31,1.0,True,GOOD,coverage and completeness requirements passed,,0.9558469884996054,True,GOOD,VV/VH and ROI coverage pass requirements,-2.7873872852908903,25.41643898028765,0.7190195599796425,-5.970769808131536,302.48119450642366,0.2698115290310299,0.31843633379129177,-0.11829757668965754,0.985065110609725,-0.06564307493102806,0.6628126017120956,0.32075471698113206,0.5943396226415094,1.0,0.6383647798742138,antecedent_precipitation_index_adjusted,0.6383647798742138,climate_sar_change,antecedent_precipitation_index_adjusted,above_reference,unusual environmental state,1.127007459379099,-0.049186892438270347,0.8258965838293136,0.3548387096774194,0.6774193548387096,0.989247311827957,0.6738351254480287,antecedent_precipitation_index_adjusted,1,-0.8571058657139371,-0.17425522855175435,False
2021-09-01,5.344396614139159,10.52664827350831,-1.805245475581104,0.314259035080085,27.52564173821317,56.676425510370855,126.71598521838224,501.5504471399012,308.9041649729073,1.0889593053943394,160.33189842417477,3.0,73.05771974161173,2.919990471185107,507.015447729324,283.4598758611186,0.5162948982012616,0.0624910217821599,-0.1237657278775119,0.3874625220927784,0.0564867720508172,-0.1081720834136689,2.392731573919914,-10.19608044595994,-18.820336113921897,-0.5396846523630092,-0.0401600605975929,-0.2528251816592721,-0.2683504527347047,40.182395585580814,-1.9532426667118008,-65.89491928220497,1871.5801713988408,1.2216713883985784,11.0,0.8880162524814017,2.837514154233318,3,0.9558469884996054,3.0,False,False,False,7,False,30,1.0,True,GOOD,coverage and completeness requirements passed,,0.9558469884996054,True,GOOD,VV/VH and ROI coverage pass requirements,-8.526746194671176,-13.890477455136754,7.44006282820915,62.480562532338865,289.52485394191217,-0.41925464104195104,-0.3137944866846721,-0.10181823266998777,1.3192774231226667,-0.05279347690181818,0.6442377461535457,0.49056603773584906,0.6792452830188679,0.9905660377358491,0.7201257861635221,PDD_adjusted,0.7201257861635221,climate_sar_change,PDD_adjusted,below_reference,unusual environmental state,1.2754783931031057,-0.07037635984332691,0.6433191639120885,0.5053763440860215,0.5053763440860215,0.9247311827956989,0.6451612903225806,PDD_adjusted,1,-1.9763305091988417,1.3120618481668136,False
2021-10-01,1.862294967392868,8.496157647924157,-9.435907538653572,1.8527181719896773,58.17702818633788,113.41342394567158,123.755569878535,309.6891818953051,176.92860023234832,1.833314911269056,82.47362653717583,14.0,84.80506613037898,2.991861185704555,518.1740892708916,139.54740263034054,0.506560074022086,0.0195483936705008,-0.0097348241791755,0.3770642361452901,0.0289995723212346,-0.0103982859474883,2.6395185464797057,-9.603168279678552,-17.488235276445106,0.592912166281387,1.3321008374767906,-0.6535584642026144,-1.2590471920489357,40.1814866454586,-3.482101646746291,-77.85827188699893,1767.7717459213634,1.3611063193462196,10.0,0.998432084708628,5.2355346452804685,2,0.9558469884996054,2.0,False,False,False,7,False,31,1.0,True,GOOD,coverage and completeness requirements passed,,0.9558469884996054,True,GOOD,VV/VH and ROI coverage pass requirements,37.10360834230188,71.07492641489416,42.64833641738731,24.6032356229868,333.6589213470784,-0.20545319499466919,-0.7624151966738903,-0.04294262811165894,4.154537967497235,0.08291017802057465,0.2437780372443981,0.9811320754716981,0.9716981132075472,0.8679245283018868,0.940251572327044,PDD_adjusted,0.940251572327044,climate_sar_change,PDD_adjusted,above_reference,unusual environmental state,4.128759358686884,0.025233402584522335,0.2830609045927709,0.978494623655914,0.9032258064516129,0.7204301075268817,0.867383512544803,PDD_adjusted,0,9.323057742497571,2.6329903968225596,True
2021-11-01,-3.1268111415441937,4.1415238038827695,-12.693219532117617,0.8691130943422339,3.498539628463171,7.058293391779503,14.51147552357849,163.2637937312682,23.89592916353408,-0.3157259761957918,0.3498422287563803,18.0,11.61109798972578,2.993831667033956,483.50203571850807,61.915953653451005,0.505726308977756,0.0330194999844635,-0.00083376504433,0.3604538383199434,0.0323002581380743,-0.0166103978253467,2.635174070057705,-7.633465875365458,-13.746624124738652,1.9697024043130948,3.7416111517064543,0.1920477959177642,0.1759382814645089,40.18452084847578,-4.989106108937062,-82.12378430841945,1526.5019131966928,2.3141063995751074,12.0,0.998432084708628,9.903917796833364,3,0.9558469884996054,3.0,False,False,False,7,False,30,1.0,True,GOOD,coverage and completeness requirements passed,,0.9558469884996054,True,GOOD,VV/VH and ROI coverage pass requirements,-0.6073982096571706,-5.706658837245626,-6.5504621835974355,82.20046817697987,285.0791764945441,0.6503261725717058,1.2067039308731036,0.006634310991136287,1.4828412823852144,-0.019950400628326648,0.6037505009848644,0.5566037735849056,0.8490566037735849,0.9811320754716981,0.7955974842767296,VH_change_adjusted,0.7955974842767296,climate_sar_change,VH_change_adjusted,above_reference,unusual environmental state,1.2371017393849637,-0.054178044128686265,0.5259354736190809,0.46236559139784944,0.6559139784946236,0.8817204301075269,0.6666666666666666,VH_change_adjusted,1,-0.4816673250818202,-1.7154373937971372,False
2021-12-01,-8.81089458854829,3.572879440661996,-18.207172459837903,-2.0721842576259366,32.39658503083786,48.9975601390543,55.179279767633744,80.4936619603658,80.53372725241452,1.624898133243159,1.0330977829806518,4.0,70.602109752737,3.058729594593069,465.7616119943702,38.93524662111109,0.8301781796399091,0.33075119324103,0.3244518706621532,0.6679445209683295,0.3131940223079572,0.3074906826483861,4.325786445512012,-7.391213964450302,-13.279257915529024,0.2422519109151553,0.4673662092096275,-0.0438936815717143,-0.2035181938663957,40.1806491292606,-5.684083447004097,0.6832555542242715,1378.0603534696031,1.8877475933496548,12.0,0.998432084708628,7.924746787436168,2,0.9558469884996054,2.0,False,False,False,7,False,31,1.0,True,GOOD,coverage and completeness requirements passed,,0.9558469884996054,True,GOOD,VV/VH and ROI coverage pass requirements,0.37569190195288604,35.02288490085924,36.92495766845183,46.42822370109193,295.7136859028051,-0.23594147748947836,-0.37945647533090393,0.2977316932565666,1.659507888607421,-0.019104854938091997,0.36553927201822906,0.6415094339622641,0.8679245283018868,0.9433962264150944,0.8176100628930817,temp_anomaly,0.8176100628930817,climate_sar_change,temp_anomaly,below_reference,unusual environmental state,2.0687182999640634,0.041334516693338874,0.1996205565102929,0.7526881720430108,0.967741935483871,0.5376344086021505,0.7526881720430106,snow_fraction_anomaly,1,-0.46712746317106935,2.8205164787078485,False
2022-01-01,-11.97506978467517,-4.75786742949299,-20.10266134113092,-2.215258853899954,4.790898932344997,10.68253461657414,51.220612506504,88.57830965200186,47.5920677888356,-0.0965965395573918,0.0,0.0,38.69837359574419,3.4282508708020365,507.60711629134414,22.9439484551916,0.9788880045986688,0.3981165293470473,0.1487098249587596,0.7310369808457888,0.3255228064818468,0.0630924598774593,5.1006646113054,-7.176469071346636,-12.53444822436142,0.2147448931036661,0.7448096911676032,0.0530243701829356,0.2479082755311807,40.179058368914944,-3.1641751961268803,-1.0330977829806518,1218.9433682379984,0.7851217585933405,12.0,0.998432084708628,3.4757955023710263,3,0.9558469884996054,3.0,False,False,False,7,False,31,1.0,True,GOOD,coverage and completeness requirements passed,,0.9558469884996054,True,GOOD,VV/VH and ROI coverage pass requirements,-0.185154873908144,-11.222596608867525,20.08730026862469,35.236235892294985,259.7792068055818,0.13520774088574009,0.510490452301043,0.06301950348518902,1.4889854789095625,-0.035924212272796074,0.34086036089874194,0.5660377358490566,0.8018867924528302,0.9245283018867925,0.7641509433962265,temp_anomaly,0.7641509433962265,climate_sar_change,temp_anomaly,below_reference,unusual environmental state,1.885789639590053,0.03818961417578248,0.2957918627555227,0.6774193548387096,0.956989247311828,0.7419354838709677,0.7921146953405017,snow_fraction_anomaly,1,-0.8788919871914259,1.001770916807888,False
2022-02-01,-11.306039826172688,-4.840351680833444,-19.08467106775528,-2.0123886092987577,33.61329069067646,55.42659405174482,66.23208715980074,105.52646732787277,87.00564056610672,0.5660217846881087,0.0,0.0,77.64080271287378,3.8338864745357424,543.953723851513,14.67328226583093,0.9498799411028936,0.2749969176684377,-0.0290080634957751,0.7274028804641094,0.236533706879313,-0.0036341003816794,4.949513098343442,-7.242080600559891,-12.8782940896481,-0.065611529213255,-0.3438458652866796,0.4306152075008178,0.4888478170606074,40.1826477215616,0.6690299585024828,0.0,1123.1075035684053,0.1715797610424154,10.0,0.998432084708628,9.78306716853441,2,0.9558469884996054,2.0,False,False,False,7,False,28,1.0,True,GOOD,coverage and completeness requirements passed,,0.9558469884996054,True,GOOD,VV/VH and ROI coverage pass requirements,0.0,30.607247777200424,34.88528489813477,29.639910815083937,251.4772109202844,0.4078860727998278,0.2929574046362171,-0.1231196116786096,1.5751609809361564,-0.029207458371870443,0.23707215193290912,0.5943396226415094,0.8301886792452831,0.8490566037735849,0.7578616352201258,temp_anomaly,0.7578616352201258,climate_sar_change,temp_anomaly,below_reference,unusual environmental state,1.6767517074225036,-0.004366422303052064,0.6669853988622739,0.6021505376344086,0.8602150537634409,0.9354838709677419,0.7992831541218638,snow_fraction_anomaly,1,-0.844229410752289,1.4294601046076159,False
2022-03-01,-3.673228648709196,5.126733419913649,-15.96565914919137,2.812087474531636,4.2013823147142215,6.23075065899209,8.326190428322178,92.01385696369093,17.422420377128123,-1.6528480515691717,2.917263958953674,18.0,6.36370687035714,3.479447559643817,779.5064603804017,78.61736005488036,0.7064172300077349,-0.012554970333154,-0.2434627110951587,0.5563882605383891,0.0110305035150818,-0.1710146199257203,3.680908693322996,-9.693102334639976,-16.342585952941892,-2.4510217340800846,-3.464291863293792,-1.2076340705291155,-1.6847435276027962,40.17847407375042,7.632811177463491,2.917263958953674,972.0637984102724,2.4939229609632085,13.0,0.998432084708628,11.371610919876838,3,0.9558469884996054,3.0,False,False,False,7,False,31,1.0,True,GOOD,coverage and completeness requirements passed,,0.9558469884996054,True,GOOD,VV/VH and ROI coverage pass requirements,2.6255375630583067,-22.790495948909403,-27.467166468903393,5.527818440056933,167.7373158490326,-1.6382492780299323,-2.1735913446634028,-0.2875518880015917,2.897882407158108,0.12171912873157298,0.3250417601341033,0.8962264150943396,1.0,0.8962264150943396,0.9308176100628932,VV_change_adjusted,0.9308176100628932,climate_sar_change,VV_change_adjusted,below_reference,unusual environmental state,2.43440020935244,0.09876322779169278,0.9218765696402271,0.8817204301075269,1.0,1.0,0.960573476702509,VV_change_adjusted,1,1.9994716126299812,1.9992534721506705,True
2022-04-01,-0.0450018845988281,6.941349140680002,-8.687404317406155,2.896230804162025,8.464294436023062,14.180141747427983,21.036408434281824,76.84290835649294,76.84290835649296,0.3541852886319713,13.434155522292382,30.0,41.4042583955773,2.977322194648783,764.4444440570021,75.45833343103854,0.5026158268708951,-0.1395223782056186,-0.2038014031368398,0.3456206576985171,-0.1327368068423796,-0.210767602839872,2.6189663671008505,-9.992095344932192,-17.263338563951553,-0.2989930102922162,-0.9207526110096608,-0.5304331279895536,-0.9769376795774214,40.18977039648404,3.628226764110368,10.516891563338708,903.0971370052246,1.2047042708369935,11.0,0.998432084708628,8.110950655748995,2,0.9558469884996054,2.0,False,False,False,7,False,30,1.0,True,GOOD,coverage and completeness requirements passed,,0.9558469884996054,True,GOOD,VV/VH and ROI coverage pass requirements,11.021929096657892,-6.78599367666674,-11.428661320853564,-12.091803559943514,146.0267815427635,0.6772009425395611,0.7078058480253723,-0.14040589300393266,1.8904461630954208,-0.0292677339728587,0.07565196081720585,0.7452830188679245,0.8207547169811321,0.5377358490566038,0.7012578616352201,PDD_adjusted,0.7012578616352201,climate_sar_change,PDD_adjusted,above_reference,unusual environmental state,1.727871263176497,-0.03969338764951952,0.20935341593165452,0.6236559139784946,0.7204301075268817,0.5698924731182796,0.6379928315412187,PDD_adjusted,0,2.839952028457283,-2.174848036472044,False
2022-05-01,2.1963688361756204,8.701266537477757,-5.903371354813791,0.938757597841036,17.678078348345267,39.43348959081765,83.50156552372846,213.1792180623744,216.34922476505645,1.6326793928051746,68.89256540916416,27.0,106.60424865624964,2.9652965951766723,764.754245877551,102.9172794215701,0.5925090313991046,-0.0071852922575247,0.0898932045282094,0.4175853120974768,-0.0332999197241709,0.0719646543989597,2.5194075302043832,-9.76331113797859,-17.071794637448605,0.2287842069536019,0.1915439265029483,0.0375222147563611,-0.0028799977401234,40.19435087738115,2.2413707207744484,55.45840988687178,983.9817912194972,1.006548401146228,10.0,0.8147572167751164,2.706028880141772,3,0.9558469884996054,3.0,False,False,False,7,False,31,1.0,True,GOOD,coverage and completeness requirements passed,,0.9558469884996054,True,GOOD,VV/VH and ROI coverage pass requirements,18.597241238230254,1.4620509749679087,21.952927678978632,57.99613839569889,187.0271700616588,0.5679553427459152,0.9740576818372986,0.1457755710795618,2.3065077659207165,-0.019640067377727277,0.04693465403387284,0.8207547169811321,0.8584905660377359,0.3867924528301887,0.6886792452830189,PDD_adjusted,0.6886792452830189,climate_sar_change,PDD_adjusted,above_reference,unusual environmental state,2.2636893789139205,-0.0355900309996347,0.17754609034760033,0.8387096774193549,0.7311827956989247,0.4838709677419355,0.6845878136200717,PDD_adjusted,0,4.115713972249778,-0.49172159676147265,False
2022-06-01,6.025153404833616,11.33596493145853,1.0998233266316586,0.4722490558645794,50.03214680665802,111.8880198317336,180.82769852720227,401.2983041404013,401.2983041404013,1.7353131608006875,180.75460214500848,0.0,71.95261548051086,2.924178615888929,605.6456862920478,298.281223509909,0.516509233773423,-0.0645639297422858,-0.0759997976256816,0.3817026031453985,-0.0652755997976798,-0.0358827089520782,2.6913603576138345,-10.59178908191611,-19.4038089796918,-0.8284779439375196,-2.332014342243191,-0.2921704678790142,-0.5645845949349528,40.18583967697761,3.828784568657996,111.86203673584431,1237.682826676974,2.011202824042318,10.0,0.998432084708628,2.080686414300849,2,0.9558469884996054,2.0,False,False,False,7,False,30,1.0,True,GOOD,coverage and completeness requirements passed,,0.9558469884996054,True,GOOD,VV/VH and ROI coverage pass requirements,13.275709399062947,28.421355497069655,40.65208908646548,70.29279336263363,232.6793053950919,-0.3296926826353758,-0.5617045971948247,-0.0597382243807483,1.8846274636706857,-0.0437957504152654,0.08237686203095114,0.7358490566037735,0.7358490566037735,0.5566037735849056,0.6761006289308176,PDD_adjusted,0.6761006289308176,climate_sar_change,PDD_adjusted,above_reference,unusual environmental state,1.8018393357557938,-0.07645537502021721,0.18638063781294065,0.6451612903225806,0.43010752688172044,0.5053763440860215,0.5268817204301075,PDD_adjusted,0,3.2329424756929868,2.6117362475061547,False
2022-07-01,7.686537083261552,13.084435927775631,4.400524395507149,0.4990856724445344,29.662109748789064,67.65497142169778,141.74505828217306,463.861515796126,442.0723029713868,-0.4940760794710508,238.2826495811081,0.0,17.912235331212358,2.9024601372209498,545.558325062632,383.98545028289215,0.4292017899538048,-0.0993066677938301,-0.0873074438196181,0.3189007867813822,-0.0706154336607002,-0.0628018163640163,2.224474730296889,-10.035370791309598,-19.029812020026505,0.556418290606512,0.3739969596652912,-0.038145752851717,-0.0588645129197331,40.18266787193823,1.661383678427936,57.52804743609963,1494.102705646815,1.0159602343470124,8.0,0.993094826610862,3.916429404894618,3,0.9558469884996054,3.0,False,False,False,7,False,31,1.0,True,GOOD,coverage and completeness requirements passed,,0.9558469884996054,True,GOOD,VV/VH and ROI coverage pass requirements,6.829363186320279,-26.54816538620328,-27.804614910882208,-58.3558464228023,199.479010501763,0.2540247150272976,0.505720082015218,-0.034742738051544236,1.1168675223735385,-0.0715503581973525,0.3386008277347074,0.41509433962264153,0.5283018867924528,0.9150943396226415,0.619496855345912,PDD_adjusted,0.619496855345912,climate_sar_change,PDD_adjusted,above_reference,unusual environmental state,1.0697341573825838,-0.0965365230874825,0.2750968728576104,0.3333333333333333,0.3333333333333333,0.7096774193548387,0.4587813620071685,PDD_adjusted,1,1.499661843032271,-1.6657668655664495,False
2022-08-01,7.625228725764548,12.363169108101571,1.8761205126918992,0.6675090013735415,25.82217327290406,54.596953887403245,115.99783921005748,470.5275485950899,385.43611567381856,-0.4177162634458637,236.382090498701,0.0,6.646634633983843,2.9006228290544094,521.8040966896551,345.2175070101069,0.380975910653944,-0.0930079852869025,-0.0482258792998608,0.2859707873916237,-0.0581341871670132,-0.0329299993897584,1.980742114463296,-9.832851660418251,-18.79591014314436,0.2025191308913463,0.2339018768821468,-0.0100264074386444,0.0297099441299089,40.18973019016174,-0.0613083574970039,-1.9005590824071132,1655.423415473611,0.2168824463585857,11.0,0.9962198414209223,3.275307512560649,3,0.9558469884996054,3.0,False,False,False,7,False,31,1.0,True,GOOD,coverage and completeness requirements passed,,0.9558469884996054,True,GOOD,VV/VH and ROI coverage pass requirements,7.3678855070303655,-22.943978273428968,-36.13662601847598,-65.81626302369807,119.46224947893575,0.028119345413072983,0.08857445704964403,0.006298682506927673,1.0456841314347753,-0.10388535608763666,0.13360750669994617,0.33962264150943394,0.3490566037735849,0.6886792452830188,0.45911949685534587,PDD_adjusted,0.45911949685534587,climate_sar_change,PDD_adjusted,above_reference,unusual environmental state,1.0313132754753662,-0.11576374785523147,0.12498261128906862,0.3118279569892473,0.15053763440860216,0.26881720430107525,0.24372759856630824,PDD_adjusted,1,1.804984023392096,-1.5996216194818806,False
2022-09-01,5.402835509323893,10.078242577506511,-0.1637557070662763,0.3726979302648189,24.936305308397724,52.98659429086936,108.9973147726462,382.02033476053,252.931049267801,0.2953890407667547,162.0850652797168,1.0,35.32506155412458,2.905918073076258,489.25865278914495,237.40986312551453,0.447271350567768,-0.0065325258513336,0.066295439913824,0.2965081849014486,-0.0344675651405126,0.0105373975098249,1.155213557309139,-9.775216808584137,-18.34692040132621,0.0576348518341145,0.4489897418181456,0.1680384557165304,0.2050652598609836,40.20177608031501,-2.222393216440655,-74.2970252189842,1660.0409524203703,1.1816585389354337,8.0,0.4948983018123054,1.081250952755074,2,0.9558469884996054,2.0,False,False,False,7,False,30,1.0,True,GOOD,coverage and completeness requirements passed,,0.9558469884996054,True,GOOD,VV/VH and ROI coverage pass requirements,-6.7735793391291566,-17.580308674638246,-10.278607617526887,-57.04954984703238,77.98563496344173,0.17806486315517267,0.17535531573106644,0.08824293512134812,0.7149423922096058,-0.13108401883172677,0.028883355048436716,0.1792452830188679,0.0660377358490566,0.24528301886792453,0.16352201257861634,PDD_adjusted,0.16352201257861634,climate_sar_change,PDD_adjusted,below_reference,unusual environmental state,0.7691895918304998,-0.12477834076973443,0.10622777066462145,0.1827956989247312,0.053763440860215055,0.21505376344086022,0.15053763440860216,PDD_adjusted,1,-1.8034052835348593,-0.8069913180129704,False
2022-10-01,-0.5684206815319311,8.552739020286547,-13.294098130185173,-0.5779974769351215,32.472053015387715,80.26901283841835,101.57824280678862,269.5547968709245,128.3600117136936,0.9415600860781084,36.914577604397465,20.0,74.1787915118694,2.9647700268396,567.5748790787903,120.57075565084448,0.5867776801247454,0.0997659997731602,0.1395063295569774,0.4553939620692676,0.1073292982452121,0.158885777167819,3.057506204648244,-8.93330871320643,-16.23644811798358,0.8419080953777076,2.110472283342631,0.0163011022695087,-0.0072600335874106,40.19060032666457,-5.971256190855824,-125.17048767531932,1539.3948212710084,2.35135321147308,11.0,0.998432084708628,8.11735900689579,2,0.9558469884996054,2.0,False,False,False,7,False,31,1.0,True,GOOD,coverage and completeness requirements passed,,0.9558469884996054,True,GOOD,VV/VH and ROI coverage pass requirements,-8.455440590476485,37.93051530764093,20.471009345640937,-15.531149401393805,105.28199669672335,0.04354273410165144,0.015956249191949823,0.10629852562449395,1.0812085317663838,-0.11669283180346862,0.010984684830891584,0.37735849056603776,0.22641509433962265,0.10377358490566038,0.23584905660377362,PDD_adjusted,0.23584905660377362,climate_sar_change,PDD_adjusted,below_reference,unusual environmental state,1.1726828632109014,-0.10827841329112847,0.01917303519359515,0.41935483870967744,0.24731182795698925,0.021505376344086023,0.22939068100358426,PDD_adjusted,1,-2.430320177338424,0.9250423280143194,False
2022-11-01,-2.847294647034228,4.188899326525824,-11.844459790331111,1.1486295888521998,2.241685048351994,4.794153634310024,6.813136884950366,124.82429577689533,14.523283926624073,-0.8564639777853283,0.0,23.0,8.553553476174645,2.904881336851372,505.1595079239973,48.56933838963761,0.518494640967652,0.0457878319743595,-0.0682830391570934,0.3785142909665695,0.0503607107847005,-0.076879671102698,2.701705663886933,-7.45171852292548,-13.405751651026836,1.481590190280949,2.8306964669567467,0.3737951483577415,0.5168107551763246,40.18708333688237,-2.2788739655022967,-36.914577604397465,1323.0088820069811,1.583769677066954,11.0,0.998432084708628,11.0,2,0.9558469884996054,2.0,False,False,False,7,False,30,1.0,True,GOOD,coverage and completeness requirements passed,,0.9558469884996054,True,GOOD,VV/VH and ROI coverage pass requirements,-0.957240438413551,-7.970798594715105,-14.248800822225558,43.760970222606986,81.58614530483237,0.1622139585395599,0.29578924612339597,-0.06081496312162711,0.501394367282787,-0.13397040869480054,0.024488592404180467,0.04716981132075472,0.03773584905660377,0.22641509433962265,0.1037735849056604,temp_anomaly,0.1037735849056604,climate_sar_change,temp_anomaly,above_reference,unusual environmental state,0.4711103289594315,-0.1263725390826843,0.13779203600682188,0.010752688172043012,0.043010752688172046,0.2903225806451613,0.11469534050179213,temp_anomaly,1,-0.2419007350011896,-1.190348174759614,False
2022-12-01,-4.351483477223924,3.359629702584856,-13.973685578273075,2.387226853698429,3.634436588886365,5.545401760717065,6.6248486240468685,14.120412927535178,13.68893225005224,-0.7590076683181207,0.0,20.0,7.726910185228764,2.9030464604599224,464.25631140464463,28.43390825420178,0.4795979023826591,-0.01982908401622,-0.0388967385849928,0.3377835828111006,-0.0169669158492716,-0.0407307081554689,2.499027505544384,-7.045210856847816,-12.622370674818509,0.4065076660776645,0.7833809762083259,0.3021094260307722,0.45336904684412,40.18126806696533,-1.5041888301896966,0.0,1138.2464819559862,0.4384636487081679,12.0,0.998432084708628,11.079415893165256,3,0.9558469884996054,3.0,False,False,False,7,False,31,1.0,True,GOOD,coverage and completeness requirements passed,,0.9558469884996054,True,GOOD,VV/VH and ROI coverage pass requirements,-0.6574058810277658,-8.429273477477999,-11.629473475135043,-19.94502533173869,55.89981438918812,-0.07168572232696918,-0.06344170833220553,-0.0656169159905794,0.894326588947877,-0.12144625291951772,0.004785970719378705,0.27358490566037735,0.1509433962264151,0.04716981132075472,0.15723270440251572,temp_anomaly,0.15723270440251572,climate_sar_change,temp_anomaly,above_reference,unusual environmental state,0.6493496673252106,-0.1243371534671629,0.19553512036916507,0.12903225806451613,0.07526881720430108,0.5161290322580645,0.24014336917562726,temp_anomaly,1,0.22026802195877757,-0.8335203984199968,False
2023-01-01,-7.238020147139263,1.1888297062873396,-16.74187776483672,2.521790783635954,2.310562981867399,6.792717040319008,8.422436260931791,19.05832364318457,13.863356977529136,-1.003046833538907,0.0,3.0,12.335077046110628,2.9167748389222035,520.046566632653,18.639474724439733,0.4701752852264242,-0.1105961900251972,-0.0094226171562348,0.3123112665289635,-0.0932029078349785,-0.025472316282137,2.44992933532583,-6.731748027589583,-12.144505078461354,0.3134628292582331,0.4778655963571552,0.497745413939989,0.6378514214312467,40.188238956626186,-2.8865366699153387,0.0,981.3728666401174,0.3868870393615848,12.0,0.998432084708628,8.214463386455332,2,0.9558469884996054,2.0,False,False,False,7,False,31,1.0,True,GOOD,coverage and completeness requirements passed,,0.9558469884996054,True,GOOD,VV/VH and ROI coverage pass requirements,-0.185154873908144,-15.112414185122656,-22.710875976947513,-34.28375011652231,22.20870520770086,0.2339256770403071,0.24354635749059492,-0.09511293862980537,1.061073938056026,-0.10160735407194094,0.001312560088973077,0.3584905660377358,0.36792452830188677,0.018867924528301886,0.24842767295597482,temp_anomaly,0.24842767295597482,climate_sar_change,temp_anomaly,above_reference,unusual environmental state,0.8907614859503332,-0.11094507934327535,0.10067247531107025,0.22580645161290322,0.1935483870967742,0.1935483870967742,0.20430107526881716,temp_anomaly,1,0.24791502684787023,-1.9317297396136721,False
2023-02-01,-6.023362710243321,3.737793710750252,-14.80637116831509,3.270288506630609,6.262903459619112,12.688496778603202,17.841814611773618,40.953843128673554,39.67169308133784,-0.7847244668586211,0.0,9.0,30.929764508571868,2.929786608752136,546.1643423814215,15.353361450078031,0.4806003424969984,-0.1942826809374575,0.0104250572705741,0.3214228594123951,-0.1694463141724012,0.0091115928834316,2.504250892481544,-7.623398889639996,-13.374279327400028,-0.8916508620504136,-1.229774248938675,0.0492969184207128,-0.0071374206913201,40.18126902734885,1.2146574368959424,0.0,873.8386297254376,0.7992194782595439,11.0,0.998432084708628,10.7310550609356,2,0.9558469884996054,2.0,False,False,False,7,False,28,1.0,True,GOOD,coverage and completeness requirements passed,,0.9558469884996054,True,GOOD,VV/VH and ROI coverage pass requirements,0.0,-12.130849495941195,-13.504987649892353,-34.932713384115274,2.2083370773167417,-0.4181532600373308,-0.5929709790157782,-0.08368649091226041,1.4615993913068854,-0.06781506457384445,0.01454643257721896,0.5377358490566038,0.5566037735849056,0.1509433962264151,0.4150943396226415,temp_anomaly,0.4150943396226415,climate_sar_change,temp_anomaly,above_reference,unusual environmental state,1.2760297929663798,-0.05102609974622335,0.06417959981086029,0.5161290322580645,0.6666666666666666,0.08602150537634409,0.42293906810035836,temp_anomaly,1,0.7551778594799995,-0.38224042793190527,False
2023-03-01,-6.882451464168546,-0.2057592608071084,-19.155309816987288,-0.3971353409277139,12.40101377977608,23.20429954573888,34.08797379431767,74.61781614263344,72.35833036496352,0.27100003943479,0.0,0.0,52.964186143158905,2.960976912159078,713.7191982063165,19.97609478981876,0.6597592464457559,-0.059212953895133,0.1791589039487575,0.4945027545476775,-0.0508550024756297,0.1730798951352823,3.4377892307578914,-8.123755902422259,-14.350515972073222,-0.5003570127822625,-0.9762366446731932,0.3617123616886015,0.3073264532658744,40.18584895457859,-0.8590887539252252,0.0,815.1211656315855,1.1502137867841062,12.0,0.998432084708628,7.455078795295481,2,0.9558469884996054,2.0,False,False,False,7,False,31,1.0,True,GOOD,coverage and completeness requirements passed,,0.9558469884996054,True,GOOD,VV/VH and ROI coverage pass requirements,-0.2917263958953674,-5.816947062162612,-1.705383102907902,-11.86822238100055,10.79468307034574,0.31241544326788984,0.3144638739571961,0.13506972704232448,0.5697558371145038,-0.1328160769254612,0.0319485420875134,0.0660377358490566,0.05660377358490566,0.27358490566037735,0.1320754716981132,VV_change_adjusted,0.1320754716981132,climate_sar_change,VV_change_adjusted,above_reference,unusual environmental state,0.6467918526195172,-0.11009675945508723,0.27241851521034277,0.11827956989247312,0.21505376344086022,0.6989247311827957,0.3440860215053763,snow_fraction_change_adjusted,1,-0.5203127278366703,-0.6900702208367286,False
2023-04-01,-3.909313579943787,4.106459901233887,-18.588649896330413,-0.9680808911829332,13.082361210792982,18.971018939335988,28.17327330365997,85.36256351132405,59.30035418300163,-0.3532536080184363,0.0,19.0,40.32002910014759,2.960850730237992,794.9722214405349,21.59134034305957,0.752675095283443,0.1105368902069292,0.0929158488376871,0.5802235815025831,0.1018661169616864,0.0857208269549056,3.92194327061672,-8.836771028591544,-15.30617698175244,-0.7130151261692852,-0.9556610096792184,0.6248911883510946,0.9802239026216916,40.18453870874407,2.973137884224759,0.0,752.1533449698494,0.8829778649188711,10.0,0.998432084708628,7.03420209079853,3,0.9558469884996054,3.0,False,False,False,7,False,30,1.0,True,GOOD,coverage and completeness requirements passed,,0.9558469884996054,True,GOOD,VV/VH and ROI coverage pass requirements,-2.412226425634489,-1.9951164847587357,-4.29179645147542,-3.572148405112401,-4.9170104926116665,0.26317882666249204,0.6728974493558146,0.15631135897059423,0.8975661394755526,-0.10692602189605338,0.04873994331948401,0.29245283018867924,0.3113207547169811,0.39622641509433965,0.3333333333333333,temp_anomaly,0.3333333333333333,climate_sar_change,temp_anomaly,below_reference,unusual environmental state,0.9916890770471762,-0.08624507339457016,0.1596561558616409,0.2903225806451613,0.3548387096774194,0.3978494623655914,0.34767025089605735,snow_fraction_change_adjusted,1,-1.2248593715287333,-0.9491978491560886,False
2023-05-01,-0.6772760586151204,6.6747682543223945,-10.80992558027637,-1.9348872969497048,16.411901915014674,36.61423422512964,62.7583007665569,139.6668270001358,125.12318010597954,-0.1726815820832825,13.322457116807575,30.0,79.96560277300641,3.00241059516479,839.2453338458831,41.019701280281794,0.7049032201551853,0.1052088964985559,-0.0477718751282577,0.5288714765932616,0.0779862447716139,-0.0513521049093215,3.673019684120933,-9.906375945514412,-16.69043297619234,-1.0696049169228683,-1.3842559944399009,-0.1055425927794608,0.3784816635161405,40.19173923783479,3.2320375213286665,13.322457116807575,764.4535233303516,1.0098661543615095,11.0,0.998432084708628,5.841301632919501,2,0.9558469884996054,2.0,False,False,False,7,False,31,1.0,True,GOOD,coverage and completeness requirements passed,,0.9558469884996054,True,GOOD,VV/VH and ROI coverage pass requirements,-36.97286705412633,-1.3572043907200992,1.2096629218070731,-15.516252666539685,-32.501097827486774,-0.730433781130555,-0.6017422391055506,0.00811049142309471,4.000689971610008,0.0696898088657405,0.029943813623027254,0.9716981132075472,0.9433962264150944,0.2641509433962264,0.7264150943396226,PDD_adjusted,0.7264150943396226,climate_sar_change,PDD_adjusted,below_reference,unusual environmental state,3.9970078418191983,0.013130606179442394,0.1557959691542358,0.967741935483871,0.8924731182795699,0.3870967741935484,0.7491039426523298,PDD_adjusted,1,-9.28465978447697,1.4874091659296538,False
2023-06-01,5.079169015558551,12.375102678442596,-5.159192083521155,-0.4737353334104845,42.59498932287297,87.74775570543504,133.0451709446121,311.219672811888,311.219672811888,0.4719494645048367,152.37507046675654,7.0,50.14688112130054,2.9229622786221614,679.6110485010556,144.9946785721873,0.5697962412871165,-0.0112769222285923,-0.1351069788680687,0.4438602491250209,-0.0031179538180574,-0.0850112274682406,2.969021491666545,-10.083004538926422,-18.52297468734195,-0.1766285934120102,-1.8325417111496087,0.2166140751106731,0.3162496974148965,40.18415017185056,5.756445074173672,139.05261334994896,961.0051676426868,2.3158262361493342,11.0,0.998432084708628,5.204470416725114,3,0.9558469884996054,2.9998758145016367,False,False,False,7,False,30,1.0,True,GOOD,coverage and completeness requirements passed,,0.9558469884996054,True,GOOD,VV/VH and ROI coverage pass requirements,-15.10382227918899,4.281091370771094,-7.130438496124697,-19.785837965879637,-43.998353639195216,0.3221566678901336,-0.062231966101242264,-0.11884540562313539,1.6311420403187753,-0.0878035713393423,0.16624355848964353,0.6320754716981132,0.4056603773584906,0.7547169811320755,0.5974842767295597,PDD_adjusted,0.5974842767295597,climate_sar_change,PDD_adjusted,below_reference,unusual environmental state,1.6603163331642692,-0.09666110188268262,0.22138196715190273,0.5913978494623656,0.3225806451612903,0.6129032258064516,0.5089605734767025,PDD_adjusted,1,-4.025663465973568,-0.6929819220399864,False
2023-07-01,7.6987055798716915,12.444619074478547,4.788737046458558,0.5112541690546736,30.885114366011614,64.35450355305663,131.12694370339744,442.09664416261313,435.7593839670994,-0.575982902252684,238.65987297602243,0.0,8.169084017274457,2.9007575042376605,530.6743594320901,336.8712518728593,0.4856913184009538,-0.0428171393466811,-0.0841049228861626,0.3623864415472999,-0.0271297788947825,-0.081473807577721,2.235681592998904,-10.225302450738452,-18.924373684440752,-0.1422979118120295,-0.4013989970988021,-0.2280774122805713,0.0465738226660192,40.19054247229318,2.6195365643131403,86.28480250926589,1252.6137764633831,1.3828320832487362,7.0,0.882011764518188,2.592746103142606,2,0.9558469884996054,2.0,False,False,False,7,False,31,1.0,True,GOOD,coverage and completeness requirements passed,,0.9558469884996054,True,GOOD,VV/VH and ROI coverage pass requirements,7.206586581234603,-29.84863325484443,-38.422729489657826,-80.12071805631518,-42.00991868166875,-0.4446914873912439,-0.2696758747488752,-0.03154021711808874,1.2233826962343757,-0.07530737508192542,0.06177235941232186,0.4528301886792453,0.49056603773584906,0.4528301886792453,0.4654088050314466,PDD_adjusted,0.4654088050314466,climate_sar_change,PDD_adjusted,above_reference,unusual environmental state,1.1471591816202316,-0.09829294355936707,0.06459315490679533,0.3763440860215054,0.3118279569892473,0.0967741935483871,0.2616487455197133,PDD_adjusted,1,1.866212344580426,-1.162092894685475,False
2023-08-01,7.683565005810295,12.229217417621028,2.7555325899386114,0.7258452814192884,30.59525016026313,80.00363763376114,148.20247674176895,494.4469113266192,441.6176570897904,0.4456029915792515,238.19051518011915,0.0,15.01921900101714,2.901963528775448,475.92143406122455,412.9275335634703,0.3396737352278782,-0.1343101607129683,-0.1460175831730756,0.2264219831295505,-0.1176829914290864,-0.1359644584177493,1.7506896027703964,-9.851927589665854,-19.038211296510944,0.3733748610725982,-0.113837612070192,-0.0291023366862468,-0.2125912092366739,40.19269688220588,-0.0151405740613963,-0.469357795903278,1506.339367083666,0.7384353442556552,4.0,0.9875792420699148,1.2506928574252203,3,0.9558469884996054,3.0,False,False,False,7,False,31,1.0,True,GOOD,coverage and completeness requirements passed,,0.9558469884996054,True,GOOD,VV/VH and ROI coverage pass requirements,9.176310188448525,2.4627054729289313,-3.93198848676451,-41.896900292168766,-29.621798911009137,0.1989750755943249,-0.2591650319026948,-0.09149302136628712,1.0669348862833083,-0.1086477901946929,0.1936317123860873,0.36792452830188677,0.29245283018867924,0.8113207547169812,0.4905660377358491,PDD_adjusted,0.4905660377358491,climate_sar_change,PDD_adjusted,above_reference,unusual environmental state,1.16566471803832,-0.11032702275963918,0.2042257322618185,0.40860215053763443,0.20430107526881722,0.5483870967741935,0.3870967741935483,PDD_adjusted,0,2.1537363229031334,-0.48609117493145776,False
2023-09-01,6.141489134969069,11.70339036548249,1.1298140040591829,1.1113515559099951,17.289120330073057,37.9128559563541,74.29015851170406,426.9217699403512,201.60475035575013,-0.4323000309758589,184.24467404907207,0.0,13.760317702902864,2.90201590354061,548.0696390463143,169.39758622650527,0.3630056337996604,-0.0907982426194413,0.0233318985717821,0.2422089675383273,-0.0887667825036339,0.0157869844087767,1.876163043918864,-9.890792171824796,-18.566468594167567,-0.0388645821589417,0.4717427023433771,0.0524630924758717,-0.0144829329803748,40.18521071617478,-1.5420758708412263,-53.94584113104708,1481.9932123768665,0.859259088574091,10.0,0.9903346608160538,3.448334818715057,3,0.9558469884996054,3.0,False,False,False,7,False,30,1.0,True,GOOD,coverage and completeness requirements passed,,0.9558469884996054,True,GOOD,VV/VH and ROI coverage pass requirements,15.386029430226131,-32.65404700915351,-44.98576387846903,-12.148114667211132,-100.06210508006211,0.08156542916211648,0.19810827625629795,0.04527939377930623,1.9099214511863596,-0.04957160771718705,0.13508431908222832,0.7547169811320755,0.6886792452830188,0.7075471698113207,0.7169811320754716,PDD_adjusted,0.7169811320754716,climate_sar_change,PDD_adjusted,above_reference,unusual environmental state,1.9074042959255193,-0.07440400200483915,0.2193548123116484,0.6989247311827957,0.45161290322580644,0.6021505376344086,0.5842293906810037,PDD_adjusted,0,3.748127394116995,-2.575365658031998,False
2023-10-01,-0.1401734670551476,8.513887920554156,-9.653804463890532,-0.149750262458338,21.890445143760385,51.92478519639434,66.5778328981448,245.13368522481736,96.96095919988696,0.3650505057172047,36.74130381379055,27.0,38.91330758433456,2.913091903245108,546.6466359066156,99.399580885666,0.5235417311724517,0.0365300508208665,0.1605360973727913,0.3598050139923368,0.0117403501682813,0.1175960464540094,2.728004397017535,-8.856516749917981,-16.043170151417474,1.0342754219068144,2.523298442750093,0.0930930655579569,0.1860179329786966,40.20070776334039,-6.281662602024216,-147.50337023528152,1356.6551897202232,2.6862082410977983,11.0,0.998432084708628,7.052793336752034,2,0.9558469884996054,1.999875814501637,False,False,False,7,False,31,1.0,True,GOOD,coverage and completeness requirements passed,,0.9558469884996054,True,GOOD,VV/VH and ROI coverage pass requirements,-8.628714381083398,9.586287665616922,-14.52940056300288,-39.95226104750097,-77.45763485406178,0.23591006063075826,0.4287824085994121,0.12732829344030783,1.0970315665195292,-0.10301938386893772,0.1056923633162543,0.39622641509433965,0.3584905660377358,0.6037735849056604,0.45283018867924535,PDD_adjusted,0.45283018867924535,climate_sar_change,PDD_adjusted,below_reference,unusual environmental state,1.152668303727688,-0.08456298244849542,0.24723223338077105,0.3870967741935484,0.3655913978494624,0.6344086021505376,0.4623655913978495,PDD_adjusted,1,-2.476070798249742,-1.4181039954459191,False
2023-11-01,-3.5604045527135284,3.195952038694507,-11.920886844685992,0.4355196831728989,3.723536399179269,5.933717050025788,10.485771352946122,68.80297066821156,23.7109023692205,-0.326400766126348,0.0,22.0,14.997281759379616,2.9086924070375724,498.57465668613656,42.40423601899325,0.4783424613082941,0.0056356523150016,-0.0451992698641576,0.310521032390959,-0.01763254779091,-0.0492839816013777,2.492485813512701,-7.829255469493112,-13.978733628883704,1.0272612804248693,2.0644365225337697,-0.0037417982098899,-0.0561712226805433,40.18697889603922,-3.4202310856583806,-36.74130381379055,1176.8678136314102,1.215422779714761,12.0,0.998432084708628,9.361300914304936,3,0.9558469884996054,3.0,False,False,False,7,False,30,1.0,True,GOOD,coverage and completeness requirements passed,,0.9558469884996054,True,GOOD,VV/VH and ROI coverage pass requirements,-0.957240438413551,-6.831235178999341,-10.576166354229803,-12.260354886076783,-64.5549230707386,-0.29211495131651977,-0.470470698299581,-0.03773119382869131,0.680491024429132,-0.12064703217353545,0.10959985313702648,0.14150943396226415,0.16981132075471697,0.6320754716981132,0.31446540880503143,antecedent_precipitation_index_adjusted,0.31446540880503143,climate_sar_change,antecedent_precipitation_index_adjusted,below_reference,unusual environmental state,0.6103259734875329,-0.12327226389459423,0.10974832093032888,0.08602150537634409,0.08602150537634409,0.22580645161290322,0.13261648745519714,antecedent_precipitation_index_adjusted,1,-0.1897789085331589,-0.06989945311833734,False
2023-12-01,-6.847067747202448,0.6307223744832211,-14.90464908779714,-0.1083574162800956,12.503818684191373,13.269944680800911,20.377905870293223,37.72526492440083,29.624166715911905,-0.1907046629598184,0.0,4.0,23.39599548821337,2.9683360921983244,475.5013307332864,27.884406959775635,0.5496011126264196,0.0501741262275405,0.0712586513181255,0.3969114244438022,0.0421609257834298,0.0863903920528431,2.8637912941399057,-7.614177681476697,-13.62095733170729,0.2150777880164147,0.3577762971764144,-0.2668573985981091,-0.5452176100446611,40.185587925762846,-3.28666319448892,0.0,1029.9618083026105,0.6267826276886748,14.0,0.998432084708628,9.865655797885417,2,0.9558469884996054,2.0,False,False,False,7,False,31,1.0,True,GOOD,coverage and completeness requirements passed,,0.9558469884996054,True,GOOD,VV/VH and ROI coverage pass requirements,-0.6574058810277658,-0.7047305573941518,2.12358377111131,3.659826665126964,-52.384859264187526,-0.26311560038821896,-0.48904638736411704,0.044538473912538915,0.6840783782305581,-0.11789326639849124,0.1344540583509888,0.1509433962264151,0.2169811320754717,0.6981132075471698,0.3553459119496855,VH_change_adjusted,0.3553459119496855,climate_sar_change,VH_change_adjusted,below_reference,unusual environmental state,0.6626564728291985,-0.1141894426344296,0.14932394395599202,0.13978494623655913,0.16129032258064516,0.34408602150537637,0.21505376344086022,antecedent_precipitation_index_adjusted,1,-0.271496669378704,0.548943613310098,False
2024-01-01,-10.259008818649884,0.2243159262585581,-22.51032710119,-0.4991978878746671,4.446090286905572,8.803042679134048,14.381347639376704,33.12770943597618,33.30327179945583,-0.4806041999057208,0.0,1.0,25.2763337687046,2.9583602371487734,506.8466583511612,20.839058235025508,0.5332831051469575,-0.0474883701046638,-0.0163180074794621,0.3585888476940693,-0.0469253266698727,-0.0383225767497328,2.778763504559796,-7.436021911054229,-13.19874774697177,0.1781557704224683,0.4222095847355191,-0.2065284695246569,-0.4163912470791704,40.185188738237485,-3.411941071447435,0.0,908.7708088566748,0.3954885672350905,12.0,0.998432084708628,11.925769756418692,3,0.9558469884996054,3.0,False,False,False,7,False,31,1.0,True,GOOD,coverage and completeness requirements passed,,0.9558469884996054,True,GOOD,VV/VH and ROI coverage pass requirements,-0.185154873908144,-13.102088546307616,-16.751964598502603,-20.2143643237307,-50.3933525757418,0.09861861820454229,0.18789034586895884,-0.10200832895303268,0.6030147334222572,-0.1212888017102654,0.06823712039890145,0.07547169811320754,0.16037735849056603,0.49056603773584906,0.2421383647798742,temp_anomaly,0.2421383647798742,climate_sar_change,temp_anomaly,below_reference,unusual environmental state,0.6060423955044195,-0.12468783369966957,0.22697988472109387,0.07526881720430108,0.06451612903225806,0.6236559139784946,0.25448028673835127,antecedent_precipitation_index_adjusted,1,-0.4214189829286257,-1.054507247553558,False
2024-02-01,-9.977164017196705,-2.1390258756848084,-18.36299221245524,-0.7105444383213724,7.24949191553539,13.657671510313213,22.88934001939717,49.70269632349623,38.057326405351546,-0.8307928776310823,0.0,0.0,34.87480734851812,3.09959223902454,573.2025429711471,14.19726337118102,0.6201124924788719,-0.054770530955584,0.0868293873319143,0.4455620270008869,-0.0453071465839095,0.0869731793068175,3.231202988039628,-7.486563985597289,-13.127070033730837,-0.0505420745430607,0.0716777132409358,0.1861318224634196,0.2400718729778717,40.18847586781035,0.2818448014531789,0.0,810.512513933525,0.5488321344856303,10.0,0.998432084708628,8.834797378430617,2,0.9558469884996054,2.0,False,False,False,7,False,29,1.0,True,GOOD,coverage and completeness requirements passed,,0.9558469884996054,True,GOOD,VV/VH and ROI coverage pass requirements,0.0,-11.161674764231185,-8.4574622422688,-26.183860189292602,-61.11777871459583,0.4229555274700221,0.7084809831638326,-0.007282160850920205,0.9706009303085052,-0.09877024356552466,0.1282506421058213,0.3113207547169811,0.3867924528301887,0.6792452830188679,0.45911949685534587,VH_change_adjusted,0.45911949685534587,climate_sar_change,VH_change_adjusted,above_reference,unusual environmental state,0.8240661563454491,-0.10939052026057261,0.25023906939103857,0.21505376344086022,0.22580645161290322,0.6451612903225806,0.36200716845878134,VH_change_adjusted,1,-0.6372443508635369,-1.4622844207534387,False
2024-03-01,-6.678559267765791,2.4871364123715782,-20.69424235956672,-0.1932431445249585,17.1200942728189,27.61217984317688,29.893280467156785,69.92114076196323,69.97970437429116,0.1877008809721246,0.0,6.0,48.10094142976276,3.1797846196700923,731.9224228628663,22.881900934918008,0.701059976766413,-0.0179122235744759,0.080947484287541,0.5192326562161635,-0.0261251008071436,0.0736706292152766,3.652993802249205,-8.792174399899611,-15.064701766011977,-1.305610414302322,-1.9376317322811405,-0.306706135788751,-0.4068593406728809,40.18391127847556,3.298604749430914,0.0,758.9153412177874,1.300852795906113,11.0,0.998432084708628,7.425856280783852,3,0.9558469884996054,3.0,False,False,False,7,False,31,1.0,True,GOOD,coverage and completeness requirements passed,,0.9558469884996054,True,GOOD,VV/VH and ROI coverage pass requirements,-0.2917263958953674,-1.4090667647246136,-5.900076430068786,-16.564897761670764,-45.411141343452414,-0.4928379582521696,-0.6469312136507512,0.03685830738110799,0.8954605089026333,-0.1056226829087355,0.08161598749543011,0.2830188679245283,0.330188679245283,0.5471698113207547,0.3867924528301887,VV_change_adjusted,0.3867924528301887,climate_sar_change,VV_change_adjusted,below_reference,unusual environmental state,0.7645320649866434,-0.11646473841095373,0.16010859956026932,0.17204301075268819,0.12903225806451613,0.40860215053763443,0.23655913978494625,VV_change_adjusted,1,-0.09228686850778864,0.6253505503876515,False
2024-04-01,-2.513638999238582,4.646627546682253,-14.302114954068555,0.4275936895222714,5.794318861397791,8.825778960059868,14.696643646581766,60.9516209571531,32.054796841725015,-1.4519856873677524,0.0,26.0,20.625983411413443,3.0157988153729525,830.0511527304716,43.664988720190514,0.5641811502016767,-0.077957054874837,-0.1368788265647362,0.3774407407236743,-0.1009167238172224,-0.1417919154924892,2.93976309208027,-9.010066250325083,-15.893058868380052,-0.2178918504254721,-0.8283571023680771,0.4515959666175551,0.3933420159940795,40.196408485163545,4.164920268527209,0.0,677.1328368768442,0.8749830532108742,12.0,0.998432084708628,9.920739718593683,2,0.9558469884996054,2.0,False,False,False,7,False,30,1.0,True,GOOD,coverage and completeness requirements passed,,0.9558469884996054,True,GOOD,VV/VH and ROI coverage pass requirements,-2.412226425634489,-12.140356464034856,-17.768426108553623,-27.98309095928336,-79.93751858561689,0.7583021024063051,0.8002013566669559,-0.07348331643182907,1.2271745336937725,-0.06087535800000499,0.17176895856535956,0.46226415094339623,0.6320754716981132,0.7641509433962265,0.619496855345912,VV_change_adjusted,0.619496855345912,climate_sar_change,VV_change_adjusted,above_reference,unusual environmental state,1.0910940772744573,-0.07645815602524658,0.1502253633341668,0.34408602150537637,0.41935483870967744,0.3548387096774194,0.37275985663082434,VV_change_adjusted,1,-1.0399085652029436,-2.5129384541225,False
2024-05-01,2.36052373086659,9.911636466362564,-9.880584710354016,1.1029124925320055,10.583465962154945,22.12031857799541,42.24381431083242,124.02362018502032,124.26568135549502,-0.1896514593362731,81.00076065009841,19.0,43.680640855734616,2.943429081893507,800.6274798219564,40.76010450710301,0.5078253616057209,-0.0918689620509084,-0.0563557885959558,0.3465845617407194,-0.1043006700809283,-0.0308561789829548,2.646111545444502,-9.88135985026719,-17.529632406521586,-0.8712935999421063,-1.6365735381415334,-0.0805264975322384,-0.4607177668131044,40.19851467510744,4.874162730105172,81.00076065009841,699.8285927008126,1.5693923289231062,12.0,0.998432084708628,5.978583700500452,3,0.9558469884996054,3.0,False,False,False,7,False,31,1.0,True,GOOD,coverage and completeness requirements passed,,0.9558469884996054,True,GOOD,VV/VH and ROI coverage pass requirements,30.705436479164504,-15.851120037854333,-19.304823533917407,-31.159459481655176,-97.12602845702577,-0.532122464149793,-0.8540597828071831,-0.00047342204460339155,3.36160931427524,-0.0005939963678627813,0.3129889796019178,0.9433962264150944,0.8773584905660378,0.8867924528301887,0.9025157232704403,PDD_adjusted,0.9025157232704403,climate_sar_change,PDD_adjusted,above_reference,unusual environmental state,3.3748646501516513,-0.026811741536944322,0.34758280987655904,0.9354838709677419,0.7741935483870968,0.7741935483870968,0.8279569892473116,PDD_adjusted,0,7.733481437613777,-0.04926503532084525,True
2024-06-01,6.377358208326064,12.312830674388248,0.1815894538294397,0.8244538593570279,61.12753330335286,131.43245531510388,185.5771767907168,372.2063825136249,372.206382513625,1.3272954423174428,191.320746249782,0.0,61.49172108950727,2.918489749415391,633.0959329612949,178.73991174881598,0.4221572844234835,-0.1589158790922253,-0.0856680771822374,0.2954543930439284,-0.1515238098991499,-0.0511301686967909,2.199723268594417,-10.508556261821068,-19.27460406053508,-0.6271964115538786,-1.7449716540134936,-0.2089376477839728,-0.4353796757782326,40.22104511300051,4.016834477459474,110.31998559968356,967.0606863093158,1.8881461467441265,11.0,0.998432084708628,4.260933179148234,2,0.9557283078129416,2.0,False,False,False,7,False,30,1.0,True,GOOD,coverage and completeness requirements passed,,0.9557283078129416,True,GOOD,VV/VH and ROI coverage pass requirements,23.84185350383646,47.965790980439934,45.40156734998001,41.20087173585722,-37.94283497256629,-0.12841115025173483,0.025338091034872834,-0.0694065039373041,2.698457496059762,-0.042613223537026845,0.538829161481371,0.8867924528301887,0.7641509433962265,0.9716981132075472,0.8742138364779874,PDD_adjusted,0.8742138364779874,climate_sar_change,PDD_adjusted,above_reference,unusual environmental state,2.7508403385882434,-0.04627772182330658,0.5693288438406091,0.8924731182795699,0.6881720430107527,0.8924731182795699,0.8243727598566308,PDD_adjusted,0,5.575548288710767,1.5653939471799916,False
2024-07-01,8.49675550160686,13.74265892893225,5.515292309003365,1.309304090789842,45.48465527326941,91.37700511515952,167.14533375923563,587.1920985262162,580.1051379420289,1.2968277709202685,263.39942054981265,0.0,7.954038867699396,2.9007793794061443,472.274119687544,495.5300337082479,0.3236852574177649,-0.2048232003298701,-0.0984720270057186,0.2124047195338679,-0.1771115009082145,-0.0830496735100605,1.6866178050562222,-9.794555769631254,-18.93274493575148,0.7140004921898147,0.3418591247836033,0.2026692688266269,0.038202571355292,40.21549712627328,2.1193972932807954,72.07867430003068,1402.106721304947,1.2734191056315072,4.0,0.998432084708628,2.139268561325697,3,0.9558469884996054,3.0,False,False,False,7,False,31,1.0,True,GOOD,coverage and completeness requirements passed,,0.9558469884996054,True,GOOD,VV/VH and ROI coverage pass requirements,31.946134155024822,-2.8261316927415407,-2.4043394338196435,64.97473630728791,107.48302615989519,0.4116069166106002,0.47358224713353014,-0.04590732123764474,3.365237231913423,-0.03898393876226225,0.0005802817567801218,0.9528301886792453,0.7830188679245284,0.009433962264150943,0.5817610062893083,PDD_adjusted,0.5817610062893083,climate_sar_change,PDD_adjusted,above_reference,unusual environmental state,3.460414361495582,-0.02226689621874589,0.08013426475265588,0.946236559139785,0.8064516129032258,0.15053763440860216,0.6344086021505376,PDD_adjusted,0,7.598456640586617,-1.112904998896861,False
2024-08-01,7.547023830050278,12.239483194800876,3.360914699868556,0.5893041056592708,38.62628401017877,83.03283391432565,160.4489686107771,573.8479645092484,445.6363119487565,0.5073560519546902,233.9577387315586,0.0,9.154628622781466,2.9008036086353863,519.1276316748769,418.3704805292352,0.3746124652572602,-0.0993714306835862,0.0509272078394953,0.2436086176140138,-0.1004963569446231,0.0312038980801459,1.318105052319574,-9.725786031548084,-18.76947211507655,0.0687697380831693,0.1632728206749263,0.0970392214315225,0.0561479721977207,40.188507551243006,-0.9497316715565818,-29.44168181825404,1637.4270250579616,0.5389195110914782,5.0,0.6742059293451291,1.4475520590435451,3,0.9558469884996054,3.0,False,False,False,7,False,31,1.0,True,GOOD,coverage and completeness requirements passed,,0.9558469884996054,True,GOOD,VV/VH and ROI coverage pass requirements,4.943533739887982,5.491901753493437,8.314503382243629,37.50415289046043,101.46585906328642,-0.10563004739510401,0.01794540084242352,0.10545176964628378,0.6415153024159127,-0.13345705108256123,0.017163074178412518,0.09433962264150944,0.04716981132075472,0.1792452830188679,0.10691823899371071,PDD_adjusted,0.10691823899371071,climate_sar_change,PDD_adjusted,above_reference,unusual environmental state,0.7696316374261281,-0.10879876329413884,0.19824208266164903,0.1935483870967742,0.23655913978494625,0.5268817204301075,0.31899641577060933,PDD_adjusted,1,1.119546983232137,0.36000593542445053,False
2024-09-01,6.00253172937166,10.62308984443726,-2.3291466129740326,0.9723941503125872,91.91337358642976,205.60001889990625,245.39074491966463,467.5815275467911,459.1654445026119,3.219319244403217,180.07595188114982,2.0,136.343846730049,2.959466077396072,465.7356564945901,313.46627020189914,0.3118568562148132,-0.1419470202042885,-0.062755609042447,0.1868360403884347,-0.1441397096535265,-0.0567725772255791,1.6249838825433465,-9.844090555050643,-18.81312098230946,-0.1183045235025588,-0.0436488672329105,0.099164709250024,-0.2611353211222678,40.18564540823242,-1.5444921006786174,-53.88178685040879,1850.9784158018792,0.8671175754701058,6.0,0.998432084708628,2.0890685777587192,2,0.9558469884996054,2.0,False,False,False,7,False,30,1.0,True,GOOD,coverage and completeness requirements passed,,0.9558469884996054,True,GOOD,VV/VH and ROI coverage pass requirements,11.217307262303876,135.03311593439864,126.11482252949153,28.51164293922875,268.92309834495063,0.0021254878184993886,-0.31728329331998967,-0.04080811383492287,3.069601088115085,0.023969662961953575,0.015468933940742247,0.9245283018867925,0.8962264150943396,0.16981132075471697,0.6635220125786164,precip_7d_adjusted,0.6635220125786164,climate_sar_change,precip_7d_adjusted,above_reference,unusual environmental state,2.8272513538188897,-0.003010137020647785,0.14500052351232828,0.9032258064516129,0.8709677419354839,0.3333333333333333,0.7025089605734767,precip_7d_adjusted,0,2.49671320148162,5.454050799863781,False
2024-10-01,0.9269114209310622,7.918670048670084,-9.442058344712796,0.9173346255278716,7.3572652805915215,14.047148965818746,227.1844166396505,441.1406823139234,40.94328066078123,-0.6634750631091594,38.66755353707087,31.0,16.876766876298554,2.958930445901986,592.1681148353381,163.9599169668054,0.4270466851751089,-0.0599649951764762,0.1151898289602957,0.2847773823945538,-0.0632872814295016,0.097941342006119,2.22520033365921,-9.438739593488217,-17.01053594553508,0.4053509615624282,1.8025850367743808,-0.4891297780122787,-0.781347861138908,40.19070080658888,-5.075620308440598,-141.40839834407893,1614.2749340923783,2.370841047446291,13.0,0.998432084708628,11.12908695526967,3,0.9558469884996054,3.0,False,False,False,7,False,31,1.0,True,GOOD,coverage and completeness requirements passed,,0.9558469884996054,True,GOOD,VV/VH and ROI coverage pass requirements,-6.702464657803077,-28.29134856495867,146.07718317850282,156.05473604160505,180.1621095180933,-0.39301439971362795,-0.29193099737630024,0.08198202502781225,3.2731233094048435,0.024153197896241818,0.19658468994456232,0.9339622641509434,0.9056603773584906,0.8301886792452831,0.889937106918239,precip_7d_adjusted,0.889937106918239,climate_sar_change,precip_7d_adjusted,above_reference,unusual environmental state,2.9379530760059667,-0.007881615278015452,0.13892975483070052,0.9139784946236559,0.8494623655913979,0.3010752688172043,0.6881720430107526,precip_7d_adjusted,1,-1.8351768542314573,6.503406849818622,True
2024-11-01,-2.3372138792415496,5.745389017297068,-12.373640586858372,1.658710356644878,9.121782280751132,15.163601539779282,19.06703656764429,52.5356713217163,42.402315627528544,0.7519668874768314,4.871801063059929,20.0,21.14654846494673,2.913462915136421,470.00641395777626,54.34135939561507,0.3544317606471924,-0.1182750483461,-0.0726149245279165,0.2096546621363959,-0.1184989180454731,-0.0751227202581579,1.8468277577852128,-8.436222227333992,-15.129616875564022,1.0025173661542226,1.880919069971057,-0.6107085560507706,-1.2070544693608607,40.177614203184525,-3.264125300172612,-33.795752474010946,1414.5360096060504,1.1751945851692565,12.0,0.998432084708628,10.36629872015272,2,0.9558469884996054,2.0,False,False,False,7,False,30,1.0,True,GOOD,coverage and completeness requirements passed,,0.9558469884996054,True,GOOD,VV/VH and ROI coverage pass requirements,3.9145606246463784,2.3986493107541538,-1.9949011395316347,-28.52765423257204,173.1132729039016,-0.31685886558716647,-0.6539881508622938,-0.06514684849245021,1.052397547261523,-0.08058056027528898,0.14962835243260147,0.3490566037735849,0.4528301886792453,0.7264150943396226,0.5094339622641509,temp_anomaly,0.5094339622641509,climate_sar_change,temp_anomaly,above_reference,unusual environmental state,0.9593172602261137,-0.09834239913436088,0.17073897931984006,0.25806451612903225,0.3010752688172043,0.46236559139784944,0.34050179211469533,VH_change_adjusted,1,1.357799557883683,0.6341354819917278,False
2024-12-01,-5.759180240614196,4.154955795900179,-18.720028091634664,0.9795300903081566,9.21455192406525,10.121758906114984,12.858395567819043,41.3420755062257,22.066385958458984,-0.4602400455424638,0.0,11.0,18.27701790956944,2.917908019666214,474.8961160605208,29.389665731445827,0.3489679764380727,-0.1504590099608064,-0.0054637842091196,0.2066527722523965,-0.1480977264079757,-0.0030018898839993,1.818357768748324,-7.916139858982528,-14.004546260125386,0.5200823683514644,1.125070615438636,-0.5688195761039401,-0.9288065384627568,40.19371013527355,-3.4219663613726463,-4.871801063059929,1224.4219941236015,0.6317805931439552,12.0,0.998432084708628,11.014986020040348,3,0.9558469884996054,2.9998758145016367,False,False,False,7,False,31,1.0,True,GOOD,coverage and completeness requirements passed,,0.9558469884996054,True,GOOD,VV/VH and ROI coverage pass requirements,-0.6574058810277658,-3.8529163320800794,-5.3959265313628695,7.276637246951829,142.07532655680347,0.04188897994683072,0.2782479308981046,-0.03218396161470619,0.4610500873968565,-0.12981652726966209,0.1095060140257636,0.03773584905660377,0.07547169811320754,0.6226415094339622,0.2452830188679245,antecedent_precipitation_index_adjusted,0.2452830188679245,climate_sar_change,antecedent_precipitation_index_adjusted,above_reference,unusual environmental state,0.6295050133602432,-0.11224866265060918,0.16787867658223166,0.10752688172043011,0.17204301075268819,0.44086021505376344,0.24014336917562726,snow_fraction_anomaly,1,-0.18103105631895539,-0.5556019542786136,False
2025-01-01,-5.747256106159361,3.33771251917391,-16.96516427477003,4.012554824615857,1.562927980015263,2.925520284226348,10.156185376704014,21.863647734469883,7.574639071951374,-1.172054484799829,0.0,12.0,5.014257884356944,2.9120775081206185,526.914221476425,19.10344353450343,0.3498566230462711,-0.2309148522053503,0.0008886466081983,0.2043306688148636,-0.2011835055490784,-0.0023221034375329,1.8229882150150056,-7.7235970544935855,-13.63185401361765,0.1925428044889425,0.3726922465077358,-0.4941036129640137,-0.8494975137250496,40.19050907807441,0.0119241344548344,0.0,1048.333334077013,0.1875493814708683,12.0,0.998432084708628,10.895055852468408,2,0.9558469884996054,2.0,False,False,False,7,False,31,1.0,True,GOOD,coverage and completeness requirements passed,,0.9558469884996054,True,GOOD,VV/VH and ROI coverage pass requirements,-0.185154873908144,-18.979610941215316,-20.977126861175293,-31.478426025236995,89.16917264459642,0.1130056522710165,0.13837300764117552,-0.08480167486537227,1.6280268450133428,-0.05577175792787825,0.03872872601192282,0.6226415094339622,0.6415094339622641,0.3584905660377358,0.5408805031446541,temp_anomaly,0.5408805031446541,climate_sar_change,temp_anomaly,above_reference,unusual environmental state,1.4189296139479708,-0.043142377823666145,0.310503922411106,0.5698924731182796,0.7096774193548387,0.7634408602150538,0.6810035842293907,temp_anomaly,1,0.6463912519562977,-1.817968519884333,False
2025-02-01,-7.220555878462117,3.743346116712299,-21.49643260464542,2.073095338411812,21.15554368742046,23.093302362381987,25.548532381437763,64.3438559320305,62.52953155859494,-0.1324412476838282,0.0,4.0,56.0411942872382,2.967296853581141,546.6929829000704,14.785537473925563,0.3493993157684765,-0.3254837076659794,-0.0004573072777945,0.2271496623345887,-0.2637195112502076,0.0228189935197251,1.8206053366495736,-8.189005303445436,-14.254614719450256,-0.4654082489518503,-0.6227607058326061,-0.5163094953847267,-0.8874728127415477,40.18131981726537,-1.473299772302756,0.0,953.612865524056,0.4654071467288023,11.0,0.998432084708628,5.745748351215468,3,0.9558469884996054,3.0,False,False,False,7,False,28,1.0,True,GOOD,coverage and completeness requirements passed,,0.9558469884996054,True,GOOD,VV/VH and ROI coverage pass requirements,0.0,-1.7260439121624103,-5.798269880228208,-11.542700580758336,81.98257287593515,0.008089353061232485,0.014042564090290588,-0.094568855460629,0.7469897461044153,-0.12577459450604467,0.01063949656089231,0.18867924528301888,0.10377358490566038,0.08490566037735849,0.12578616352201258,temp_anomaly,0.12578616352201258,climate_sar_change,temp_anomaly,above_reference,unusual environmental state,1.2278070248202388,-0.022323506705803187,0.1664712268780625,0.44086021505376344,0.7956989247311828,0.43010752688172044,0.5555555555555556,snow_fraction_anomaly,1,0.2668652609746074,-0.6399399741862859,False
2025-03-01,-5.927125429223259,4.124641924219872,-17.57967032983551,0.5581906940175732,9.580935724472848,29.8695819052984,35.3057235844701,89.93560046320631,47.5524585194979,-0.5976982165175609,0.0,7.0,33.16743986223635,3.1419357079616645,755.9036807693019,23.43575163553669,0.7548052079103093,0.0358330075694203,0.4054058921418327,0.5827333798814633,0.0373756228581561,0.3555837175468747,3.933042589479459,-9.606726076665778,-16.57447937272164,-1.417720773220342,-2.3198646532713845,-1.1212578125549175,-1.9166369473825444,40.182941119953576,1.2934304492388584,0.0,858.1233942149454,2.5062380597713503,14.0,0.998432084708628,11.0640832472713,2,0.9558469884996054,2.0,False,False,False,7,False,31,1.0,True,GOOD,coverage and completeness requirements passed,,0.9558469884996054,True,GOOD,VV/VH and ROI coverage pass requirements,-0.2917263958953674,0.8483352973969076,-0.48763331275547017,3.4495619395723196,53.79691165370559,-0.6049483171701897,-1.0291641346409952,0.3613167152353997,1.1149749664117061,-0.08765473136319901,0.007780516533480911,0.4056603773584906,0.41509433962264153,0.05660377358490566,0.29245283018867924,VH_change_adjusted,0.29245283018867924,climate_sar_change,VH_change_adjusted,below_reference,unusual environmental state,1.3943171236698229,-0.03402734176671235,0.8247083183147207,0.5483870967741935,0.7419354838709677,0.978494623655914,0.7562724014336917,snow_fraction_change_adjusted,1,0.20274726911899596,1.3003482158616952,False
2025-04-01,-1.6658246770308662,5.789747804323632,-11.80545628525519,1.2754080117299873,10.628365647837471,22.42579821886239,33.17028853458535,79.25068805863903,79.25068805863903,0.451283863846145,1.9521439192806584,30.0,43.29781522509038,2.9604333631631983,765.804804140746,37.26546327930198,0.5072057710585466,-0.1349324340179671,-0.2475994368517626,0.3469802941855094,-0.1313771703553873,-0.2357530856959539,2.6428830621424035,-9.009649398170612,-15.92683241847504,0.5970766784951653,0.6476469542466017,0.452012818772026,0.3595684658990912,40.18583498763011,4.261300752192392,1.9521439192806584,808.6555731413426,1.395461360357438,14.0,0.998432084708628,9.805004463600428,3,0.9558469884996054,3.0,False,False,False,7,False,30,1.0,True,GOOD,coverage and completeness requirements passed,,0.9558469884996054,True,GOOD,VV/VH and ROI coverage pass requirements,-0.4600825063538305,1.4596627947676666,0.7052187794499645,-9.684023857797428,51.58521767888158,1.5732706313269427,2.2762054132816347,-0.18420392671885547,2.6256807065433163,0.08823240499604246,0.008401953475655666,0.8773584905660378,0.9811320754716981,0.0660377358490566,0.6415094339622642,VH_change_adjusted,0.6415094339622642,climate_sar_change,VH_change_adjusted,above_reference,unusual environmental state,2.213272406510372,0.04786208270555181,0.0696715462995349,0.8064516129032258,0.978494623655914,0.11827956989247312,0.6344086021505376,VH_change_adjusted,1,-0.8954107941785364,-3.7516333494942002,False
2025-05-01,2.6740466071709963,10.14862074076838,-8.668633649854215,1.4164353688364122,19.22091353556205,30.40480644529399,54.660076538311856,157.3521408097364,160.51154406581443,0.5276531907000312,86.8257870868543,21.0,59.52701284527191,2.9338182480501414,749.970336489796,54.80222848626109,0.4453208952157255,-0.1543734284409038,-0.0618848758428211,0.3042437678034427,-0.146641464018205,-0.0427365263820667,2.15016824112848,-9.785474613530605,-17.515861951151862,-0.7758252153599905,-1.5890295326768236,0.0153587392043466,-0.446947311443381,40.19470161524008,4.339871284201863,84.87364316757365,847.8687812359557,1.573398538210718,14.0,0.9251755283676288,3.723155198147885,1,0.9558469884996054,1.0,False,False,False,7,False,31,1.0,True,GOOD,coverage and completeness requirements passed,,0.9558469884996054,True,GOOD,VV/VH and ROI coverage pass requirements,36.530462915920396,-7.566632170555753,-6.888561306437971,2.169061143060901,50.914160078117334,-0.43665407956767727,-0.8065157773424733,-0.006002509291468686,3.86738301819964,-0.020295770356518472,0.03218403033654342,0.9622641509433962,0.839622641509434,0.29245283018867924,0.6981132075471698,PDD_adjusted,0.6981132075471698,climate_sar_change,PDD_adjusted,above_reference,unusual environmental state,3.926240089915546,-0.025294432841964087,0.12067437722910462,0.956989247311828,0.7849462365591398,0.25806451612903225,0.6666666666666666,PDD_adjusted,0,9.189997463860946,0.5106825271958724,False
2025-06-01,5.938024012650422,13.088633651787111,-4.843438611174848,0.3851196636813851,27.030254935060565,72.42381177244684,141.56171349997464,381.2513521330347,381.2513521330347,1.454152234907763,178.14072037951266,6.0,58.82925259566785,2.93168081208552,648.6108667072484,208.55406944408625,0.595016607380771,0.0139434438650621,0.1496957121650455,0.4664237729528186,0.0194455700097402,0.1621800051493759,3.1004365546908503,-10.351509571664042,-19.11501933647732,-0.5660349581334394,-1.599157385325455,-0.0518909576269468,-0.2757949517204743,40.22059442565988,3.2639774054794253,91.31493329265837,1101.939816183597,1.8208095762617245,8.0,0.998432084708628,3.5838748701804235,3,0.9557283078129416,3.0,False,False,False,7,False,30,1.0,True,GOOD,coverage and completeness requirements passed,,0.9557283078129416,True,GOOD,VV/VH and ROI coverage pass requirements,10.661827633567128,-11.042852562217107,1.3861040592378515,50.24584135526703,96.93629490171497,-0.06724969683129561,0.17115235972291143,0.1659572854099788,1.1421073123438437,-0.12410205485174447,0.03215398228047015,0.42452830188679247,0.1320754716981132,0.2830188679245283,0.279874213836478,PDD_adjusted,0.279874213836478,climate_sar_change,PDD_adjusted,above_reference,unusual environmental state,1.2590054953157974,-0.10728796704837051,0.16977896802604914,0.4838709677419355,0.25806451612903225,0.45161290322580644,0.39784946236559143,PDD_adjusted,0,2.426303103830351,-0.051153571254764885,False
2025-07-01,7.955693887513426,12.697811576096992,3.997628719751326,0.7682424766964084,32.238669053800166,66.26449556291153,118.60635458454048,452.8702853957822,411.3180602815785,-0.8930962956446961,246.6265105129162,0.0,3.419499783360522,2.9001765047692114,569.4978310323716,332.4073170751522,0.3912259744801932,-0.1372824832674418,-0.2037906329005778,0.2838630324105066,-0.1056531880315758,-0.182560740542312,2.0385503486404706,-9.950073863436469,-19.091286119478227,0.4014357082275754,0.0237332169990907,0.0471511750214119,-0.1203386123714551,40.22276518527051,2.017669874863005,68.48579013340355,1347.966904037636,1.4554823411025588,10.0,0.998432084708628,2.625036954490295,2,0.9557283078129416,2.0,False,False,False,7,False,31,1.0,True,GOOD,coverage and completeness requirements passed,,0.9557283078129416,True,GOOD,VV/VH and ROI coverage pass requirements,15.173224118128388,-27.938641244989526,-50.94331860851479,-69.3470768231461,53.343208892584016,0.09904213264836098,0.15545633934901756,-0.15122592713250393,1.8529897756553773,-0.06886826644431415,0.033552381643408825,0.6981132075471698,0.5471698113207547,0.3113207547169811,0.5188679245283019,PDD_adjusted,0.5188679245283019,climate_sar_change,PDD_adjusted,above_reference,unusual environmental state,1.9092389907568312,-0.07744711939074311,0.11511447171899336,0.7096774193548387,0.3870967741935484,0.23655913978494625,0.4444444444444444,PDD_adjusted,0,3.6949992606782063,-2.4589387258020237,False
2025-08-01,7.566875296871702,12.436500899377318,4.462228683482441,0.6091555724806955,32.47801715390052,63.405191076901886,118.51389906605624,433.44335859007913,424.10601139527097,0.1765085428648496,234.5731342030228,0.0,8.030567582982432,2.900697088425236,500.60636095988747,376.18642650088486,0.4976479243905018,0.0236640284496553,0.1064219499103086,0.3398142410929007,-0.0042907334657362,0.0559512086823941,1.0450837401520374,-10.009342495182812,-19.15389298895919,-0.0592686317463453,-0.0626068694809625,-0.1865172422032053,-0.3282729016849188,40.19446022353336,-0.3888185906417245,-12.053376309893425,1569.8778798272615,0.5470384178810076,8.0,0.4023960057778962,1.3399975614680466,3,0.9558469884996054,3.0,False,False,False,7,False,31,1.0,True,GOOD,coverage and completeness requirements passed,,0.9558469884996054,True,GOOD,VV/VH and ROI coverage pass requirements,5.558929211352165,-14.135741083930327,-33.62056616247722,-102.90045302870885,33.91671383258631,-0.23366841722461862,-0.20793428931346528,0.16094651171709706,0.9103684724429254,-0.11002741285047407,0.012100777889923796,0.3018867924528302,0.27358490566037735,0.12264150943396226,0.23270440251572325,PDD_adjusted,0.23270440251572325,climate_sar_change,PDD_adjusted,above_reference,unusual environmental state,0.9884519370712611,-0.10010533740735178,0.20634947597994924,0.27956989247311825,0.2903225806451613,0.5591397849462365,0.3763440860215053,PDD_adjusted,1,1.4437590176600066,-1.1249886088663166,False
2025-09-01,6.263319313842167,11.00681214302382,2.027687648314164,1.233181734783093,14.763076576045696,41.66856434010363,107.63978965287606,412.51164267972905,259.5080140071203,0.3886352998480905,187.899579415265,0.0,20.126819750195786,2.9028645279726475,473.0306908231,239.64417773514543,0.386533715832285,-0.0672701605868166,-0.1111142085582168,0.2922847139071955,-0.0386910361347657,-0.0475295271857051,1.969976988268324,-10.270838172362618,-19.41617660239437,-0.2614956771798056,-0.2622836134351765,-0.3275829080619505,-0.8641909412071769,40.18706310825495,-1.3035559830295351,-46.67355478775778,1593.9042118602924,0.8421077627506737,11.0,0.9765591167722222,2.7009955847230174,2,0.9558469884996054,2.0,False,False,False,7,False,30,1.0,True,GOOD,coverage and completeness requirements passed,,0.9558469884996054,True,GOOD,VV/VH and ROI coverage pass requirements,19.040934796419066,-28.89833862540398,-11.636132737297032,-26.558241927833308,11.848894403363829,-0.1410656658587474,-0.5359180395222556,-0.08916671335069268,2.0694479583972796,-0.0846680771655332,0.059853450771547634,0.7830188679245284,0.42452830188679247,0.44339622641509435,0.5503144654088051,PDD_adjusted,0.5503144654088051,climate_sar_change,PDD_adjusted,above_reference,unusual environmental state,2.08404065130357,-0.1016995053410445,0.08539096789465161,0.7634408602150538,0.27956989247311825,0.16129032258064516,0.4014336917562724,PDD_adjusted,0,4.813009145314011,-0.2392994709798608,False
2025-10-01,0.3707230798995589,6.678552509176344,-10.057017524606463,0.3611462844963684,70.02208744919865,112.22824096174584,161.68701060692945,365.9800248277344,236.4034649922789,2.925316948900358,29.17858072048712,26.0,157.32855823239672,3.00682981934366,551.0599887311489,175.45047226210534,0.5516569784365501,0.064645298084965,0.1651232626042651,0.4079972536496246,0.0599325898255691,0.115712539742429,2.8745037371712456,-9.569747256548968,-17.326240586616926,0.7010909158136513,2.08993601577744,-0.6201374410730303,-1.0970525022207551,40.17968218917552,-5.892596233942608,-158.7209986947779,1591.2220450735274,2.725182687305097,13.0,0.998432084708628,9.63343787590212,3,0.9558469884996054,3.0,False,False,False,7,False,31,1.0,True,GOOD,coverage and completeness requirements passed,,0.9558469884996054,True,GOOD,VV/VH and ROI coverage pass requirements,-16.19143747438683,69.88974343096842,80.57977714578176,80.89407855541606,157.10922049924238,-0.09727444546240482,-0.004580018373240957,0.13191545867178167,2.4273762512901094,-0.04635661419241688,0.009534750796011522,0.8301886792452831,0.7075471698113207,0.07547169811320754,0.5377358490566038,precip_7d_adjusted,0.5377358490566038,climate_sar_change,precip_7d_adjusted,above_reference,unusual environmental state,2.358665023707743,-0.054509591844618455,0.07361548972959359,0.8709677419354839,0.6451612903225806,0.13978494623655913,0.5519713261648745,PDD_adjusted,1,-4.198404781383935,3.407645351678974,False
2025-11-01,-4.169218699390885,2.9760357399711856,-12.132677687900635,-0.1732944635044568,9.449698688343016,64.90405576989667,99.68043798621306,203.82017642279408,25.125000388939565,-0.2448169103517425,0.4436778800296993,17.0,10.440717653137416,3.069516021516141,506.9858049767769,68.80435354373222,0.691709677130366,0.2190028681370736,0.1400526986938158,0.5608275279605651,0.2326739477786961,0.1528302743109405,3.604272454929968,-8.810652340193288,-15.487442154229653,0.7590949163556786,1.838798432387275,-0.985138668910066,-1.5648797480264918,40.19245018173776,-4.539941779290444,-28.73490284045742,1377.6637387014378,1.3553171323641764,14.0,0.998432084708628,12.165909347299792,3,0.9558469884996054,3.0,False,False,False,7,False,30,1.0,True,GOOD,coverage and completeness requirements passed,,0.9558469884996054,True,GOOD,VV/VH and ROI coverage pass requirements,-0.5135625583838517,52.139103540871545,78.61850027903714,122.75685086850574,136.24100199928898,-0.5602813153857105,-0.6961087884460757,0.1475207747292821,1.9730381668997627,-0.043792275867317876,0.03453727433687826,0.7641509433962265,0.7452830188679245,0.330188679245283,0.6132075471698114,precip_7d_adjusted,0.6132075471698114,climate_sar_change,precip_7d_adjusted,above_reference,unusual environmental state,2.0004336905164024,-0.016044511126931338,0.11584298834684212,0.7419354838709677,0.8279569892473119,0.24731182795698925,0.6057347670250895,precip_7d_adjusted,1,-0.2881949153378962,4.436847039128523,False
2025-12-01,-5.051657262373458,3.333932656188172,-14.831047336221303,1.6870530685488945,0.5204700809142525,0.6727256440832318,0.8430505456345736,15.689776322605203,1.628557704618338,-1.1891203920813669,0.0,10.0,0.8850589467974133,2.99867380936641,508.7131670935961,37.22754572528001,0.5341936473655051,0.034766660966626,-0.1575160297648609,0.3827679214347565,0.0280174227743842,-0.1780596065258086,2.783508041676838,-7.653637795927302,-13.548251584890371,1.1570145442659865,1.939190569339278,-0.3063175130487137,-0.4725118632277425,40.18426271263016,-0.8824385629825731,-0.4436778800296993,1172.6427356008403,1.3559382422506512,15.0,0.998432084708628,14.728095002960288,2,0.9558469884996054,2.0,False,False,False,7,False,31,1.0,True,GOOD,coverage and completeness requirements passed,,0.9558469884996054,True,GOOD,VV/VH and ROI coverage pass requirements,-0.6574058810277658,-13.301949594111832,-17.41127155354734,-18.375661936668664,90.29606803404226,0.6788211558613528,1.0923678847987466,-0.18423620717044747,1.3413494572540496,-0.06569970835585309,0.03480315519940181,0.5,0.5849056603773585,0.33962264150943394,0.4748427672955975,VH_change_adjusted,0.4748427672955975,climate_sar_change,VH_change_adjusted,above_reference,unusual environmental state,1.1767214990352381,-0.06184161296813134,0.4193101072986611,0.43010752688172044,0.5698924731182796,0.8494623655913979,0.6164874551971327,VH_change_adjusted,1,-0.3289689654388652,-2.591056967592232,False
2026-01-01,-7.822497270553817,0.0960574123911645,-20.34495986197548,1.9373136602214005,14.038805167579383,17.598967572925467,20.02517259920186,26.677645439113057,26.67402122216697,-0.6587635777804975,0.0,1.0,23.936321281216497,3.004118149183469,517.5708024658691,23.08744650378687,0.4908714608794212,-0.0899000143722002,-0.0433221864860839,0.327702363109797,-0.077811811254145,-0.0550655583249595,2.557770324536728,-7.584513036122075,-13.341565666407542,0.0691247598052262,0.2066859184828313,-0.3550195945925036,-0.5592091665149415,40.184612979049504,-2.7708400081803592,0.0,1023.4203464828812,0.3517298082869535,13.0,0.998432084708628,12.860846892559971,3,0.9558469884996054,3.0,False,False,False,7,False,31,1.0,True,GOOD,coverage and completeness requirements passed,,0.9558469884996054,True,GOOD,VV/VH and ROI coverage pass requirements,-0.185154873908144,-4.306163652516197,-11.108139638677446,-26.66442832059382,64.25618505046464,-0.010412392412699811,-0.027633320383728982,-0.12901250795965447,0.694716525966025,-0.12804896958096662,0.005683426997602689,0.1509433962264151,0.08490566037735849,0.04716981132075472,0.09433962264150943,temp_anomaly,0.09433962264150943,climate_sar_change,temp_anomaly,above_reference,unusual environmental state,0.6439788007930972,-0.1214640540148827,0.06538687736668623,0.10752688172043011,0.08602150537634409,0.0967741935483871,0.09677419354838708,temp_anomaly,1,0.21419455777669874,-0.8046752950896686,False
2026-02-01,-8.388406140013055,-1.0714047318524773,-16.34048520329129,0.9052450768608744,4.5690515819178845,9.559371957168963,17.643254103685372,35.286834410940685,27.227257822096863,-1.1398453720914796,0.0,0.0,16.2527828748003,3.076321089093157,564.0938177051372,17.411394491739294,0.5532214437820432,-0.1216615796524127,0.062349982902622,0.3863194587308245,-0.1045497148539718,0.0586170956210275,2.8826556534128205,-7.581343030320273,-13.526558449292038,0.0031700058018024,-0.1849927828844961,0.0913527777404361,-0.1594165425833296,40.18161186803501,-0.5659088694592382,0.0,897.1345523325458,0.4053347888604531,14.0,0.998432084708628,12.031923395686348,2,0.9558469884996054,2.0,False,False,False,7,False,28,1.0,True,GOOD,coverage and completeness requirements passed,,0.9558469884996054,True,GOOD,VV/VH and ROI coverage pass requirements,0.0,-15.259974317375434,-13.703548157980599,-40.599722101848144,25.504259684424937,0.47666760781488515,0.4518104870384006,-0.0317615652802125,0.7238631220754067,-0.12020902783034892,0.021521070437458916,0.1792452830188679,0.1792452830188679,0.20754716981132076,0.18867924528301885,VV_change_adjusted,0.18867924528301885,climate_sar_change,VV_change_adjusted,above_reference,unusual environmental state,0.7011242740918624,-0.11514455030413129,0.028019588646823648,0.13978494623655913,0.15053763440860216,0.021505376344086023,0.10394265232974909,VV_change_adjusted,1,-0.18941479964862903,-1.6778967738875306,False
2026-03-01,-4.386744520352136,5.157718828645604,-17.43164321716865,2.098571602888696,14.585897934680082,27.498949949676074,45.75313003866151,96.76185067961568,95.21073057569308,1.0712879846059131,0.2826316798597539,15.0,58.84707751464333,3.108730131450088,696.4008687462972,23.16603307296993,0.4601353168260708,-0.2588368835148181,-0.0930861269559724,0.3151474676332766,-0.2302102893900306,-0.0711719910975479,2.397614350079583,-10.355825370374706,-17.750557803663835,-2.7744823400544334,-4.223999354371797,-1.870357106263846,-3.0927153783247388,40.19361951962703,4.001661619660919,0.2826316798597539,857.775100058357,2.5301390129625023,13.0,0.998432084708628,9.083409223787916,3,0.9558469884996054,3.0,False,False,False,7,False,31,1.0,True,GOOD,coverage and completeness requirements passed,,0.9558469884996054,True,GOOD,VV/VH and ROI coverage pass requirements,-0.009094716035613515,-1.522296658225418,9.959773141435939,10.275812155981683,53.4486174971172,-1.961709884004281,-2.9332988357414074,-0.13717530386240542,3.4145341721530853,0.09090026100711857,0.00039963289457510233,0.9528301886792453,0.9811320754716981,0.0,0.6446540880503145,VH_change_adjusted,0.6446540880503145,climate_sar_change,VH_change_adjusted,below_reference,unusual environmental state,2.90055628885004,0.07167255199761835,0.2746744265322813,0.9032258064516129,0.989247311827957,0.6989247311827957,0.863799283154122,VH_change_adjusted,1,1.3043078447045775,4.3847602590737225,False
2026-04-01,-2.5093938608278936,5.731934287428962,-12.406149845002467,0.4318388279329599,29.799381716409147,64.06778285162976,85.01498083311284,147.0530512598688,147.0530512598688,3.185550980196282,3.431040201672697,21.0,98.3298965582308,3.1938814759021428,776.8755756474314,32.43836358367852,0.744658576179701,0.1025203711031872,0.2845232593536302,0.5848304763721247,0.1064730118312279,0.2696830087388481,3.880171816572725,-10.522955263617169,-18.271892618302235,-0.1671298932424623,-0.5213348146384007,-1.06129304667453,-1.985491733928104,40.19869970276438,1.8773506595242424,3.148408521812943,876.1618863094722,1.6057603149378823,12.0,0.998432084708628,8.11909266455679,2,0.9558469884996054,2.0,False,False,False,7,False,30,1.0,True,GOOD,coverage and completeness requirements passed,,0.9558469884996054,True,GOOD,VV/VH and ROI coverage pass requirements,1.018813776038208,43.101647427535035,52.549911077977455,58.11833934343234,119.09153084701109,0.8090640595893149,1.1072236443966323,0.3479187694865373,1.7759794495212577,-0.024311733036148975,0.01809141246342326,0.6886792452830188,0.8301886792452831,0.19811320754716982,0.5723270440251572,precip_7d_adjusted,0.5723270440251572,climate_sar_change,precip_7d_adjusted,above_reference,unusual environmental state,1.8644255176959224,0.014313591272389181,0.7722822082085168,0.6666666666666666,0.8924731182795699,0.946236559139785,0.8351254480286738,precip_7d_adjusted,1,-0.419688325580455,0.35169304499072335,False
2026-05-01,0.7191715050455428,8.174712110354333,-7.361306051835448,-0.5384397332890416,16.22973418755407,60.11459760194612,88.83561802237095,194.16862035059165,160.76203881288538,0.5326104750201669,35.418629014769344,29.0,86.33922635958406,3.193464245474025,784.7910126059114,99.88551435338032,0.5933661447803545,-0.0063281788762747,-0.1512924313993464,0.4506699640518312,-0.0002152677698165,-0.1341605123202935,3.091836534935088,-10.379948579217473,-18.01685419520692,0.1430066843996957,0.2550384230953177,-0.5791152264825215,-0.94793955549844,40.1510592402604,3.228565365873437,31.987588813096647,905.4996421759369,0.9207749571003836,14.0,0.998432084708628,7.394105141238138,3,0.9558469884996054,3.0,False,False,False,7,False,31,1.0,True,GOOD,coverage and completeness requirements passed,,0.9558469884996054,True,GOOD,VV/VH and ROI coverage pass requirements,-14.876695156164566,22.14315898609638,27.286980177621125,38.985540683916156,108.54502101809851,0.48217782019200894,1.037552178429668,-0.09541006484799398,1.9614531272281488,-0.04956224169676693,0.03374682378575646,0.7547169811320755,0.6886792452830188,0.3113207547169811,0.5849056603773585,PDD_adjusted,0.5849056603773585,climate_sar_change,PDD_adjusted,below_reference,unusual environmental state,1.867276273104697,-0.06674889806498796,0.11532687273296369,0.6666666666666666,0.5268817204301075,0.23655913978494625,0.4767025089605734,PDD_adjusted,1,-4.309055739089895,-0.08883642234324288,False
2026-06-01,4.76128533500777,10.386801525440816,-2.2842683828355,-0.7916190139612665,21.10888702443552,41.78113549925687,56.26104169457928,179.06752280483704,173.44922776987596,-1.4602976858080037,142.8385600502331,12.0,23.543899517079044,2.972730639489991,736.5091335819845,141.4000945982381,0.492475294606638,-0.0885978689090707,-0.1008908501737165,0.3690426400354122,-0.0779355629076661,-0.0816273240164189,2.550567781174843,-10.782610022197677,-19.586672091545434,-0.402661442980202,-1.5698178963385168,-0.482991408160581,-0.7474477067885879,40.155007912374494,4.042113829962228,107.41993103546376,943.1239236194222,1.821478545206912,13.0,0.9923781376776428,4.629767170612456,3,0.9564523630239372,2.998420119217083,False,False,False,7,False,30,1.0,True,GOOD,coverage and completeness requirements passed,,0.9564523630239372,True,GOOD,VV/VH and ROI coverage pass requirements,-24.64033269571243,-41.68552883540708,-83.9145677461575,-151.9379879729306,-61.8795976624599,0.09612381832194178,0.2004918487098497,-0.0846292769287832,3.041146981609525,0.01682439134452851,0.05400946159674717,0.9056603773584906,0.8867924528301887,0.39622641509433965,0.7295597484276729,PDD_adjusted,0.7295597484276729,climate_sar_change,PDD_adjusted,below_reference,unusual environmental state,2.9985422877414956,-0.03759868590114429,0.15206185495240077,0.9247311827956989,0.7204301075268817,0.3655913978494624,0.6702508960573477,PDD_adjusted,1,-6.194937473130002,-3.709107027783218,False
2026-07-01,7.942164443884075,12.432930584343136,4.092617344705281,0.7547130330670576,36.53744265783178,99.44437583447802,185.2916279876556,551.4832578098774,559.5058046921246,1.029562194287042,246.2070977604064,0.0,7.337898033671736,2.900658056370533,484.8161102758621,454.7330590828802,0.484756532596966,-0.043751925150669,-0.007718762009672,0.3547604897808307,-0.0347557306612517,-0.0142821502545815,2.293901466505579,-10.228704804586355,-19.268328485632715,0.5539052176113195,0.3183436059127196,-0.2314797661284746,-0.2973809785259433,40.417153724003214,3.1808791088763053,103.36853771017326,1361.1611397686331,1.6203926065979866,9.0,0.9067255552076304,1.8862010400872296,2,0.9561520610954632,2.0,False,False,False,7,False,31,1.0,True,GOOD,coverage and completeness requirements passed,,0.9561520610954632,True,GOOD,VV/VH and ROI coverage pass requirements,14.753811365618589,5.241239026576963,15.741954794600332,29.26589559094907,66.53744462358122,0.2515116420321051,0.4500667282626465,0.044845943758401854,1.6634695547425629,-0.10094977072542122,0.03168530027805272,0.6415094339622641,0.37735849056603776,0.2641509433962264,0.42767295597484273,PDD_adjusted,0.42767295597484273,climate_sar_change,PDD_adjusted,above_reference,unusual environmental state,1.6590318568335436,-0.10137876055639966,0.05541565938059699,0.5806451612903226,0.27956989247311825,0.053763440860215055,0.3046594982078853,PDD_adjusted,0,3.311697960067036,-0.1626796042635086,False
2026-08-01,,,,,,,,,,,,,,2.9005550582638766,,,0.3647390140633053,-0.1092448818775412,-0.1200175185336607,0.2595007278347501,-0.0846042467238868,-0.0952597619460806,1.880829094884775,-10.131975698411562,-19.20340442157632,0.0967291061747932,0.0649240640563988,-0.3091504454319551,-0.3777843343020493,40.41360397503818,,,,,9.0,0.9880794840509948,3.662081196171616,3,0.9561520610954632,3.0,True,False,False,4,True,31,0.8064516129032258,False,INSUFFICIENT,period has 25/31 observations,,0.9561520610954632,True,GOOD,VV/VH and ROI coverage pass requirements,,,,,,-0.07767067930348011,-0.08040335577610397,-0.06549295672687222,,,,,,,,,,climate_sar_change,,,unusual environmental state,,,,,,,,,,,,
