date,temp_mean,temp_max,temp_min,temp_anomaly,precip_1d_max,precip_3d_max,precip_7d_max,precip_30d_max,precip_month,precip_anomaly,PDD,freeze_thaw_cycles,snowfall_mm_we,snow_depth_m,solar_radiation_mj_m2,runoff_mm,snow_fraction,snow_fraction_anomaly,snow_fraction_change,NDSI,NDSI_anomaly,NDSI_change,snow_area_proxy_km2,VV,VH,VV_change,VH_change,VV_anomaly,VH_anomaly,angle_deg,temp_change,PDD_change,antecedent_precipitation_index,environmental_transition_magnitude,sentinel2_scene_count,sentinel2_valid_area_fraction,sentinel2_observation_count,sentinel1_scene_count,sentinel1_valid_area_fraction,sentinel1_observation_count,climate_missing_data_flag,sentinel2_missing_data_flag,sentinel1_missing_data_flag,available_feature_count,missing_data_flag,climate_expected_observation_count,climate_period_completeness,climate_is_complete_period,climate_quality_status,climate_quality_reason,sentinel1_expected_observation_count,sentinel1_period_completeness,sentinel1_is_complete_period,sentinel1_quality_status,sentinel1_quality_reason
2015-07-01,7.094333763905133,12.639700953076227,2.718802440409781,-0.0931176469118846,26.837748472608748,63.21480784777123,112.804178482381,393.5194004428766,396.4236159302554,-1.0863439221525266,219.92434668105912,0.0,9.583312798524767,2.9022010524437114,597.3451892040816,303.95414660842715,,,,,,,,,,,,,,,,,396.4236159302554,,,,,0,0.0,,False,True,True,3,True,31,1.0,True,GOOD,coverage and completeness requirements passed,,0.0,False,INSUFFICIENT,missing VV/VH or valid ROI coverage below threshold
2015-08-01,6.843906118670036,11.975236559551782,2.0488340373781067,-0.1138136057209715,43.61365911690849,72.08225532652251,123.6999758574213,470.492463191324,400.6264341530173,-0.1842927207210655,212.1610896787711,0.0,25.433193679891115,2.9033447218516075,508.685027062632,358.6779345484958,,,,,,,,,,,,,,,-0.25042764523509664,-7.7632570022880145,737.5865076937343,,,,,0,0.0,,False,True,True,3,True,31,1.0,True,GOOD,coverage and completeness requirements passed,,0.0,False,INSUFFICIENT,missing VV/VH or valid ROI coverage below threshold
2015-09-01,5.376388326065215,10.27865128755404,-4.441231771491912,0.3462507470061419,15.54503113685798,35.155432678121784,65.75663129491912,385.313595365167,176.87699479454352,-0.7828828291130505,161.2916497819565,3.0,17.597569394555208,2.902710551292401,547.3058254418544,149.56879860640913,,,,,,,,,,,,,,,-1.4675177926048208,-50.86943989681461,803.8255263342177,,,,,0,0.0,,False,True,True,3,True,30,1.0,True,GOOD,coverage and completeness requirements passed,,0.0,False,INSUFFICIENT,missing VV/VH or valid ROI coverage below threshold
2015-10-01,-0.1471486893121974,7.848672420923201,-11.32297558714014,-0.1567254847153879,14.511343085856469,24.20056733340643,27.96901633688899,174.31076231896876,73.2029675155094,-0.0711636064811076,24.607057115670184,28.0,39.15369466542254,2.916404782603131,592.3205765428505,68.55282966076363,,,,,,,,-7.192089027537892,-14.174654200633103,,,1.757520787938046,2.0545338837630673,39.80440596364062,-5.523537015377412,-136.6845926662863,756.4546648995944,,,,,1,0.954102558892544,1.0,False,True,False,5,True,31,1.0,True,GOOD,coverage and completeness requirements passed,,0.954102558892544,True,GOOD,VV/VH and ROI coverage pass requirements
2015-11-01,-3.990453340099508,4.80322712972752,-15.286951943168647,0.0054708957869198,5.288131376785135,8.70938523482313,27.83702045037502,66.9941149580898,21.549204722556315,-0.4511160451059421,0.07187634485306,15.0,8.219895736929777,2.930440329923726,508.323990244898,39.14216755352584,,,,,,,,,,,,,,,-3.8433046507873105,-24.535180770817124,664.5356698872115,,,,,0,0.0,,False,True,True,3,True,30,1.0,True,GOOD,coverage and completeness requirements passed,,0.0,False,INSUFFICIENT,missing VV/VH or valid ROI coverage below threshold
2015-12-01,-6.615558040177489,3.744379580213877,-16.24451529645817,0.123152290744864,2.270153503386803,3.306689193409915,11.586109730315608,28.30298229210813,21.425403878741356,-0.4830995800579287,0.0,9.0,14.725219991836726,2.9155850461806403,461.762083356791,25.531962786569803,,,,,,,,,,,,,,,-2.625104700077981,-0.07187634485306,586.2807232828711,,,,,0,0.0,,False,True,True,3,True,31,1.0,True,GOOD,coverage and completeness requirements passed,,0.0,False,INSUFFICIENT,missing VV/VH or valid ROI coverage below threshold
2016-01-01,-10.2268950961726,-1.379730239642642,-20.12775141845529,-0.4670841653973831,12.403037191947355,16.167652927756755,19.95600231964862,46.01173564313509,46.12903601833265,-0.1359151362833639,0.0,0.0,37.85769087980114,2.982091286262272,496.0569221632653,18.290435388044603,,,,,,,,,,,,,,,-3.6113370559951106,0.0,544.4676508087731,,,,,0,0.0,,False,True,True,3,True,31,1.0,True,GOOD,coverage and completeness requirements passed,,0.0,False,INSUFFICIENT,missing VV/VH or valid ROI coverage below threshold
2016-02-01,-7.37036939909771,3.261703712415081,-22.69716872900492,1.8962501797776217,10.70062121094828,16.57912213036957,19.364397506395186,56.10404382469057,41.67745733586,-0.7274869303283324,0.0,6.0,34.750652742650125,3.0783530063751496,567.8708971062632,17.91019515933326,,,,,,,,,,,,,,,2.85652569707489,0.0,504.4749605233171,,,,,0,0.0,,False,True,True,3,True,29,1.0,True,GOOD,coverage and completeness requirements passed,,0.0,False,INSUFFICIENT,missing VV/VH or valid ROI coverage below threshold
2016-03-01,-5.595592091448709,4.349566794280706,-15.89783401435565,0.889724031792123,13.04269998867188,19.05355264311043,28.944877397076567,55.75199973220977,56.55518580742209,-0.2824239321644408,0.0,8.0,37.91352590961535,3.085297958915429,724.3532548952062,28.90832106635908,,,,,,,,,,,,,,,1.7747773076490008,0.0,485.35890225224165,,,,,0,0.0,,False,True,True,3,True,31,1.0,True,GOOD,coverage and completeness requirements passed,,0.0,False,INSUFFICIENT,missing VV/VH or valid ROI coverage below threshold
2016-04-01,-2.028318638883207,5.067296501014727,-12.409713577603366,0.9129140498776468,7.807751582208334,17.6849250724827,32.014079489758544,81.28239819689897,53.72767845097822,-0.5779830021684869,0.4215799875279811,29.0,28.512730262518183,3.046521257148019,825.9053429099226,33.329168181239844,,,,,,,,,,,,,,,3.567273452565502,0.4215799875279811,466.2827453653836,,,,,0,0.0,,False,True,True,3,True,30,1.0,True,GOOD,coverage and completeness requirements passed,,0.0,False,INSUFFICIENT,missing VV/VH or valid ROI coverage below threshold
2016-05-01,1.2647896936646097,8.169475994069863,-8.721748404667272,0.0071784553300251,13.188531122249618,21.57338217551241,40.26827119577109,130.6591561940085,132.0567210826198,-0.0354669922827938,46.399507453502025,30.0,59.63135349389263,2.9609913718283387,776.0964032885292,47.05398366180295,,,,,,,,,,,,,,,3.2931083325478165,45.97792746597404,528.3970546431958,,,,,0,0.0,,False,True,True,3,True,31,1.0,True,GOOD,coverage and completeness requirements passed,,0.0,False,INSUFFICIENT,missing VV/VH or valid ROI coverage below threshold
2016-06-01,6.029296031241725,12.948747323215407,-3.4635673635698656,0.4763916822726886,27.86625494930125,62.82375165131117,130.25475677690144,320.4324127994386,320.4324127994386,0.6011592567943909,180.87888093725172,3.0,13.472083073180173,2.908800784170753,615.8310279042928,156.2530874975293,,,,,,,,,,,,,,,4.7645063375771155,134.4793734837497,769.569909246155,,,,,0,0.0,,False,True,True,3,True,30,1.0,True,GOOD,coverage and completeness requirements passed,,0.0,False,INSUFFICIENT,missing VV/VH or valid ROI coverage below threshold
2016-07-01,7.198550440622812,11.994832581554332,3.8548877949617575,0.0110990298057942,42.87668359501944,96.67829658713173,207.97080106724613,658.045667717561,688.2322485782145,2.699720487071601,223.1550636593072,0.0,72.33296967859339,2.909547727834138,450.5528847663617,564.5709644890352,,,,,,,,,,,,,,,1.1692544093810868,42.27618272205547,1342.3666714374463,,,,,0,0.0,,False,True,True,3,True,31,1.0,True,GOOD,coverage and completeness requirements passed,,0.0,False,INSUFFICIENT,missing VV/VH or valid ROI coverage below threshold
2016-08-01,7.0272715814688285,11.17951770543551,1.1296405252648838,0.0695518570778216,14.508387061089229,67.66506428725454,184.1464751219552,645.9406615324533,279.6399209967691,-2.0434440322307297,217.8454190255337,0.0,8.95006080563747,2.9038181928865123,563.856727304715,290.1803989023662,,,,,,,,,,,,,,,-0.17127885915398355,-5.309644633773502,1420.6515917185984,,,,,0,0.0,,False,True,True,3,True,31,1.0,True,GOOD,coverage and completeness requirements passed,,0.0,False,INSUFFICIENT,missing VV/VH or valid ROI coverage below threshold
2016-09-01,5.429695309212386,10.540845583460037,0.0782368755944818,0.3995577301533117,26.1420494159557,58.50744463336815,103.22596072747407,321.6167244298974,278.759132823456,0.6615719634768205,162.89085927637157,0.0,40.45752509523978,2.9081719383211704,457.1502491261876,233.69238233058744,,,,,,,,,,,,,,,-1.5975762722564424,-54.954559749162115,1486.3129857842646,,,,,0,0.0,,False,True,True,3,True,30,1.0,True,GOOD,coverage and completeness requirements passed,,0.0,False,INSUFFICIENT,missing VV/VH or valid ROI coverage below threshold
2016-10-01,1.5029697322725162,8.950238936959167,-8.837910838331808,1.4933929368693255,7.726844329327484,21.542826392331506,42.88162231887112,278.5995042117711,84.02181100575363,0.1274782766715263,60.34428904133218,22.0,25.58293883452149,2.907518468343304,544.8813741249152,95.52653738409596,,,,,,,,,,,,,,,-3.92672557693987,-102.54657023503938,1347.3878489223785,,,,,0,0.0,,False,True,True,3,True,31,1.0,True,GOOD,coverage and completeness requirements passed,,0.0,False,INSUFFICIENT,missing VV/VH or valid ROI coverage below threshold
2016-11-01,-1.692146221882404,5.976990461248842,-10.868066640339777,2.303778014004024,2.450210277529388,3.0024070207480467,4.561970737988094,70.89137953715792,6.703513052001163,-1.307611670752495,2.4738914130916707,30.0,1.5753582198589644,2.9006167934464555,522.563994489796,39.73948214672385,,,,,,,,,,,,,,,-3.19511595415492,-57.87039762824051,1151.9831846360228,,,,,0,0.0,,False,True,True,3,True,30,1.0,True,GOOD,coverage and completeness requirements passed,,0.0,False,INSUFFICIENT,missing VV/VH or valid ROI coverage below threshold
2016-12-01,-2.568012628919488,7.79106719562659,-12.704746774113715,4.170697702002864,3.9937372057213816,8.778693760157696,10.06908887679664,17.179841547294103,19.10588483707907,-0.5658212773876186,5.651244951284484,24.0,11.374828220200238,2.9050319890115825,473.227280416608,25.1863942252843,,,,,,,,,,,,,,,-0.8758664070370841,3.1773535381928135,998.2915917776984,,,,,0,0.0,,False,True,True,3,True,31,1.0,True,GOOD,coverage and completeness requirements passed,,0.0,False,INSUFFICIENT,missing VV/VH or valid ROI coverage below threshold
2017-01-01,-10.003527699029336,1.256054169925334,-20.727798842041512,-0.2437167682541183,19.711246521308507,24.32118414102523,26.256761364462346,41.39538922917495,36.31139135213622,-0.3997617725709458,0.0,3.0,33.20284544068856,2.94908943738286,520.0037488198452,17.654346542027866,,,,,,,,,,,,,,,-7.435515070109847,-5.651244951284484,884.8592443631798,,,,,0,0.0,,False,True,True,3,True,31,1.0,True,GOOD,coverage and completeness requirements passed,,0.0,False,INSUFFICIENT,missing VV/VH or valid ROI coverage below threshold
2017-02-01,-7.3977631295183714,2.9089723472944438,-21.55255603615788,1.8958880873555572,8.849406251808356,11.321862349217088,26.792892168355703,45.74210190520281,26.027481241990152,-1.1740828233159768,0.0,5.0,16.576508937022115,2.978059294604012,569.5275425890218,21.135246041666697,,,,,,,,-7.430333924205145,-12.9509990018544,,,0.24236188385556368,0.4161429048543077,39.9343269605393,2.6057645695109644,0.0,778.1578389506928,,,,,2,0.9542497586472484,2.0,False,True,False,5,True,28,1.0,True,GOOD,coverage and completeness requirements passed,,0.9542497586472484,True,GOOD,VV/VH and ROI coverage pass requirements
2017-03-01,-7.069654778789826,4.061013273149228,-17.546615916285,-0.5843386555489943,45.6622049167046,81.24681172121939,85.78774930430018,130.77837298561096,131.9222723704402,2.3569211818220075,0.0,9.0,102.81312797693072,3.264560373366358,708.1387494479782,22.35238297064484,,,,,,,,-7.783923427034779,-12.976650859652086,-0.3535895028296334,-0.0256518577976869,0.7015448370760815,1.6811915656870102,39.92287661943629,0.32810835072854516,0.0,793.3564354785291,,,,,2,0.9542497586472484,2.0,False,True,False,5,True,31,1.0,True,GOOD,coverage and completeness requirements passed,,0.9542497586472484,True,GOOD,VV/VH and ROI coverage pass requirements
2017-04-01,-2.140241270403088,5.140253211712039,-12.882820536367138,0.8009914183577657,22.907566037701333,29.81344768181714,40.72509878451243,136.05332152929094,94.46560985822984,1.064856288025387,5.254652197003795,27.0,47.64636019985392,3.128792079561934,800.3928012836031,52.65149808397686,0.5346303240247704,-0.10750788105174336,,0.3889800340599125,-0.08937743048098423,,2.785783420649748,-8.813286446152754,-15.067619544403028,-1.0293630191179748,-2.0909686847509423,0.648375770789885,1.2187813399711036,39.91423337658239,4.929413508386738,5.254652197003795,768.8185800149796,,1.0,0.998432084708628,1.0,2,0.9542497586472484,2.0,False,False,False,7,False,30,1.0,True,GOOD,coverage and completeness requirements passed,,0.9542497586472484,True,GOOD,VV/VH and ROI coverage pass requirements
2017-05-01,1.0791040613716576,6.138666050674064,-9.23988031310818,-0.1785071769629267,20.45032422488384,36.95797540340681,56.23703513466084,149.47649952806375,152.31166799467186,0.365377863373434,40.9889792042111,30.0,69.53362319133467,3.034128572467554,788.5701238662914,80.44973200870014,,,,,,,0.0,-9.686925099686848,-16.74600289304946,-0.8736386535340941,-1.6783833486464328,0.1139082530481037,0.32291174665902034,39.915006486797104,3.2193453317747456,35.734327007207305,805.8074610074045,,0.0,0.0,,3,0.9542497586472484,3.0,False,True,False,5,True,31,1.0,True,GOOD,coverage and completeness requirements passed,,0.9542497586472484,True,GOOD,VV/VH and ROI coverage pass requirements
2017-06-01,5.379019800538598,10.775947448386876,-2.9957477255491485,-0.173884548430439,29.108704992535245,60.57844321945245,92.5575655472848,199.15926082166183,199.1592608216619,-1.0997113635121492,161.37059401615792,4.0,18.81430565296324,2.9225653129146325,699.1594800492611,110.75767061498114,,,,,,,0.0,-9.857766643851413,-17.66830911884205,-0.1708415441645634,-0.9223062257925888,0.4418519701856827,1.1709152659147968,39.9110063714656,4.29991573916694,120.38161481194683,884.0956026779556,,0.0,0.0,,1,0.9542497586472484,1.0,False,True,False,5,True,30,1.0,True,GOOD,coverage and completeness requirements passed,,0.9542497586472484,True,GOOD,VV/VH and ROI coverage pass requirements
2017-07-01,7.163415462439103,12.095252175703614,4.641020543033373,-0.0240359483779145,56.18929255814052,87.95659193242382,161.62468561002095,485.64551775645816,488.8590102159533,0.112956980229902,222.06587933561215,0.0,31.385601629921872,2.904088819350694,500.5114674919071,371.4835540634658,,,,,,,0.0,-9.782006706611526,-18.11861497089883,0.0757599372398853,-0.4503058520567791,0.21521833184635497,0.8523325362079426,39.90949442101857,1.784395661900505,60.69528531945423,1240.3402724922157,,0.0,0.0,,3,0.9542497586472484,3.0,False,True,False,5,True,31,1.0,True,GOOD,coverage and completeness requirements passed,,0.9542497586472484,True,GOOD,VV/VH and ROI coverage pass requirements
2017-08-01,7.036783369530725,12.370378655065227,3.589195617632852,0.0790636451397177,68.60014480616658,134.7110103948119,253.17730516488425,577.3925022160371,536.7535197090857,1.9075177054271044,218.14028445545247,0.0,49.74294435049367,2.9097864130607314,481.3346673314567,498.9136532158771,,,,,,,0.0,-9.555660238267992,-18.18067353758714,0.2263464683435323,-0.0620585666883108,0.26716501471161536,0.6449465496871305,39.90961656976014,-0.12663209290837774,-3.9255948801596787,1591.042751327469,,0.0,0.0,,2,0.9542497586472484,2.0,False,True,False,5,True,31,1.0,True,GOOD,coverage and completeness requirements passed,,0.9542497586472484,True,GOOD,VV/VH and ROI coverage pass requirements
2017-09-01,5.5813289007297024,10.510615538476998,0.754801402940981,0.5511913216706292,23.704322363019912,46.29254468115843,71.82207465749578,528.4490385394328,167.1541415578176,-0.9207305640266148,167.43986702189108,0.0,19.73747087604537,2.903257347832946,565.8371331560622,153.32512553836324,,,,,,,0.0,-9.84658546636518,-17.707143724058835,-0.2909252280971852,0.4735298135283052,0.09666979793548691,0.8448419371283578,39.913812589574405,-1.4554544688010225,-50.7004174335614,1519.5404801861662,,0.0,0.0,,3,0.9542497586472484,3.0,False,True,False,5,True,30,1.0,True,GOOD,coverage and completeness requirements passed,,0.9542497586472484,True,GOOD,VV/VH and ROI coverage pass requirements
2017-10-01,1.395670680086609,8.79112218525276,-11.904353157489064,1.3860938846834183,5.364795808297217,9.516155464967632,22.133233525579577,153.74238996278083,47.04654943932561,-0.5514145822777314,70.02204663694833,21.0,18.977092274901818,2.906728389761033,579.2193822814663,59.75119204881072,,,,,,,0.0,-9.23666651425792,-16.334586243296403,0.6099189521072574,1.3725574807624312,-0.28705669878198137,-0.10539815890023263,39.90970874379693,-4.185658220643093,-97.41782038494274,1338.6559575975668,,0.0,0.0,,3,0.9542497586472484,3.0,False,True,False,5,True,31,1.0,True,GOOD,coverage and completeness requirements passed,,0.9542497586472484,True,GOOD,VV/VH and ROI coverage pass requirements
2017-11-01,-3.761604810430288,3.414321873642732,-11.440570091983094,0.2343194254561391,4.231203597543532,8.80532105940829,12.555618216091665,44.11738475287085,23.689533788192797,-0.3276335881856128,0.0,20.0,14.636867824498822,2.9095166159753685,507.09929515974665,31.57276874126304,0.4180124464106816,-0.054694362582610845,,0.2789636619490597,-0.049189918232809327,,2.1781258759691395,-7.535917029738184,-13.175246600556472,1.7007494845197373,3.159339642739932,0.28959664154503795,0.7473158056466893,39.91211871910468,-5.157275490516897,-70.02204663694833,1161.5470977461246,,5.0,0.998432084708628,5.0,2,0.9542497586472484,2.0,False,False,False,7,False,30,1.0,True,GOOD,coverage and completeness requirements passed,,0.9542497586472484,True,GOOD,VV/VH and ROI coverage pass requirements
2017-12-01,-3.618955760907669,4.357911359987007,-11.892748472574793,3.119754570014684,2.6905362253764133,3.2017793749609944,12.387502036038596,23.37757461351265,10.472447120127956,-0.8737181339810212,0.5471219570402874,20.0,7.240036685992345,2.9064553644364275,471.158821078114,21.253893349809932,0.431494584293583,-0.06793240210529611,0.013482137882901424,0.2864653344735866,-0.06828516418678571,0.007501672524526881,2.248376878393313,-7.148694067290927,-12.592500508976316,0.3872229624472565,0.582746091580157,0.19862621558766058,0.4832392126863123,39.90434113019365,0.14264904952261892,0.5471219570402874,997.7874802043339,0.3464153398766189,10.0,0.998432084708628,8.59562659624243,3,0.9542497586472484,3.0,False,False,False,7,False,31,1.0,True,GOOD,coverage and completeness requirements passed,,0.9542497586472484,True,GOOD,VV/VH and ROI coverage pass requirements
2018-01-01,-5.870084265195906,6.6366530126455086,-20.22819787924091,3.889726665579312,11.896563031357829,17.123252180569448,18.81960042940764,24.658693859679328,24.53136169998216,-0.7163469928316192,1.8515487390814396,16.0,22.939924524283004,2.9304365790371176,516.2980743068262,14.971946638122064,0.4021884300556713,-0.17858304519595014,-0.02930615423791172,0.2630347835024126,-0.14247939086152944,-0.02343055097117397,2.095672112258132,-7.298458053879619,-12.657253624260642,-0.1497639865886917,-0.0647531152843274,-0.06896461235004736,0.1251028756319581,39.911400665951234,-2.2511285042882374,1.3044267820411521,872.6507198736659,0.272235185478837,7.0,0.998432084708628,7.0,2,0.9542497586472484,2.0,False,False,False,7,False,31,1.0,True,GOOD,coverage and completeness requirements passed,,0.9542497586472484,True,GOOD,VV/VH and ROI coverage pass requirements
2018-02-01,-7.87679140470224,0.9391004719422344,-18.447797668156344,1.4168598121716889,6.780082049137,12.917017507603564,20.8495663676226,52.6569857906194,41.31276274080302,-0.737894045800607,0.0,2.0,35.20057193232329,2.9779367824968754,536.0414890513723,14.818514063482466,0.7360530068502398,0.061169983415783835,0.3338645767945685,0.5122337345514396,0.021364560966643242,0.249198951049027,3.835331014833701,-7.617162539543973,-13.165655652285462,-0.3187044856643544,-0.50840202802482,0.055533268516736456,0.20148625442324608,39.91044527037153,-2.006707139506333,-1.8515487390814396,783.0658746334191,1.6873954938841127,3.0,0.998432084708628,2.657156912398503,3,0.9542497586472484,3.0,False,False,False,7,False,28,1.0,True,GOOD,coverage and completeness requirements passed,,0.9542497586472484,True,GOOD,VV/VH and ROI coverage pass requirements
2018-03-01,-6.628707337878632,2.3168009393572784,-17.486669567518863,-0.1433912146377999,9.16616659846801,15.442322984055169,20.00355767338557,52.630552153118,53.59474181515042,-0.3860982778577615,0.0,3.0,34.581243784745595,3.00688695554348,744.6442021867715,14.026121492645087,0.6519544489449465,-0.06701775139594246,-0.0840985579052933,0.4855834735855658,-0.05977428343774144,-0.026650260965873807,3.397120988605813,-8.181474023304117,-14.174679714740249,-0.564311483760144,-1.0090240624547864,0.30399424080674287,0.4831627105988474,39.90855332597384,1.2480840668236075,0.0,719.2007352535567,0.6264561980047101,4.0,0.998432084708628,4.0,2,0.9542497586472484,2.0,False,False,False,7,False,31,1.0,True,GOOD,coverage and completeness requirements passed,,0.9542497586472484,True,GOOD,VV/VH and ROI coverage pass requirements
2018-04-01,-2.716529570029256,2.683471535797464,-12.165328565002891,0.2247031187315974,16.349636703790367,32.2124602508362,44.79543918299721,115.51125790738834,115.51125790738836,1.913564514201918,0.0,28.0,46.72991327369909,3.0153612053769963,770.7709969908516,36.19190353184498,0.5804266120184137,-0.061711593058100034,-0.07152783692653275,0.4328113295521955,-0.04554613498870125,-0.05277214403337033,3.0244128699850634,-9.29234539800956,-15.954950371278963,-1.110871374705443,-1.7802706565387147,0.16931681893307804,0.3314505130951684,39.90858663009317,3.912177767849376,0.0,726.8318828729115,1.1229277279916237,1.0,0.998432084708628,1.0,3,0.9542497586472484,3.0,False,False,False,7,False,30,1.0,True,GOOD,coverage and completeness requirements passed,,0.9542497586472484,True,GOOD,VV/VH and ROI coverage pass requirements
2018-05-01,1.149636056393207,8.453822943025058,-9.041219448489567,-0.1079751819413769,10.96364079353431,30.85610554957289,47.074469025269664,150.92913486250183,127.24307444304988,-0.1307289300600972,46.999355100596,29.0,46.07153145228051,2.990129839368833,819.2838293849402,55.658297895084885,0.6162114319285398,0.01651710827191044,0.03578481991012605,0.453515574714682,0.002630342893034321,0.020704245162486534,3.2108758398856403,-9.905616133685164,-17.05403870039145,-0.613270735675604,-1.0990883291124884,-0.1047827809502131,0.014875939317029463,39.91428265367636,3.8661656264224633,46.999355100596,745.0501748850246,1.0200844500633826,1.0,0.998432084708628,1.0,2,0.9542497586472484,2.0,False,False,False,7,False,31,1.0,True,GOOD,coverage and completeness requirements passed,,0.9542497586472484,True,GOOD,VV/VH and ROI coverage pass requirements
2018-06-01,5.396840492410822,10.986910596252937,-2.9050797915475237,-0.1560638565582139,52.674105027188425,114.62370362640624,160.3661483540593,355.43449674159274,355.4344967415928,1.092067716381744,161.90521477232468,5.0,67.07063640345262,2.9256784795680124,627.5748215172414,179.86711756412117,,,,,,,0.0,-10.268954053239613,-18.687193832614927,-0.3633379195544481,-1.6331551322234752,0.03066456079748292,0.15203055214191963,39.90858501556674,4.247204436017615,114.90585967172868,988.7271453938638,,0.0,0.0,,3,0.9542497586472484,3.0,False,True,False,5,True,30,1.0,True,GOOD,coverage and completeness requirements passed,,0.9542497586472484,True,GOOD,VV/VH and ROI coverage pass requirements
2018-07-01,7.565094145561785,11.943476093461385,3.51769154687571,0.3776427347447681,43.11057902667196,93.43256951317566,193.8558219929387,564.7569323817428,560.7729011773064,1.0460021085625986,234.51791851241532,0.0,24.486617025257964,2.902942440717684,470.6540140035187,478.0847798039341,,,,,,,0.0,-9.90243251882663,-19.16880656406535,0.3665215344129819,-0.4816127314504221,0.09479251963125002,-0.19785905695857764,39.91065419942535,2.1682536531509626,72.61270374009064,1401.1909747620907,,0.0,0.0,,2,0.9542497586472484,2.0,False,True,False,5,True,31,1.0,True,GOOD,coverage and completeness requirements passed,,0.9542497586472484,True,GOOD,VV/VH and ROI coverage pass requirements
2018-08-01,7.29904179677808,11.441313415140796,5.024704254386651,0.3413220723870728,26.41595502100219,66.98811416838399,127.96444569947752,554.4831876033539,523.4290774354463,1.7027663353617526,226.27029570012047,0.0,26.11443746696049,2.902729915724459,457.62278331949335,463.4628109922298,,,,,,,0.0,-9.867592181640742,-18.871595010806452,0.0348403371858889,0.2972115532588937,-0.04476692866113474,-0.04597492353218158,39.9108123235684,-0.2660523487837052,-8.24762281229485,1714.4414059832234,,0.0,0.0,,3,0.9542497586472484,3.0,False,True,False,5,True,31,1.0,True,GOOD,coverage and completeness requirements passed,,0.9542497586472484,True,GOOD,VV/VH and ROI coverage pass requirements
2018-09-01,5.09253391158789,10.125435655071758,-3.0242307680413,0.0623963325288167,18.366442908081343,54.53588174074888,130.5322868900503,497.562482061402,215.0628736379888,-0.2414947431168796,152.7760173476367,9.0,28.510480429020294,2.904854863466803,553.4366261508181,228.3429868996437,0.466176206219557,0.012372329800455328,,0.3563371817582479,0.025361431716286686,,2.429091445115392,-9.94611661360649,-18.29284984412064,-0.0785244319657483,0.5787451666858132,-0.0028613493058227135,0.25913581706655364,39.91172091638055,-2.20650788519019,-73.49427835248378,1672.3380687237286,,1.0,0.998432084708628,1.0,2,0.9542497586472484,2.0,False,False,False,7,False,30,1.0,True,GOOD,coverage and completeness requirements passed,,0.9542497586472484,True,GOOD,VV/VH and ROI coverage pass requirements
2018-10-01,-1.4384869828328273,6.930602035146652,-10.221130160627672,-1.4480637782360175,3.188135964055548,6.7678103936660525,16.919142873060107,203.3724821122456,32.84461711658749,-0.8121724519648985,8.295022865061116,27.0,16.092204617272163,2.90632992860681,619.1286460923221,63.505873550712685,0.3972541490078895,-0.08975753134369563,-0.0689220572116675,0.263947461397516,-0.08411720242653942,-0.0923897203607319,2.069961190677297,-8.42943469592256,-14.76624834724037,1.5166819176839308,3.5266014968802715,0.5201751195533788,1.4629397371558,39.91211128748653,-6.531020894420717,-144.48099448257557,1454.3319755317566,2.807310348987697,3.0,0.998432084708628,3.0,3,0.9542497586472484,3.0,False,False,False,7,False,31,1.0,True,GOOD,coverage and completeness requirements passed,,0.9542497586472484,True,GOOD,VV/VH and ROI coverage pass requirements
2018-11-01,-3.685003527779154,3.89844654789282,-13.469175038347752,0.3109207081072729,5.577627246980512,10.157659507103329,16.32392953484466,34.33419463118668,32.305117345734374,0.1694270940096537,0.0,17.0,19.66588027555073,2.9153925743642914,489.2053587980296,33.10998301641107,0.3893096787949705,-0.0833971301983219,-0.007944470212918997,0.248494938594819,-0.07965864158705002,-0.015452522802697016,2.028565159793029,-7.347760325454267,-12.907577581020538,1.081674370468292,1.8586707662198323,0.4777533458289547,1.0149848251826228,39.90674643781821,-2.246516544946327,-8.295022865061116,1268.4872965477273,1.0196335254171665,7.0,0.998432084708628,6.999923911397984,2,0.9542497586472484,2.0,False,False,False,7,False,30,1.0,True,GOOD,coverage and completeness requirements passed,,0.9542497586472484,True,GOOD,VV/VH and ROI coverage pass requirements
2018-12-01,-8.37558252435435,0.217303159688265,-21.087057355522333,-1.6368721934319976,6.331930385469456,10.89761122611913,14.978318428676886,37.40950760766488,33.853612786784296,-0.0398686700393983,0.0,1.0,27.734411892171146,2.944934115561721,455.0786593722731,23.407270687512327,0.3913424403058668,-0.10808454609301232,0.0020327615108962638,0.2354730885442352,-0.11927741011613707,-0.013021850050583789,2.0391572138923166,-6.95256526016303,-12.189522632840674,0.3951950652912375,0.7180549481798639,0.3947550227155583,0.8862170888219545,39.90924358812728,-4.690578996575196,0.0,1112.0678148523523,0.5858736932547343,7.0,0.998432084708628,4.084874193573102,3,0.9542497586472484,3.0,False,False,False,7,False,31,1.0,True,GOOD,coverage and completeness requirements passed,,0.9542497586472484,True,GOOD,VV/VH and ROI coverage pass requirements
2019-01-01,-12.565635245807533,-3.9486643373085126,-24.13252775768087,-2.805824315032316,18.181423631925476,32.77776058900543,59.27381470545149,93.5796823057406,93.60608478296544,1.1400181494812918,0.0,0.0,89.65139542716142,3.1652579827608966,473.45418311752286,13.080169852458615,0.5558275255633707,-0.024943949688250755,0.16448508525750388,0.3969935578907372,-0.008520616473204845,0.161520469346502,2.8962350915648223,-7.019152057188303,-12.33330985610776,-0.0665867970252733,-0.1437872232670844,0.2103413843412687,0.4490466437848397,39.90918240911466,-4.190052721453183,0.0,1038.863727407465,1.0454514845261798,9.0,0.998432084708628,5.622457867918111,3,0.9542497586472484,3.0,False,False,False,7,False,31,1.0,True,GOOD,coverage and completeness requirements passed,,0.9542497586472484,True,GOOD,VV/VH and ROI coverage pass requirements
2019-02-01,-10.387434324951805,-3.201611592281354,-21.49476801142734,-1.0937831080778757,52.19270681212125,75.5839620724104,78.48589517356827,164.2463411188809,154.32391028615868,2.487051094872545,0.0,0.0,144.52216716156846,3.775859696876027,491.3151927825475,8.038133650200205,0.9871975363172985,0.3123145128828425,0.4313700107539278,0.7318446223066779,0.24097544872188154,0.3348510644159407,5.143962858065621,-8.038222736948637,-13.359709051047869,-1.0190706797603335,-1.026399194940108,-0.3655269288879275,0.007432855660839621,39.91178420982961,2.178200920855728,0.0,1037.3580785825038,2.307100006921392,7.0,0.998432084708628,4.068666792952606,2,0.9542497586472484,2.0,False,False,False,7,False,28,1.0,True,GOOD,coverage and completeness requirements passed,,0.9542497586472484,True,GOOD,VV/VH and ROI coverage pass requirements
2019-03-01,-7.619907383806415,0.3964367259144591,-17.57667547302459,-1.134591260565584,10.128257042458996,35.62931135202119,57.29679388186112,164.77080450964058,54.51147066361332,-0.3539945583512649,0.0,1.0,42.87910960577979,3.961647427362691,746.1355228090544,11.03654360158774,0.9506132514032088,0.2316410510623199,-0.036584284914089604,0.7594737085159582,0.21411595149265095,0.027629086209280285,4.953334138013304,-8.196380280820357,-14.206392155790764,-0.1581575438717202,-0.8466831047428975,0.28908798329050356,0.45145026954833156,39.91347151577215,2.76752694114539,0.0,936.2658374587415,0.4655532351041266,11.0,0.998432084708628,4.872829262196826,3,0.9542497586472484,3.0,False,False,False,7,False,31,1.0,True,GOOD,coverage and completeness requirements passed,,0.9542497586472484,True,GOOD,VV/VH and ROI coverage pass requirements
2019-04-01,-2.6795361913856337,5.747347178449124,-13.286469626913238,0.26169649737522,10.169478280814438,17.466422880829203,23.656364360529743,69.13657035516347,64.76245776214468,-0.1329832590598864,3.059732630240076,18.0,22.186068700001243,3.619548004243454,811.7579148571429,103.66563419277276,0.7329383570939001,0.09080015201738634,-0.21767489430930875,0.602470298620373,0.12411283407947632,-0.15700340989558514,3.322943191998529,-10.660410091334944,-18.21672394514969,-2.464029810514587,-4.010331789358927,-1.1987478743923052,-1.9303230607755566,39.91505481084496,4.9403711924207805,3.059732630240076,860.588419602075,2.494098925800582,11.0,0.8687208275264099,5.374101497120174,2,0.9542497586472484,2.0,False,False,False,7,False,30,1.0,True,GOOD,coverage and completeness requirements passed,,0.9542497586472484,True,GOOD,VV/VH and ROI coverage pass requirements
2019-05-01,0.7363219191696981,6.114049419964163,-6.392266886507744,-0.5212893191648862,14.915447916229656,20.205977908025798,25.60043434334573,70.53789602788514,71.2642195391216,-1.2385489658862352,25.384540108294896,31.0,32.21307178260595,3.1015551911886403,852.261534989444,116.41785265441348,0.5669148383063946,-0.03277948535023478,-0.16602351878750554,0.4250649458605821,-0.025820285961065614,-0.17740535275979097,2.95400744496699,-10.07392322346424,-17.585250665338013,0.586486867870704,0.6314732798116793,-0.27308987072928836,-0.5163360256295313,39.909458022553856,3.415858110555332,22.32480747805482,802.7643762008854,1.0902397442485297,11.0,0.998432084708628,6.043457952196802,3,0.9542497586472484,3.0,False,False,False,7,False,31,1.0,True,GOOD,coverage and completeness requirements passed,,0.9542497586472484,True,GOOD,VV/VH and ROI coverage pass requirements
2019-06-01,5.119317052064042,10.760449114590804,-1.7784260759883606,-0.433587296904995,14.92816433153213,33.15292214565224,68.26522267010354,184.0369417960665,182.483001531971,-1.3335979164702756,153.57951156192124,8.0,25.8362967105429,2.9409187151647656,709.4071610415201,107.36004058153677,0.5212789066915982,-0.05979425682411066,-0.0456359316147964,0.3850154041575199,-0.06196279878555844,-0.040049541703062186,2.638804577455646,-10.096695015370305,-18.550629916892056,-0.022771791906063,-0.9653792515540438,0.202923598666791,0.28859446786479026,39.90867031046065,4.382995132894344,128.19497145362635,864.8327213027236,1.9991940154456234,9.0,0.9699779111770932,4.482490303060131,2,0.9542497586472484,2.0,False,False,False,7,False,30,1.0,True,GOOD,coverage and completeness requirements passed,,0.9542497586472484,True,GOOD,VV/VH and ROI coverage pass requirements
2019-07-01,6.956162960733773,11.619842514263608,0.613506573241523,-0.2312884500832435,64.77568933109266,149.04262500684428,251.18003219069192,543.213070681189,552.6601013193081,0.9407427729397848,215.64105178274696,0.0,57.58071628010542,2.914433678619964,517.1132107621394,425.370270883131,0.5362093569075351,0.007700899159900132,0.014930450215936975,0.3724380855885397,-0.017078134853542704,-0.0125773185689802,1.4569723122073892,-9.977360356068806,-18.92629560467625,0.1193346593014972,-0.3756656877841919,0.019864682389075128,0.044651902430523194,39.909755562098,1.8368459086697317,62.06154022082572,1287.767914426623,0.9583890096124086,8.0,0.5206449710594069,1.5015143731184366,3,0.9542497586472484,3.0,False,False,False,7,False,31,1.0,True,GOOD,coverage and completeness requirements passed,,0.9542497586472484,True,GOOD,VV/VH and ROI coverage pass requirements
2019-08-01,7.4244801094571695,11.711177631031894,2.382193704023928,0.4667603850661631,19.592373856429457,48.23716507672884,117.3852393213826,566.3246456148864,355.03234808662285,-0.8849187880080054,230.15888339317223,0.0,10.798185994949542,2.900903502189904,555.1105088684026,311.3773255690901,0.585327302487959,0.11134340654711244,0.049117945580423816,0.4442163107931816,0.1001113362345446,0.07177822520464189,1.5159863452696554,-9.843973260423184,-18.69867596876461,0.1333870956456202,0.2276196359116369,-0.02114800744357659,0.12694411850965892,39.91729599888063,0.46831714872339614,14.517831610425276,1449.6350753492525,0.48097381072893697,11.0,0.4962737164377662,2.0303390762901694,2,0.9542497586472484,2.0,False,False,False,7,False,31,1.0,True,GOOD,coverage and completeness requirements passed,,0.9542497586472484,True,GOOD,VV/VH and ROI coverage pass requirements
2019-09-01,5.153962824370571,11.62722905673755,-3.086063869833336,0.1238252453114978,42.30908838314904,78.16006154527386,137.32815258916133,431.63171653430095,416.5308457247994,2.6148585241415256,154.6188847311171,4.0,99.7483917622762,2.941420022879617,445.5995085532636,337.848665097035,0.6285550667768143,0.17475119035771258,0.04322776428885533,0.5047214345336932,0.173745684491732,0.060505123740511646,2.637204083992395,-9.929094870033545,-18.676233866437183,-0.0851216096103595,0.0224421023274281,0.014160394267122456,-0.12424820524999092,39.912785107307634,-2.2705172850865987,-75.53999866205513,1648.720659771664,1.209889414929992,8.0,0.8039428469395509,1.7614056271019651,3,0.9542497586472484,3.0,False,False,False,7,False,30,1.0,True,GOOD,coverage and completeness requirements passed,,0.9542497586472484,True,GOOD,VV/VH and ROI coverage pass requirements
2019-10-01,0.6304234998528204,6.2889543097091565,-5.121097222689902,0.6208467044496299,5.030338842583402,24.070491117839044,85.63722805282535,398.9243856078413,36.31154270357321,-0.7485171612704818,24.389174937285244,31.0,16.60887084712578,2.9175899706780744,576.3385287562154,115.52800475124909,0.5077028222700956,0.020691141918510403,-0.12085224450671872,0.3834359557057971,0.03537129188174165,-0.12128547882789614,2.645473033122581,-8.850432473175777,-16.23381639572338,1.0786623968577675,2.442417470713803,0.09917734230016073,-0.004628311327209644,39.91048708897048,-4.523539324517751,-130.22970979383186,1437.7241035094876,2.3739869015473767,11.0,0.998432084708628,3.375268192507327,2,0.9542497586472484,2.0,False,False,False,7,False,31,1.0,True,GOOD,coverage and completeness requirements passed,,0.9542497586472484,True,GOOD,VV/VH and ROI coverage pass requirements
2019-11-01,-1.8378195211040576,6.16239540588682,-10.123319105326814,2.158104714782369,2.533777202734416,5.728570719683712,12.13069405155813,33.913969222828165,16.84112082180154,-0.7227405241574212,1.6130379454228598,26.0,9.475618018850652,2.9049091303019505,479.5590784912034,42.14150265886866,0.4660525988018228,-0.006654210191469612,-0.04165022346827274,0.3318826963698056,0.0037291161879365875,-0.051553259335991475,2.428447367367611,-7.658012539037729,-13.83973770881973,1.192419934138048,2.3940786869036508,0.16750113224549246,0.08282469738343146,39.91206059650872,-2.468243020956878,-22.776136991862383,1238.906608804866,1.2640228079037028,11.0,0.998432084708628,6.6630630259327335,3,0.9542497586472484,3.0,False,False,False,7,False,30,1.0,True,GOOD,coverage and completeness requirements passed,,0.9542497586472484,True,GOOD,VV/VH and ROI coverage pass requirements
2019-12-01,-9.196101678541964,0.8572168917995093,-22.07135079992562,-2.4573913476196108,31.53999896008636,41.48744863968706,47.50787827961253,57.59896287952099,52.6307842029825,0.6297871778752167,0.0,4.0,47.26442215960266,3.063818447219292,461.5180959704434,23.793054310726838,0.5419866505909645,0.0425596641920854,0.0759340517891417,0.4384757106987291,0.08372521203835681,0.10659301432892349,2.82411482772504,-7.115066133145707,-12.927628298531232,0.5429464058920228,0.9121094102884976,0.2322541497328814,0.1481114231313967,39.9084485683899,-7.358282157437907,-1.6130379454228598,1105.7014016871187,1.045940411273039,10.0,0.998432084708628,8.3303228138199,2,0.9542497586472484,2.0,False,False,False,7,False,31,1.0,True,GOOD,coverage and completeness requirements passed,,0.9542497586472484,True,GOOD,VV/VH and ROI coverage pass requirements
2020-01-01,-11.880870946903602,-2.6340036562678453,-22.33883852653313,-2.121060016128385,51.019591193767646,89.10077900289379,91.75618951553233,141.9842937535947,142.3713213740905,2.4505711466413773,0.0,0.0,129.3250465769528,3.584106438384717,472.4557074187192,14.460714354345615,0.9365403199676976,0.35576884471607617,0.3945536693767331,0.687109324671891,0.28159515030794896,0.24863361397316192,4.880004703988961,-7.117771279124693,-12.695325423697074,-0.0027051459789868,0.2323028748341578,0.11172216240487831,0.08703107619552597,39.91016345856151,-2.684769268361638,0.0,1082.2175128081415,1.8395357395120848,8.0,0.998432084708628,6.213885588633823,3,0.9542497586472484,3.0,False,False,False,7,False,31,1.0,True,GOOD,coverage and completeness requirements passed,,0.9542497586472484,True,GOOD,VV/VH and ROI coverage pass requirements
2020-02-01,-9.513404544451785,0.7668693064636845,-19.06043749063639,-0.2467849655764523,8.562021331788614,10.861592807321305,15.955854980340046,139.16556839734452,32.59177135936857,-0.9867608114984062,0.0,1.0,21.522202777409536,3.712979043947627,562.3365838479943,10.96763590286518,0.7589421982071657,0.08405917477270974,-0.1775981217605319,0.6045082710055404,0.11363909742074402,-0.08260105366635062,3.9545990902286334,-7.585698734655399,-13.398161994888136,-0.467927455530706,-0.702836571191062,0.08699707340531049,-0.03102008817942803,40.17904264880987,2.367466402451818,0.0,952.4766572462887,0.8291053390847473,11.0,0.998432084708628,6.20119120933585,2,0.9558469884996054,2.0,False,False,False,7,False,29,1.0,True,GOOD,coverage and completeness requirements passed,,0.9558469884996054,True,GOOD,VV/VH and ROI coverage pass requirements
2020-03-01,-7.539353099719434,1.9558769038158323,-18.193901673007534,-1.054036976478602,9.158328326514658,17.730068443158228,20.639802816734434,60.79152710227866,54.90078095349507,-0.3403609649846846,0.0,6.0,44.15391072798665,3.757871513167237,747.9968838443242,11.599961073150272,0.8450725801127332,0.1261003797718443,0.08613038190556754,0.6531599645372806,0.1078022075139734,0.04865169353174026,4.4033962854951785,-7.694427795651533,-13.480846773718818,-0.1087290609961337,-0.0826847788306821,0.7910404684593271,1.1769956516202775,40.18075288960231,1.9740514447323507,0.0,864.5059396128405,0.4862664628318513,11.0,0.998432084708628,5.165010286492074,3,0.9558469884996054,3.0,False,False,False,7,False,31,1.0,True,GOOD,coverage and completeness requirements passed,,0.9558469884996054,True,GOOD,VV/VH and ROI coverage pass requirements
2020-04-01,-4.133733026494204,2.46140998126253,-15.878323402914818,-1.19250033773335,12.19989703531926,20.73120405699825,42.46095431597986,92.386079641808,92.38607964180802,0.9809950357067436,0.0,14.0,51.74767090968479,3.551677508961559,785.031110981703,63.670429842183495,0.8647589746022597,0.22262076952574594,0.01968639448952647,0.6756518141323509,0.19729434959145414,0.022491849595070224,4.505975635967548,-10.277600070977329,-16.995092140770044,-2.583172275325793,-3.5142453670512257,-0.81593785403469,-0.7086912563959125,40.182857164999234,3.40562007322523,0.0,827.2161283127224,2.2470862047381437,10.0,0.998432084708628,4.404751997391835,3,0.9558469884996054,3.0,False,False,False,7,False,30,1.0,True,GOOD,coverage and completeness requirements passed,,0.9558469884996054,True,GOOD,VV/VH and ROI coverage pass requirements
2020-05-01,0.4289328300599448,6.612354239370543,-10.323536844273654,-0.8286784082746396,17.714572348156754,31.000869273929705,68.84129681515185,153.15492493237176,159.86140449536512,0.5147869460534905,34.285085393005374,27.0,81.91532966203039,3.3669375691337358,778.4828943736806,113.53771386433452,0.6888422286288433,0.08914790497221392,-0.17591674597341644,0.5742107992802501,0.1233255674586024,-0.10144101485210077,3.130263738092763,-10.067991351776415,-17.241979056745066,0.2096087192009097,-0.246886915975022,-0.26715799904146387,-0.17306441703658493,40.19828628935219,4.5626658565541485,34.285085393005374,862.9951135611792,0.9852899474839617,8.0,0.8707348653085883,3.2048161491164904,2,0.9558469884996054,2.0,False,False,False,7,False,31,1.0,True,GOOD,coverage and completeness requirements passed,,0.9558469884996054,True,GOOD,VV/VH and ROI coverage pass requirements
2020-06-01,4.907699159852935,9.35168680490366,-4.56693610259127,-0.6452051891161016,37.67268279214104,81.95882582179094,163.7571616228497,394.2883549515459,392.480467122429,1.611641930409406,147.23097479558805,5.0,82.7241376498524,3.1670745432017995,583.5090325784658,411.53981998552325,0.7397845168066933,0.1587113532909845,0.05094228817785007,0.5860901805193455,0.13911197757626714,0.011879381239095377,3.358298056143727,-10.628822887871255,-19.335288544967455,-0.5608315360948382,-2.093309488222392,-0.3292042738341596,-0.49606416021060795,40.19780615007264,4.4787663297929905,112.94588940258268,1126.0263136494314,1.9545696044911727,7.0,0.8698387839930063,2.378172717367473,3,0.9558469884996054,2.9998758145016367,False,False,False,7,False,30,1.0,True,GOOD,coverage and completeness requirements passed,,0.9558469884996054,True,GOOD,VV/VH and ROI coverage pass requirements
2020-07-01,6.993670582530836,11.313802662472948,3.025539267725904,-0.1937808282861814,49.61112000775598,102.17220457424898,173.81225830426095,559.1875904889124,566.8512471992802,1.1248654695670943,216.80378805845592,0.0,58.28721167088436,2.9288077389539136,485.7336538402533,503.666541096738,0.7206627424979735,0.19215428475033847,-0.019121774308719863,0.5429991977249452,0.1534829772828628,-0.04309098279440027,2.46484933938766,-10.207315781391966,-19.30265385767548,0.4215071064792894,0.0326346872919778,-0.21009074293408503,-0.3317063505687088,40.19703133638954,2.0859714226779005,69.57281326286787,1523.9736138012968,1.098857312943983,8.0,0.6553647465823207,2.0516165074295025,3,0.9564523630239372,2.998420119217083,False,False,False,7,False,31,1.0,True,GOOD,coverage and completeness requirements passed,,0.9564523630239372,True,GOOD,VV/VH and ROI coverage pass requirements
2020-08-01,7.911289881791797,12.480642906366167,1.9626935342766108,0.9535701574007904,31.66053052885093,79.27065686194075,171.08900793157423,582.5096428169188,479.3278741944487,1.025080800786773,245.2499863355457,0.0,10.08995255766034,2.900889392142772,525.3911425580577,453.8043867704904,0.4995893074896088,0.02560541154876228,-0.22107343500836468,0.3730682763827411,0.028963301824104115,-0.1699309213422041,2.384452222638296,-10.06189802607262,-19.14197367129489,0.1454177553193467,0.160680186380592,-0.23907277309301378,-0.316353584020618,40.18756613954344,0.9176192992609611,28.446198277089792,1774.705445925551,1.0914047869056678,10.0,0.9145348453843556,3.078591791904048,3,0.9558469884996054,3.0,False,False,False,7,False,31,1.0,True,GOOD,coverage and completeness requirements passed,,0.9558469884996054,True,GOOD,VV/VH and ROI coverage pass requirements
2020-09-01,6.126354786631802,10.853499336430616,-1.7861664054596558,1.096217207572728,45.56120190714381,108.74010834430835,140.3360470575303,474.6094516856833,304.8741783312059,1.0318233477937355,183.7906435989541,2.0,43.50360115317603,2.915065583609297,465.2285532976172,261.3126500486741,0.5107372837406542,0.0569334073215525,0.01114797625104541,0.3814469552155643,0.050471205173603095,0.008378678832823228,1.948301973843801,-9.790482274918649,-18.328620821948565,0.2714157511539703,0.8133528493463231,0.15277298938201866,0.22336483923862716,40.18488152589773,-1.7849350951599945,-61.45934273659162,1813.3738073679242,1.0021567844272146,10.0,0.7309429395968349,2.3483116994660094,2,0.9558469884996054,2.0,False,False,False,7,False,30,1.0,True,GOOD,coverage and completeness requirements passed,,0.9558469884996054,True,GOOD,VV/VH and ROI coverage pass requirements
2020-10-01,2.7312422784313357,9.09458740363234,-8.029925249329235,2.7216654830281444,3.4356003198208778,7.743010228292038,15.85625213535108,295.49751364918905,30.00004751511552,-0.8644008313572669,87.43696733439448,16.0,7.53412990949466,2.901667619597112,599.3462933603098,84.81699602126572,0.395553322603754,-0.09145835774783118,-0.11518396113690021,0.2520960452380574,-0.09596861858599803,-0.12935090997750692,2.061098741644525,-9.385994851025089,-16.677945579070276,0.4044874238935616,1.6506752428782896,-0.43638503554915076,-0.44875749467410486,40.18025717428617,-3.3951125082004667,-96.35367626455961,1571.367783777851,1.7248064097183398,12.0,0.998432084708628,7.534746996151444,3,0.9558469884996054,3.0,False,False,False,7,False,31,1.0,True,GOOD,coverage and completeness requirements passed,,0.9558469884996054,True,GOOD,VV/VH and ROI coverage pass requirements
2020-11-01,-4.079779763191516,5.100712148410033,-13.444239513979731,-0.0838555273050887,5.849509695333249,6.157309591718626,7.714223472745298,28.198630074152916,15.949272747939515,-0.7741941034823353,0.7055179473354614,17.0,13.39887285488412,2.910610351753399,512.4741931597466,35.13141033055496,0.432281707900897,-0.040425101092395443,0.03672838529714301,0.274069572948704,-0.05408400723316503,0.02197352771064659,2.252478321571376,-7.726618712007477,-13.632331330988835,1.6593761390176098,3.0456142480814403,0.09889495927574465,0.2902310752143258,40.18456390123374,-6.811022041622851,-86.73144938705902,1351.6118889591128,2.155131817653625,10.0,0.998432084708628,5.362864165201032,2,0.9558469884996054,2.0,False,False,False,7,False,30,1.0,True,GOOD,coverage and completeness requirements passed,,0.9558469884996054,True,GOOD,VV/VH and ROI coverage pass requirements
2020-12-01,-5.7159270486347005,2.3094383749804366,-16.968338720333715,1.0227832822876526,5.296885415579539,7.441814295040414,8.385165364133332,21.47976027077913,13.480852362516982,-0.7664284832232452,0.0,11.0,10.593261046729651,2.91052677417537,479.51391780436313,21.889824134459552,0.3874803839469315,-0.1119466024519476,-0.044801323953965466,0.2402801323164143,-0.11447036634395799,-0.0337894406322897,2.0190333037980617,-7.289176927622976,-12.896622287544853,0.4374417843845011,0.7357090434439826,0.05814335525561187,0.17911743411777614,40.17765023828975,-1.6361472854431849,-0.7055179473354614,1162.3509579777628,0.4446127018504614,11.0,0.998432084708628,10.743919318605434,3,0.9558469884996054,3.0,False,False,False,7,False,31,1.0,True,GOOD,coverage and completeness requirements passed,,0.9558469884996054,True,GOOD,VV/VH and ROI coverage pass requirements
2021-01-01,-5.521887053869484,3.5105313574236154,-17.251844868133112,4.237923876905733,4.067626583859784,10.356868792912456,11.090172260774112,23.162952340111595,23.16406697003897,-0.753092681596602,0.0,13.0,19.15326625643525,2.918956261630547,501.3283966009852,15.394424664395364,0.41941250840791,-0.16135896684371143,0.031932124460978484,0.2907079649628102,-0.11480620940113184,0.050427832646395915,2.1854211402377257,-7.332730077559926,-13.06340803166313,-0.0435531499369501,-0.1667857441182771,-0.10323663603035449,-0.28105153177052955,40.179197627834085,0.19403999476521605,0.0,1011.1623812511374,0.31569647771123793,11.0,0.998432084708628,9.752070574291904,3,0.9558469884996054,3.0,False,False,False,7,False,31,1.0,True,GOOD,coverage and completeness requirements passed,,0.9558469884996054,True,GOOD,VV/VH and ROI coverage pass requirements
2021-02-01,-8.059790495318344,1.4942096664568532,-18.39088554194406,1.2338607215555846,14.749687553474455,16.063841175478835,19.5076422479686,40.423661379077096,40.20997973009523,-0.7693636378616173,0.0,7.0,27.72997235020729,2.955310596928696,556.6912928712175,17.389573130617674,0.5168793542537029,-0.15800366918075304,0.0974668458457929,0.3568293316027331,-0.13403984198206326,0.06612136663992291,2.6932889341484474,-7.841795557950615,-13.795493290073289,-0.5090654803906887,-0.7320852584101587,-0.16909974988990584,-0.42835138336458023,40.1796252596839,-2.5379034414488597,0.0,899.6980037935621,0.7301335223840886,10.0,0.998432084708628,5.523822469439721,2,0.9558469884996054,2.0,False,False,False,7,False,28,1.0,True,GOOD,coverage and completeness requirements passed,,0.9558469884996054,True,GOOD,VV/VH and ROI coverage pass requirements
2021-03-01,-4.826938850270778,2.3428784783166936,-13.92548860983474,1.658377272970054,12.233960760712602,34.19358698224427,37.6476196246311,73.64871442198809,75.60997285737,0.3848721169707546,0.0,11.0,55.32135412144167,2.9307219284263257,724.3857344877694,15.67353883903686,0.4820956611360099,-0.23687653920487906,-0.034783693117693026,0.3117878583639601,-0.23356989865934713,-0.045041473238773,2.5120425078949524,-8.297250136559343,-14.749729260401228,-0.4554545786087285,-0.9542359703279396,0.1882181275515169,-0.09188683506213202,40.17877747021568,3.2328516450475657,0.0,840.3532760818978,0.595445416037274,12.0,0.998432084708628,5.908832909165792,2,0.9558469884996054,2.0,False,False,False,7,False,31,1.0,True,GOOD,coverage and completeness requirements passed,,0.9558469884996054,True,GOOD,VV/VH and ROI coverage pass requirements
2021-04-01,-4.147662381911816,2.7386670858234416,-15.621260924476855,-1.2064296931509622,15.382807672988523,27.35015643229753,43.92214749846725,92.56971065020574,65.62662179366474,-0.0981341006683835,0.0,22.0,49.77844353767871,3.0068529084137245,819.2696388339198,18.52419567645057,0.7398117345347193,0.09767352945820551,0.2577160733987094,0.5550384303929549,0.07668096585205814,0.24325057202899475,3.854916513066074,-9.262735923989732,-15.95381512520636,-0.9654857874303886,-1.2040858648051316,0.19892629295290654,0.3325857591677721,40.19539884359367,0.679276468358962,0.0,779.9269064632779,1.6519690263514257,11.0,0.998432084708628,4.474957999355879,3,0.9558469884996054,3.0,False,False,False,7,False,30,1.0,True,GOOD,coverage and completeness requirements passed,,0.9558469884996054,True,GOOD,VV/VH and ROI coverage pass requirements
2021-05-01,1.5357264168892175,6.730196170686104,-6.848233462822911,0.2781151785546333,60.19759255760913,110.54722700881308,134.30111479386946,262.8513790646572,265.4614723002912,2.604609453135292,58.85420418680528,20.0,140.43855037275418,3.030617808831637,692.3946383525687,100.51185783473308,0.675027582013521,0.07533325835689164,-0.06478415252119829,0.557005416482767,0.10612018466111933,0.0019669860898121616,3.348001530553008,-9.136522818711104,-16.18523847053794,0.1262131052786284,-0.2314233453315797,0.6643105340238478,0.8836761691705419,40.196749340385374,5.683388798801034,58.85420418680528,928.3993427940773,1.0657324083619817,5.0,0.9503616361378996,2.236068555936024,3,0.9558469884996054,3.0,False,False,False,7,False,31,1.0,True,GOOD,coverage and completeness requirements passed,,0.9558469884996054,True,GOOD,VV/VH and ROI coverage pass requirements
2021-06-01,5.5744204045050685,11.155551473898107,-2.368718408615444,0.0215160555360328,36.23035145542307,78.03695425730709,145.54347967366326,390.7279290684224,359.95558236115096,1.1554764888659128,167.23261213515207,8.0,38.53590597374329,2.9279997168587264,595.343887179451,247.15355974553256,0.7029693542468766,0.12189619073116775,0.02794177223335559,0.5703008176575164,0.12332261471443806,0.013295401174749366,2.9945670845042502,-10.309469471673635,-18.99519098544899,-1.1729466529625334,-2.80995251491105,-0.0098508576365397,-0.15596660069214252,40.186673166488816,4.038693987615851,108.37840794834679,1149.0950237361167,2.12467980964994,11.0,0.8162485476391841,2.7337744680466,2,0.9558469884996054,2.0,False,False,False,7,False,30,1.0,True,GOOD,coverage and completeness requirements passed,,0.9558469884996054,True,GOOD,VV/VH and ROI coverage pass requirements
2021-07-01,7.319666086877736,12.163929547733384,1.095878333696446,0.1322146760607185,85.95782063801805,154.08643377249052,205.1749371467219,594.0022610587345,575.2767061171627,1.2341813929889298,226.90964869320985,0.0,54.75130400579111,2.9153486822232977,478.3816090239269,519.0029502659512,0.8128827645752196,0.2843743068275846,0.10991341032834301,0.6336212795080354,0.24410505906595298,0.06332046185051898,2.2195410150961474,-10.100607108106232,-19.2439398069481,0.2088623635674036,-0.2487488214991096,-0.10338206964835095,-0.2729922998413272,40.19501509131957,1.7452456823726674,59.67703655805778,1552.0074762928618,1.0642719254229889,7.0,0.5231907135696326,1.6123709365168992,3,0.9558469884996054,3.0,False,False,False,7,False,31,1.0,True,GOOD,coverage and completeness requirements passed,,0.9558469884996054,True,GOOD,VV/VH and ROI coverage pass requirements
2021-08-01,7.29763928085096,11.649796193691332,3.822523602694401,0.3399195564599523,55.09288465627246,102.95737114111986,152.8534847885131,530.3730418106564,519.2360056521662,1.6383330799370617,226.22681770637973,0.0,24.78439100139121,2.903768105475253,429.0865833082337,465.98494727161886,0.6400606260787736,0.16607673013792706,-0.172822138496446,0.4956346055064474,0.1515296309478104,-0.13798667400158798,1.9059769667625277,-9.65639579359693,-18.780176053324304,0.4442113145093032,0.4637637536237946,0.16642945938267673,0.04544403394996621,40.19474084345902,-0.022026806026776313,-0.6828309868301119,1838.4423605010988,0.8452247666199167,10.0,0.5705862520978785,1.8278954645877077,2,0.9558469884996054,2.0,False,False,False,7,False,31,1.0,True,GOOD,coverage and completeness requirements passed,,0.9558469884996054,True,GOOD,VV/VH and ROI coverage pass requirements
2021-09-01,5.344396614139159,10.52664827350831,-1.805245475581104,0.314259035080085,27.52564173821317,56.676425510370855,126.71598521838224,501.5504471399012,308.9041649729073,1.0889593053943394,160.33189842417477,3.0,73.05771974161173,2.919990471185107,507.015447729324,283.4598758611186,0.5162948982012616,0.06249102178215993,-0.12376572787751194,0.3874625220927784,0.0564867720508172,-0.10817208341366896,2.392731573919914,-10.19608044595994,-18.820336113921897,-0.5396846523630092,-0.0401600605975929,-0.25282518165927215,-0.2683504527347047,40.182395585580814,-1.9532426667118008,-65.89491928220497,1871.5801713988412,1.2216713883985784,11.0,0.8880162524814017,2.837514154233318,3,0.9558469884996054,3.0,False,False,False,7,False,30,1.0,True,GOOD,coverage and completeness requirements passed,,0.9558469884996054,True,GOOD,VV/VH and ROI coverage pass requirements
2021-10-01,1.862294967392868,8.496157647924157,-9.435907538653572,1.8527181719896773,58.17702818633788,113.41342394567158,123.755569878535,309.6891818953051,176.92860023234832,1.833314911269056,82.47362653717583,14.0,84.80506613037898,2.991861185704555,518.1740892708916,139.54740263034054,0.506560074022086,0.019548393670500874,-0.009734824179175594,0.3770642361452901,0.02899957232123468,-0.010398285947488317,2.6395185464797057,-9.603168279678552,-17.488235276445106,0.592912166281387,1.3321008374767906,-0.6535584642026144,-1.2590471920489357,40.1814866454586,-3.482101646746291,-77.85827188699893,1767.7717459213634,1.3611063193462196,10.0,0.998432084708628,5.2355346452804685,2,0.9558469884996054,2.0,False,False,False,7,False,31,1.0,True,GOOD,coverage and completeness requirements passed,,0.9558469884996054,True,GOOD,VV/VH and ROI coverage pass requirements
2021-11-01,-3.1268111415441937,4.1415238038827695,-12.693219532117617,0.8691130943422339,3.498539628463171,7.058293391779503,14.51147552357849,163.2637937312682,23.89592916353408,-0.3157259761957918,0.3498422287563803,18.0,11.61109798972578,2.993831667033956,483.50203571850807,61.915953653451005,0.505726308977756,0.03301949998446352,-0.0008337650443300815,0.3604538383199434,0.032300258138074356,-0.016610397825346734,2.635174070057705,-7.633465875365458,-13.746624124738652,1.9697024043130948,3.7416111517064543,0.19204779591776422,0.17593828146450896,40.18452084847578,-4.989106108937062,-82.12378430841945,1526.5019131966928,2.3141063995751074,12.0,0.998432084708628,9.903917796833364,3,0.9558469884996054,3.0,False,False,False,7,False,30,1.0,True,GOOD,coverage and completeness requirements passed,,0.9558469884996054,True,GOOD,VV/VH and ROI coverage pass requirements
2021-12-01,-8.81089458854829,3.572879440661996,-18.207172459837903,-2.0721842576259366,32.39658503083786,48.9975601390543,55.179279767633744,80.4936619603658,80.53372725241452,1.624898133243159,1.0330977829806518,4.0,70.602109752737,3.058729594593069,465.7616119943702,38.93524662111109,0.8301781796399091,0.33075119324103003,0.3244518706621532,0.6679445209683295,0.3131940223079572,0.3074906826483861,4.325786445512012,-7.391213964450302,-13.279257915529024,0.2422519109151553,0.4673662092096275,-0.04389368157171436,-0.2035181938663957,40.1806491292606,-5.684083447004097,0.6832555542242715,1378.0603534696033,1.8877475933496548,12.0,0.998432084708628,7.924746787436168,2,0.9558469884996054,2.0,False,False,False,7,False,31,1.0,True,GOOD,coverage and completeness requirements passed,,0.9558469884996054,True,GOOD,VV/VH and ROI coverage pass requirements
2022-01-01,-11.97506978467517,-4.75786742949299,-20.10266134113092,-2.215258853899954,4.790898932344997,10.68253461657414,51.220612506504,88.57830965200186,47.5920677888356,-0.0965965395573918,0.0,0.0,38.69837359574419,3.4282508708020365,507.60711629134414,22.9439484551916,0.9788880045986688,0.39811652934704733,0.14870982495875962,0.7310369808457888,0.3255228064818468,0.06309245987745937,5.1006646113054,-7.176469071346636,-12.53444822436142,0.2147448931036661,0.7448096911676032,0.0530243701829356,0.24790827553118078,40.179058368914944,-3.1641751961268803,-1.0330977829806518,1218.9433682379984,0.7851217585933405,12.0,0.998432084708628,3.4757955023710263,3,0.9558469884996054,3.0,False,False,False,7,False,31,1.0,True,GOOD,coverage and completeness requirements passed,,0.9558469884996054,True,GOOD,VV/VH and ROI coverage pass requirements
2022-02-01,-11.306039826172688,-4.840351680833444,-19.084671067755277,-2.0123886092987577,33.61329069067646,55.42659405174482,66.23208715980074,105.52646732787277,87.00564056610672,0.5660217846881087,0.0,0.0,77.64080271287378,3.8338864745357424,543.953723851513,14.67328226583093,0.9498799411028936,0.2749969176684377,-0.029008063495775116,0.7274028804641094,0.23653370687931302,-0.0036341003816794393,4.949513098343442,-7.242080600559891,-12.8782940896481,-0.065611529213255,-0.3438458652866796,0.43061520750081783,0.4888478170606074,40.1826477215616,0.6690299585024828,0.0,1123.1075035684053,0.17157976104241543,10.0,0.998432084708628,9.78306716853441,2,0.9558469884996054,2.0,False,False,False,7,False,28,1.0,True,GOOD,coverage and completeness requirements passed,,0.9558469884996054,True,GOOD,VV/VH and ROI coverage pass requirements
2022-03-01,-3.673228648709196,5.126733419913649,-15.96565914919137,2.812087474531636,4.2013823147142215,6.23075065899209,8.326190428322178,92.01385696369093,17.422420377128123,-1.6528480515691717,2.917263958953674,18.0,6.36370687035714,3.479447559643817,779.5064603804017,78.61736005488036,0.7064172300077349,-0.012554970333154003,-0.2434627110951587,0.5563882605383891,0.011030503515081835,-0.1710146199257203,3.680908693322996,-9.693102334639976,-16.342585952941892,-2.4510217340800846,-3.464291863293792,-1.2076340705291155,-1.6847435276027962,40.17847407375042,7.632811177463491,2.917263958953674,972.0637984102725,2.4939229609632085,13.0,0.998432084708628,11.371610919876838,3,0.9558469884996054,3.0,False,False,False,7,False,31,1.0,True,GOOD,coverage and completeness requirements passed,,0.9558469884996054,True,GOOD,VV/VH and ROI coverage pass requirements
2022-04-01,-0.0450018845988281,6.941349140680002,-8.687404317406155,2.896230804162025,8.464294436023062,14.180141747427983,21.036408434281824,76.84290835649294,76.84290835649296,0.3541852886319713,13.434155522292382,30.0,41.4042583955773,2.977322194648783,764.4444440570021,75.45833343103854,0.5026158268708951,-0.13952237820561864,-0.2038014031368398,0.3456206576985171,-0.13273680684237965,-0.210767602839872,2.6189663671008505,-9.992095344932192,-17.263338563951553,-0.2989930102922162,-0.9207526110096608,-0.5304331279895536,-0.9769376795774214,40.18977039648404,3.628226764110368,10.516891563338708,903.0971370052246,1.2047042708369935,11.0,0.998432084708628,8.110950655748995,2,0.9558469884996054,2.0,False,False,False,7,False,30,1.0,True,GOOD,coverage and completeness requirements passed,,0.9558469884996054,True,GOOD,VV/VH and ROI coverage pass requirements
2022-05-01,2.1963688361756204,8.701266537477757,-5.903371354813791,0.938757597841036,17.678078348345267,39.43348959081765,83.50156552372846,213.1792180623744,216.34922476505645,1.6326793928051746,68.89256540916416,27.0,106.60424865624964,2.9652965951766723,764.754245877551,102.9172794215701,0.5925090313991046,-0.0071852922575247336,0.08989320452820948,0.4175853120974768,-0.0332999197241709,0.07196465439895972,2.5194075302043832,-9.76331113797859,-17.071794637448605,0.2287842069536019,0.1915439265029483,0.037522214756361194,-0.0028799977401234855,40.19435087738115,2.2413707207744484,55.45840988687178,983.9817912194973,1.006548401146228,10.0,0.8147572167751164,2.706028880141772,3,0.9558469884996054,3.0,False,False,False,7,False,31,1.0,True,GOOD,coverage and completeness requirements passed,,0.9558469884996054,True,GOOD,VV/VH and ROI coverage pass requirements
2022-06-01,6.025153404833616,11.33596493145853,1.0998233266316586,0.4722490558645794,50.03214680665802,111.8880198317336,180.82769852720227,401.2983041404013,401.2983041404013,1.7353131608006875,180.75460214500848,0.0,71.95261548051086,2.924178615888929,605.6456862920478,298.281223509909,0.516509233773423,-0.06456392974228586,-0.07599979762568165,0.3817026031453985,-0.06527559979767983,-0.03588270895207829,2.6913603576138345,-10.59178908191611,-19.4038089796918,-0.8284779439375196,-2.332014342243191,-0.29217046787901424,-0.5645845949349528,40.18583967697761,3.8287845686579955,111.86203673584431,1237.682826676974,2.011202824042318,10.0,0.998432084708628,2.080686414300849,2,0.9558469884996054,2.0,False,False,False,7,False,30,1.0,True,GOOD,coverage and completeness requirements passed,,0.9558469884996054,True,GOOD,VV/VH and ROI coverage pass requirements
2022-07-01,7.686537083261552,13.084435927775631,4.400524395507149,0.4990856724445344,29.662109748789064,67.65497142169778,141.74505828217306,463.861515796126,442.0723029713868,-0.4940760794710508,238.2826495811081,0.0,17.912235331212358,2.9024601372209498,545.558325062632,383.98545028289215,0.4292017899538048,-0.09930666779383018,-0.08730744381961814,0.3189007867813822,-0.07061543366070022,-0.06280181636401633,2.224474730296889,-10.035370791309598,-19.029812020026505,0.556418290606512,0.3739969596652912,-0.03814575285171706,-0.05886451291973316,40.18266787193823,1.6613836784279359,57.52804743609963,1494.1027056468147,1.0159602343470124,8.0,0.993094826610862,3.916429404894618,3,0.9558469884996054,3.0,False,False,False,7,False,31,1.0,True,GOOD,coverage and completeness requirements passed,,0.9558469884996054,True,GOOD,VV/VH and ROI coverage pass requirements
2022-08-01,7.625228725764548,12.363169108101571,1.8761205126918992,0.6675090013735415,25.82217327290406,54.596953887403245,115.99783921005748,470.5275485950899,385.43611567381856,-0.4177162634458637,236.382090498701,0.0,6.646634633983843,2.9006228290544094,521.8040966896551,345.2175070101069,0.380975910653944,-0.09300798528690252,-0.04822587929986083,0.2859707873916237,-0.058134187167013296,-0.03292999938975849,1.980742114463296,-9.832851660418251,-18.79591014314436,0.2025191308913463,0.2339018768821468,-0.010026407438644469,0.029709944129908905,40.18973019016174,-0.06130835749700392,-1.9005590824071135,1655.423415473611,0.21688244635858578,11.0,0.9962198414209223,3.275307512560649,3,0.9558469884996054,3.0,False,False,False,7,False,31,1.0,True,GOOD,coverage and completeness requirements passed,,0.9558469884996054,True,GOOD,VV/VH and ROI coverage pass requirements
2022-09-01,5.402835509323893,10.078242577506511,-0.1637557070662763,0.3726979302648189,24.936305308397724,52.98659429086936,108.9973147726462,382.02033476053,252.931049267801,0.2953890407667547,162.0850652797168,1.0,35.32506155412458,2.905918073076258,489.25865278914495,237.40986312551453,0.447271350567768,-0.0065325258513336815,0.06629543991382403,0.2965081849014486,-0.034467565140512635,0.010537397509824908,1.155213557309139,-9.775216808584137,-18.34692040132621,0.0576348518341145,0.4489897418181456,0.16803845571653042,0.20506525986098367,40.20177608031501,-2.222393216440655,-74.2970252189842,1660.0409524203703,1.1816585389354335,8.0,0.4948983018123054,1.081250952755074,2,0.9558469884996054,2.0,False,False,False,7,False,30,1.0,True,GOOD,coverage and completeness requirements passed,,0.9558469884996054,True,GOOD,VV/VH and ROI coverage pass requirements
2022-10-01,-0.5684206815319311,8.552739020286547,-13.294098130185173,-0.5779974769351215,32.472053015387715,80.26901283841835,101.57824280678862,269.5547968709245,128.3600117136936,0.9415600860781084,36.914577604397465,20.0,74.1787915118694,2.9647700268396,567.5748790787903,120.57075565084448,0.5867776801247454,0.09976599977316025,0.1395063295569774,0.4553939620692676,0.10732929824521215,0.158885777167819,3.057506204648244,-8.93330871320643,-16.23644811798358,0.8419080953777076,2.110472283342631,0.01630110226950876,-0.007260033587410675,40.19060032666457,-5.971256190855824,-125.17048767531932,1539.3948212710084,2.35135321147308,11.0,0.998432084708628,8.11735900689579,2,0.9558469884996054,2.0,False,False,False,7,False,31,1.0,True,GOOD,coverage and completeness requirements passed,,0.9558469884996054,True,GOOD,VV/VH and ROI coverage pass requirements
2022-11-01,-2.8472946470342277,4.188899326525824,-11.844459790331111,1.1486295888521998,2.241685048351994,4.794153634310024,6.813136884950366,124.82429577689533,14.523283926624073,-0.8564639777853283,0.0,23.0,8.553553476174645,2.904881336851372,505.1595079239973,48.56933838963761,0.518494640967652,0.04578783197435954,-0.06828303915709344,0.3785142909665695,0.0503607107847005,-0.07687967110269806,2.701705663886933,-7.45171852292548,-13.405751651026836,1.481590190280949,2.8306964669567467,0.3737951483577415,0.5168107551763246,40.18708333688237,-2.2788739655022967,-36.914577604397465,1323.0088820069811,1.583769677066954,11.0,0.998432084708628,11.0,2,0.9558469884996054,2.0,False,False,False,7,False,30,1.0,True,GOOD,coverage and completeness requirements passed,,0.9558469884996054,True,GOOD,VV/VH and ROI coverage pass requirements
2022-12-01,-4.351483477223924,3.359629702584856,-13.973685578273075,2.387226853698429,3.634436588886365,5.545401760717065,6.6248486240468685,14.120412927535178,13.68893225005224,-0.7590076683181207,0.0,20.0,7.726910185228764,2.9030464604599224,464.25631140464463,28.43390825420178,0.4795979023826591,-0.019829084016220022,-0.038896738584992874,0.3377835828111006,-0.01696691584927168,-0.04073070815546892,2.499027505544384,-7.045210856847816,-12.622370674818509,0.4065076660776645,0.7833809762083259,0.3021094260307722,0.45336904684412005,40.18126806696533,-1.5041888301896966,0.0,1138.2464819559862,0.4384636487081679,12.0,0.998432084708628,11.079415893165256,3,0.9558469884996054,3.0,False,False,False,7,False,31,1.0,True,GOOD,coverage and completeness requirements passed,,0.9558469884996054,True,GOOD,VV/VH and ROI coverage pass requirements
2023-01-01,-7.238020147139263,1.1888297062873396,-16.74187776483672,2.521790783635954,2.310562981867399,6.792717040319008,8.422436260931791,19.05832364318457,13.863356977529136,-1.003046833538907,0.0,3.0,12.335077046110628,2.9167748389222035,520.046566632653,18.639474724439733,0.4701752852264242,-0.11059619002519722,-0.00942261715623488,0.3123112665289635,-0.09320290783497853,-0.025472316282137086,2.44992933532583,-6.731748027589583,-12.144505078461354,0.3134628292582331,0.4778655963571552,0.49774541393998906,0.6378514214312467,40.188238956626186,-2.8865366699153387,0.0,981.3728666401174,0.38688703936158486,12.0,0.998432084708628,8.214463386455332,2,0.9558469884996054,2.0,False,False,False,7,False,31,1.0,True,GOOD,coverage and completeness requirements passed,,0.9558469884996054,True,GOOD,VV/VH and ROI coverage pass requirements
2023-02-01,-6.023362710243321,3.737793710750252,-14.80637116831509,3.270288506630609,6.262903459619112,12.688496778603202,17.841814611773618,40.953843128673554,39.67169308133784,-0.7847244668586211,0.0,9.0,30.929764508571868,2.929786608752136,546.1643423814215,15.353361450078031,0.4806003424969984,-0.19428268093745754,0.01042505727057419,0.3214228594123951,-0.16944631417240125,0.009111592883431607,2.504250892481544,-7.623398889639996,-13.374279327400028,-0.8916508620504136,-1.229774248938675,0.04929691842071282,-0.007137420691320173,40.18126902734885,1.2146574368959424,0.0,873.8386297254376,0.7992194782595439,11.0,0.998432084708628,10.7310550609356,2,0.9558469884996054,2.0,False,False,False,7,False,28,1.0,True,GOOD,coverage and completeness requirements passed,,0.9558469884996054,True,GOOD,VV/VH and ROI coverage pass requirements
2023-03-01,-6.882451464168546,-0.2057592608071084,-19.155309816987288,-0.3971353409277139,12.40101377977608,23.20429954573888,34.08797379431767,74.61781614263344,72.35833036496352,0.27100003943479,0.0,0.0,52.964186143158905,2.960976912159078,713.7191982063165,19.97609478981876,0.6597592464457559,-0.059212953895133036,0.1791589039487575,0.4945027545476775,-0.05085500247562974,0.17307989513528238,3.4377892307578914,-8.123755902422259,-14.350515972073222,-0.5003570127822625,-0.9762366446731932,0.36171236168860155,0.3073264532658744,40.18584895457859,-0.8590887539252252,0.0,815.1211656315855,1.1502137867841062,12.0,0.998432084708628,7.455078795295481,2,0.9558469884996054,2.0,False,False,False,7,False,31,1.0,True,GOOD,coverage and completeness requirements passed,,0.9558469884996054,True,GOOD,VV/VH and ROI coverage pass requirements
2023-04-01,-3.909313579943787,4.106459901233887,-18.588649896330413,-0.9680808911829332,13.082361210792982,18.971018939335988,28.17327330365997,85.36256351132405,59.30035418300163,-0.3532536080184363,0.0,19.0,40.32002910014759,2.960850730237992,794.9722214405349,21.591340343059574,0.752675095283443,0.11053689020692925,0.09291584883768711,0.5802235815025831,0.1018661169616864,0.08572082695490563,3.92194327061672,-8.836771028591544,-15.30617698175244,-0.7130151261692852,-0.9556610096792184,0.6248911883510946,0.9802239026216917,40.18453870874407,2.973137884224759,0.0,752.1533449698494,0.8829778649188711,10.0,0.998432084708628,7.03420209079853,3,0.9558469884996054,3.0,False,False,False,7,False,30,1.0,True,GOOD,coverage and completeness requirements passed,,0.9558469884996054,True,GOOD,VV/VH and ROI coverage pass requirements
2023-05-01,-0.6772760586151204,6.6747682543223945,-10.80992558027637,-1.9348872969497048,16.411901915014674,36.61423422512964,62.7583007665569,139.6668270001358,125.12318010597954,-0.1726815820832825,13.322457116807575,30.0,79.96560277300641,3.00241059516479,839.2453338458831,41.019701280281794,0.7049032201551853,0.10520889649855591,-0.04777187512825776,0.5288714765932616,0.07798624477161392,-0.051352104909321517,3.673019684120933,-9.906375945514412,-16.69043297619234,-1.0696049169228683,-1.3842559944399009,-0.10554259277946088,0.37848166351614054,40.19173923783479,3.2320375213286665,13.322457116807575,764.4535233303516,1.0098661543615095,11.0,0.998432084708628,5.841301632919501,2,0.9558469884996054,2.0,False,False,False,7,False,31,1.0,True,GOOD,coverage and completeness requirements passed,,0.9558469884996054,True,GOOD,VV/VH and ROI coverage pass requirements
2023-06-01,5.079169015558551,12.375102678442596,-5.159192083521155,-0.4737353334104845,42.59498932287297,87.74775570543504,133.0451709446121,311.219672811888,311.219672811888,0.4719494645048367,152.37507046675654,7.0,50.14688112130054,2.9229622786221614,679.6110485010556,144.9946785721873,0.5697962412871165,-0.011276922228592334,-0.13510697886806877,0.4438602491250209,-0.0031179538180574062,-0.08501122746824069,2.969021491666545,-10.083004538926422,-18.52297468734195,-0.1766285934120102,-1.8325417111496092,0.2166140751106731,0.3162496974148965,40.18415017185056,5.756445074173672,139.05261334994896,961.0051676426868,2.3158262361493342,11.0,0.998432084708628,5.204470416725114,3,0.9558469884996054,2.9998758145016367,False,False,False,7,False,30,1.0,True,GOOD,coverage and completeness requirements passed,,0.9558469884996054,True,GOOD,VV/VH and ROI coverage pass requirements
2023-07-01,7.6987055798716915,12.444619074478547,4.788737046458558,0.5112541690546736,30.885114366011614,64.35450355305663,131.12694370339744,442.09664416261313,435.7593839670994,-0.575982902252684,238.65987297602243,0.0,8.169084017274457,2.9007575042376605,530.6743594320901,336.8712518728593,0.4856913184009538,-0.04281713934668119,-0.08410492288616267,0.3623864415472999,-0.02712977889478252,-0.08147380757772105,2.235681592998904,-10.225302450738452,-18.924373684440752,-0.1422979118120295,-0.4013989970988021,-0.22807741228057132,0.04657382266601928,40.19054247229318,2.6195365643131403,86.28480250926589,1252.6137764633831,1.3828320832487362,7.0,0.882011764518188,2.592746103142606,2,0.9558469884996054,2.0,False,False,False,7,False,31,1.0,True,GOOD,coverage and completeness requirements passed,,0.9558469884996054,True,GOOD,VV/VH and ROI coverage pass requirements
2023-08-01,7.683565005810295,12.229217417621028,2.7555325899386114,0.7258452814192884,30.59525016026313,80.00363763376114,148.20247674176895,494.4469113266192,441.6176570897904,0.4456029915792515,238.19051518011915,0.0,15.01921900101714,2.901963528775448,475.92143406122455,412.9275335634703,0.3396737352278782,-0.1343101607129683,-0.14601758317307562,0.2264219831295505,-0.11768299142908648,-0.13596445841774937,1.7506896027703964,-9.851927589665854,-19.038211296510944,0.3733748610725982,-0.113837612070192,-0.029102336686246844,-0.21259120923667396,40.19269688220588,-0.01514057406139635,-0.469357795903278,1506.339367083666,0.7384353442556552,4.0,0.9875792420699148,1.2506928574252203,3,0.9558469884996054,3.0,False,False,False,7,False,31,1.0,True,GOOD,coverage and completeness requirements passed,,0.9558469884996054,True,GOOD,VV/VH and ROI coverage pass requirements
2023-09-01,6.141489134969069,11.70339036548249,1.1298140040591829,1.1113515559099951,17.289120330073057,37.9128559563541,74.29015851170406,426.9217699403512,201.60475035575013,-0.4323000309758589,184.24467404907207,0.0,13.760317702902864,2.90201590354061,548.0696390463143,169.39758622650527,0.3630056337996604,-0.0907982426194413,0.023331898571782195,0.2422089675383273,-0.08876678250363393,0.015786984408776794,1.876163043918864,-9.890792171824796,-18.566468594167567,-0.0388645821589417,0.4717427023433771,0.052463092475871775,-0.01448293298037484,40.18521071617478,-1.5420758708412263,-53.945841131047075,1481.9932123768663,0.859259088574091,10.0,0.9903346608160538,3.448334818715057,3,0.9558469884996054,3.0,False,False,False,7,False,30,1.0,True,GOOD,coverage and completeness requirements passed,,0.9558469884996054,True,GOOD,VV/VH and ROI coverage pass requirements
2023-10-01,-0.1401734670551476,8.513887920554156,-9.653804463890532,-0.149750262458338,21.890445143760385,51.92478519639434,66.5778328981448,245.13368522481736,96.96095919988696,0.3650505057172047,36.74130381379055,27.0,38.91330758433456,2.913091903245108,546.6466359066156,99.399580885666,0.5235417311724517,0.03653005082086658,0.16053609737279134,0.3598050139923368,0.011740350168281344,0.11759604645400948,2.728004397017535,-8.856516749917981,-16.043170151417474,1.0342754219068144,2.523298442750093,0.09309306555795693,0.18601793297869662,40.20070776334039,-6.281662602024216,-147.50337023528152,1356.6551897202232,2.6862082410977983,11.0,0.998432084708628,7.052793336752034,2,0.9558469884996054,1.999875814501637,False,False,False,7,False,31,1.0,True,GOOD,coverage and completeness requirements passed,,0.9558469884996054,True,GOOD,VV/VH and ROI coverage pass requirements
2023-11-01,-3.5604045527135284,3.195952038694507,-11.920886844685992,0.4355196831728989,3.723536399179269,5.933717050025788,10.485771352946122,68.80297066821156,23.7109023692205,-0.326400766126348,0.0,22.0,14.997281759379616,2.9086924070375724,498.57465668613656,42.40423601899325,0.4783424613082941,0.005635652315001682,-0.04519926986415762,0.310521032390959,-0.017632547790910003,-0.04928398160137776,2.492485813512701,-7.829255469493112,-13.978733628883704,1.0272612804248693,2.0644365225337697,-0.003741798209889957,-0.05617122268054331,40.18697889603922,-3.4202310856583806,-36.74130381379055,1176.8678136314102,1.215422779714761,12.0,0.998432084708628,9.361300914304936,3,0.9558469884996054,3.0,False,False,False,7,False,30,1.0,True,GOOD,coverage and completeness requirements passed,,0.9558469884996054,True,GOOD,VV/VH and ROI coverage pass requirements
2023-12-01,-6.847067747202448,0.6307223744832211,-14.90464908779714,-0.1083574162800956,12.503818684191373,13.269944680800911,20.377905870293223,37.72526492440083,29.624166715911905,-0.1907046629598184,0.0,4.0,23.39599548821337,2.9683360921983244,475.5013307332864,27.884406959775635,0.5496011126264196,0.05017412622754053,0.07125865131812553,0.3969114244438022,0.04216092578342989,0.08639039205284316,2.8637912941399057,-7.614177681476697,-13.62095733170729,0.2150777880164147,0.3577762971764144,-0.2668573985981091,-0.5452176100446611,40.185587925762846,-3.28666319448892,0.0,1029.9618083026105,0.6267826276886748,14.0,0.998432084708628,9.865655797885417,2,0.9558469884996054,2.0,False,False,False,7,False,31,1.0,True,GOOD,coverage and completeness requirements passed,,0.9558469884996054,True,GOOD,VV/VH and ROI coverage pass requirements
2024-01-01,-10.259008818649884,0.2243159262585581,-22.51032710119,-0.4991978878746671,4.446090286905572,8.803042679134048,14.381347639376704,33.12770943597618,33.30327179945583,-0.4806041999057208,0.0,1.0,25.276333768704596,2.9583602371487734,506.8466583511612,20.839058235025508,0.5332831051469575,-0.04748837010466389,-0.016318007479462104,0.3585888476940693,-0.04692532666987276,-0.038322576749732884,2.778763504559796,-7.436021911054229,-13.19874774697177,0.1781557704224683,0.4222095847355191,-0.20652846952465698,-0.4163912470791704,40.185188738237485,-3.411941071447435,0.0,908.7708088566748,0.3954885672350905,12.0,0.998432084708628,11.925769756418692,3,0.9558469884996054,3.0,False,False,False,7,False,31,1.0,True,GOOD,coverage and completeness requirements passed,,0.9558469884996054,True,GOOD,VV/VH and ROI coverage pass requirements
2024-02-01,-9.977164017196705,-2.1390258756848084,-18.36299221245524,-0.7105444383213724,7.24949191553539,13.657671510313213,22.88934001939717,49.70269632349623,38.057326405351546,-0.8307928776310823,0.0,0.0,34.87480734851812,3.09959223902454,573.2025429711471,14.19726337118102,0.6201124924788719,-0.05477053095558404,0.08682938733191436,0.4455620270008869,-0.0453071465839095,0.08697317930681758,3.231202988039628,-7.486563985597289,-13.127070033730837,-0.0505420745430607,0.0716777132409358,0.18613182246341964,0.2400718729778717,40.18847586781035,0.2818448014531789,0.0,810.512513933525,0.5488321344856303,10.0,0.998432084708628,8.834797378430617,2,0.9558469884996054,2.0,False,False,False,7,False,29,1.0,True,GOOD,coverage and completeness requirements passed,,0.9558469884996054,True,GOOD,VV/VH and ROI coverage pass requirements
2024-03-01,-6.678559267765791,2.4871364123715782,-20.69424235956672,-0.1932431445249585,17.1200942728189,27.61217984317688,29.893280467156785,69.92114076196323,69.97970437429116,0.1877008809721246,0.0,6.0,48.10094142976276,3.1797846196700923,731.9224228628663,22.881900934918008,0.701059976766413,-0.01791222357447597,0.08094748428754106,0.5192326562161635,-0.026125100807143697,0.07367062921527667,3.652993802249205,-8.792174399899611,-15.064701766011977,-1.305610414302322,-1.9376317322811405,-0.30670613578875106,-0.4068593406728809,40.18391127847556,3.298604749430914,0.0,758.9153412177874,1.300852795906113,11.0,0.998432084708628,7.425856280783852,3,0.9558469884996054,3.0,False,False,False,7,False,31,1.0,True,GOOD,coverage and completeness requirements passed,,0.9558469884996054,True,GOOD,VV/VH and ROI coverage pass requirements
2024-04-01,-2.513638999238582,4.646627546682253,-14.302114954068555,0.4275936895222714,5.794318861397791,8.825778960059868,14.696643646581766,60.9516209571531,32.054796841725015,-1.4519856873677524,0.0,26.0,20.625983411413443,3.0157988153729525,830.0511527304716,43.664988720190514,0.5641811502016767,-0.07795705487483706,-0.13687882656473627,0.3774407407236743,-0.10091672381722244,-0.14179191549248926,2.93976309208027,-9.010066250325083,-15.893058868380052,-0.2178918504254721,-0.8283571023680771,0.4515959666175551,0.3933420159940795,40.196408485163545,4.164920268527209,0.0,677.1328368768442,0.8749830532108742,12.0,0.998432084708628,9.920739718593683,2,0.9558469884996054,2.0,False,False,False,7,False,30,1.0,True,GOOD,coverage and completeness requirements passed,,0.9558469884996054,True,GOOD,VV/VH and ROI coverage pass requirements
2024-05-01,2.36052373086659,9.911636466362564,-9.880584710354016,1.1029124925320055,10.583465962154945,22.12031857799541,42.24381431083242,124.02362018502032,124.26568135549502,-0.1896514593362731,81.00076065009841,19.0,43.680640855734616,2.943429081893507,800.6274798219564,40.76010450710301,0.5078253616057209,-0.09186896205090844,-0.0563557885959558,0.3465845617407194,-0.1043006700809283,-0.030856178982954896,2.646111545444502,-9.88135985026719,-17.529632406521586,-0.8712935999421063,-1.6365735381415334,-0.0805264975322384,-0.4607177668131044,40.19851467510744,4.874162730105172,81.00076065009841,699.8285927008126,1.5693923289231062,12.0,0.998432084708628,5.978583700500452,3,0.9558469884996054,3.0,False,False,False,7,False,31,1.0,True,GOOD,coverage and completeness requirements passed,,0.9558469884996054,True,GOOD,VV/VH and ROI coverage pass requirements
2024-06-01,6.377358208326064,12.312830674388248,0.1815894538294397,0.8244538593570279,61.12753330335286,131.43245531510388,185.5771767907168,372.2063825136249,372.206382513625,1.3272954423174428,191.32074624978196,0.0,61.49172108950727,2.918489749415391,633.0959329612949,178.73991174881598,0.4221572844234835,-0.15891587909222532,-0.0856680771822374,0.2954543930439284,-0.15152380989914993,-0.05113016869679099,2.199723268594417,-10.508556261821068,-19.27460406053508,-0.6271964115538786,-1.7449716540134936,-0.20893764778397284,-0.43537967577823267,40.22104511300051,4.016834477459474,110.31998559968355,967.0606863093158,1.8881461467441263,11.0,0.998432084708628,4.260933179148234,2,0.9557283078129416,2.0,False,False,False,7,False,30,1.0,True,GOOD,coverage and completeness requirements passed,,0.9557283078129416,True,GOOD,VV/VH and ROI coverage pass requirements
2024-07-01,8.49675550160686,13.74265892893225,5.515292309003365,1.309304090789842,45.48465527326941,91.37700511515952,167.14533375923563,587.1920985262162,580.1051379420289,1.2968277709202685,263.39942054981265,0.0,7.954038867699396,2.9007793794061443,472.274119687544,495.5300337082479,0.3236852574177649,-0.20482320032987011,-0.09847202700571861,0.2124047195338679,-0.1771115009082145,-0.08304967351006051,1.6866178050562222,-9.794555769631254,-18.93274493575148,0.7140004921898147,0.3418591247836033,0.20266926882662695,0.038202571355292037,40.21549712627328,2.1193972932807954,72.07867430003068,1402.1067213049473,1.2734191056315072,4.0,0.998432084708628,2.139268561325697,3,0.9558469884996054,3.0,False,False,False,7,False,31,1.0,True,GOOD,coverage and completeness requirements passed,,0.9558469884996054,True,GOOD,VV/VH and ROI coverage pass requirements
2024-08-01,7.547023830050278,12.239483194800876,3.3609146998685557,0.5893041056592708,38.62628401017877,83.03283391432565,160.4489686107771,573.8479645092484,445.6363119487565,0.5073560519546902,233.9577387315586,0.0,9.154628622781466,2.9008036086353863,519.1276316748769,418.3704805292352,0.3746124652572602,-0.09937143068358628,0.050927207839495336,0.2436086176140138,-0.10049635694462317,0.031203898080145925,1.318105052319574,-9.725786031548084,-18.76947211507655,0.0687697380831693,0.1632728206749263,0.09703922143152255,0.05614797219772072,40.188507551243006,-0.9497316715565818,-29.44168181825404,1637.4270250579616,0.5389195110914782,5.0,0.6742059293451291,1.4475520590435451,3,0.9558469884996054,3.0,False,False,False,7,False,31,1.0,True,GOOD,coverage and completeness requirements passed,,0.9558469884996054,True,GOOD,VV/VH and ROI coverage pass requirements
2024-09-01,6.00253172937166,10.62308984443726,-2.3291466129740326,0.9723941503125872,91.91337358642976,205.60001889990625,245.39074491966463,467.5815275467911,459.1654445026119,3.219319244403217,180.07595188114982,2.0,136.343846730049,2.959466077396072,465.7356564945901,313.46627020189914,0.3118568562148132,-0.1419470202042885,-0.06275560904244704,0.1868360403884347,-0.14413970965352652,-0.0567725772255791,1.6249838825433465,-9.844090555050643,-18.81312098230946,-0.1183045235025588,-0.0436488672329105,0.09916470925002407,-0.2611353211222678,40.18564540823242,-1.5444921006786174,-53.88178685040879,1850.9784158018792,0.8671175754701058,6.0,0.998432084708628,2.0890685777587192,2,0.9558469884996054,2.0,False,False,False,7,False,30,1.0,True,GOOD,coverage and completeness requirements passed,,0.9558469884996054,True,GOOD,VV/VH and ROI coverage pass requirements
2024-10-01,0.9269114209310622,7.918670048670084,-9.442058344712796,0.9173346255278716,7.3572652805915215,14.047148965818746,227.1844166396505,441.1406823139234,40.94328066078123,-0.6634750631091594,38.66755353707087,31.0,16.876766876298554,2.958930445901986,592.1681148353381,163.9599169668054,0.4270466851751089,-0.05996499517647624,0.11518982896029573,0.2847773823945538,-0.06328728142950163,0.09794134200611909,2.22520033365921,-9.438739593488217,-17.01053594553508,0.4053509615624282,1.8025850367743812,-0.48912977801227875,-0.781347861138908,40.19070080658888,-5.075620308440598,-141.40839834407893,1614.2749340923785,2.370841047446291,13.0,0.998432084708628,11.12908695526967,3,0.9558469884996054,3.0,False,False,False,7,False,31,1.0,True,GOOD,coverage and completeness requirements passed,,0.9558469884996054,True,GOOD,VV/VH and ROI coverage pass requirements
2024-11-01,-2.3372138792415496,5.745389017297068,-12.373640586858372,1.658710356644878,9.121782280751132,15.163601539779282,19.06703656764429,52.5356713217163,42.402315627528544,0.7519668874768314,4.871801063059929,20.0,21.14654846494673,2.913462915136421,470.00641395777626,54.34135939561507,0.3544317606471924,-0.11827504834610003,-0.07261492452791651,0.2096546621363959,-0.11849891804547313,-0.07512272025815792,1.8468277577852128,-8.436222227333992,-15.129616875564022,1.0025173661542226,1.880919069971057,-0.6107085560507706,-1.2070544693608607,40.177614203184525,-3.2641253001726116,-33.795752474010946,1414.5360096060504,1.1751945851692565,12.0,0.998432084708628,10.36629872015272,2,0.9558469884996054,2.0,False,False,False,7,False,30,1.0,True,GOOD,coverage and completeness requirements passed,,0.9558469884996054,True,GOOD,VV/VH and ROI coverage pass requirements
2024-12-01,-5.759180240614196,4.154955795900179,-18.720028091634664,0.9795300903081566,9.21455192406525,10.121758906114984,12.858395567819043,41.3420755062257,22.066385958458984,-0.4602400455424638,0.0,11.0,18.27701790956944,2.917908019666214,474.8961160605208,29.389665731445827,0.3489679764380727,-0.1504590099608064,-0.005463784209119693,0.2066527722523965,-0.14809772640797578,-0.0030018898839993813,1.818357768748324,-7.916139858982528,-14.004546260125386,0.5200823683514644,1.125070615438636,-0.5688195761039401,-0.9288065384627568,40.19371013527355,-3.4219663613726463,-4.871801063059929,1224.4219941236017,0.6317805931439552,12.0,0.998432084708628,11.014986020040348,3,0.9558469884996054,2.9998758145016367,False,False,False,7,False,31,1.0,True,GOOD,coverage and completeness requirements passed,,0.9558469884996054,True,GOOD,VV/VH and ROI coverage pass requirements
2025-01-01,-5.747256106159361,3.33771251917391,-16.96516427477003,4.012554824615857,1.562927980015263,2.925520284226348,10.156185376704014,21.863647734469883,7.574639071951374,-1.172054484799829,0.0,12.0,5.014257884356944,2.9120775081206185,526.914221476425,19.10344353450343,0.3498566230462711,-0.23091485220535035,0.0008886466081983735,0.2043306688148636,-0.20118350554907846,-0.0023221034375329186,1.8229882150150056,-7.7235970544935855,-13.63185401361765,0.1925428044889425,0.3726922465077358,-0.4941036129640137,-0.8494975137250496,40.19050907807441,0.011924134454834423,0.0,1048.333334077013,0.18754938147086836,12.0,0.998432084708628,10.895055852468408,2,0.9558469884996054,2.0,False,False,False,7,False,31,1.0,True,GOOD,coverage and completeness requirements passed,,0.9558469884996054,True,GOOD,VV/VH and ROI coverage pass requirements
2025-02-01,-7.220555878462117,3.743346116712299,-21.49643260464542,2.073095338411812,21.15554368742046,23.093302362381987,25.548532381437763,64.3438559320305,62.52953155859494,-0.1324412476838282,0.0,4.0,56.0411942872382,2.967296853581141,546.6929829000704,14.785537473925563,0.3493993157684765,-0.32548370766597945,-0.000457307277794583,0.2271496623345887,-0.26371951125020765,0.022818993519725106,1.8206053366495736,-8.189005303445436,-14.254614719450256,-0.4654082489518503,-0.6227607058326061,-0.5163094953847267,-0.8874728127415477,40.18131981726537,-1.4732997723027559,0.0,953.6128655240559,0.4654071467288023,11.0,0.998432084708628,5.745748351215468,3,0.9558469884996054,3.0,False,False,False,7,False,28,1.0,True,GOOD,coverage and completeness requirements passed,,0.9558469884996054,True,GOOD,VV/VH and ROI coverage pass requirements
2025-03-01,-5.927125429223259,4.124641924219872,-17.57967032983551,0.5581906940175732,9.580935724472848,29.8695819052984,35.3057235844701,89.93560046320631,47.5524585194979,-0.5976982165175609,0.0,7.0,33.16743986223635,3.1419357079616645,755.9036807693019,23.43575163553669,0.7548052079103093,0.035833007569420317,0.40540589214183276,0.5827333798814633,0.0373756228581561,0.3555837175468747,3.933042589479459,-9.606726076665778,-16.57447937272164,-1.417720773220342,-2.3198646532713845,-1.1212578125549175,-1.9166369473825444,40.182941119953576,1.2934304492388584,0.0,858.1233942149454,2.5062380597713503,14.0,0.998432084708628,11.0640832472713,2,0.9558469884996054,2.0,False,False,False,7,False,31,1.0,True,GOOD,coverage and completeness requirements passed,,0.9558469884996054,True,GOOD,VV/VH and ROI coverage pass requirements
2025-04-01,-1.6658246770308662,5.789747804323632,-11.80545628525519,1.2754080117299873,10.628365647837471,22.42579821886239,33.17028853458535,79.25068805863903,79.25068805863903,0.451283863846145,1.9521439192806584,30.0,43.29781522509038,2.9604333631631983,765.804804140746,37.26546327930198,0.5072057710585466,-0.13493243401796717,-0.24759943685176267,0.3469802941855094,-0.13137717035538732,-0.23575308569595393,2.6428830621424035,-9.009649398170612,-15.92683241847504,0.5970766784951653,0.6476469542466017,0.45201281877202604,0.3595684658990912,40.18583498763011,4.261300752192392,1.9521439192806584,808.6555731413426,1.395461360357438,14.0,0.998432084708628,9.805004463600428,3,0.9558469884996054,3.0,False,False,False,7,False,30,1.0,True,GOOD,coverage and completeness requirements passed,,0.9558469884996054,True,GOOD,VV/VH and ROI coverage pass requirements
2025-05-01,2.6740466071709963,10.14862074076838,-8.668633649854215,1.4164353688364122,19.220913535562055,30.40480644529399,54.660076538311856,157.3521408097364,160.51154406581443,0.5276531907000312,86.8257870868543,21.0,59.52701284527191,2.9338182480501414,749.970336489796,54.80222848626109,0.4453208952157255,-0.15437342844090385,-0.0618848758428211,0.3042437678034427,-0.146641464018205,-0.04273652638206671,2.15016824112848,-9.785474613530605,-17.515861951151862,-0.7758252153599905,-1.5890295326768236,0.015358739204346605,-0.44694731144338107,40.19470161524008,4.3398712842018625,84.87364316757365,847.8687812359557,1.573398538210718,14.0,0.9251755283676288,3.723155198147885,1,0.9558469884996054,1.0,False,False,False,7,False,31,1.0,True,GOOD,coverage and completeness requirements passed,,0.9558469884996054,True,GOOD,VV/VH and ROI coverage pass requirements
2025-06-01,5.938024012650422,13.088633651787111,-4.843438611174848,0.3851196636813851,27.030254935060565,72.42381177244684,141.56171349997464,381.2513521330347,381.2513521330347,1.454152234907763,178.14072037951266,6.0,58.82925259566785,2.93168081208552,648.6108667072484,208.55406944408625,0.595016607380771,0.013943443865062188,0.1496957121650455,0.4664237729528186,0.019445570009740287,0.16218000514937592,3.1004365546908503,-10.351509571664042,-19.11501933647732,-0.5660349581334394,-1.599157385325455,-0.05189095762694684,-0.2757949517204743,40.22059442565988,3.2639774054794253,91.31493329265835,1101.939816183597,1.8208095762617245,8.0,0.998432084708628,3.5838748701804235,3,0.9557283078129416,3.0,False,False,False,7,False,30,1.0,True,GOOD,coverage and completeness requirements passed,,0.9557283078129416,True,GOOD,VV/VH and ROI coverage pass requirements
2025-07-01,7.955693887513426,12.697811576096992,3.997628719751326,0.7682424766964084,32.238669053800166,66.26449556291153,118.60635458454048,452.8702853957822,411.3180602815785,-0.8930962956446961,246.6265105129162,0.0,3.419499783360522,2.9001765047692114,569.4978310323716,332.4073170751522,0.3912259744801932,-0.1372824832674418,-0.2037906329005778,0.2838630324105066,-0.1056531880315758,-0.18256074054231203,2.0385503486404706,-9.950073863436469,-19.091286119478227,0.4014357082275754,0.0237332169990907,0.04715117502141197,-0.12033861237145516,40.22276518527051,2.017669874863005,68.48579013340355,1347.966904037636,1.4554823411025588,10.0,0.998432084708628,2.625036954490295,2,0.9557283078129416,2.0,False,False,False,7,False,31,1.0,True,GOOD,coverage and completeness requirements passed,,0.9557283078129416,True,GOOD,VV/VH and ROI coverage pass requirements
2025-08-01,7.566875296871702,12.436500899377318,4.462228683482441,0.6091555724806955,32.47801715390052,63.405191076901886,118.51389906605624,433.44335859007913,424.10601139527097,0.1765085428648496,234.5731342030228,0.0,8.030567582982432,2.900697088425236,500.60636095988747,376.18642650088486,0.4976479243905018,0.023664028449655317,0.10642194991030862,0.3398142410929007,-0.004290733465736274,0.055951208682394116,1.0450837401520374,-10.009342495182812,-19.15389298895919,-0.0592686317463453,-0.0626068694809625,-0.1865172422032053,-0.32827290168491885,40.19446022353336,-0.3888185906417245,-12.053376309893423,1569.8778798272615,0.5470384178810076,8.0,0.4023960057778962,1.3399975614680466,3,0.9558469884996054,3.0,False,False,False,7,False,31,1.0,True,GOOD,coverage and completeness requirements passed,,0.9558469884996054,True,GOOD,VV/VH and ROI coverage pass requirements
2025-09-01,6.263319313842167,11.00681214302382,2.027687648314164,1.233181734783093,14.763076576045696,41.66856434010363,107.63978965287606,412.51164267972905,259.5080140071203,0.3886352998480905,187.899579415265,0.0,20.126819750195786,2.9028645279726475,473.0306908231,239.64417773514543,0.386533715832285,-0.06727016058681667,-0.1111142085582168,0.2922847139071955,-0.03869103613476571,-0.04752952718570519,1.969976988268324,-10.270838172362618,-19.41617660239437,-0.2614956771798056,-0.2622836134351765,-0.32758290806195056,-0.8641909412071769,40.18706310825495,-1.3035559830295353,-46.67355478775778,1593.9042118602924,0.8421077627506737,11.0,0.9765591167722222,2.7009955847230174,2,0.9558469884996054,2.0,False,False,False,7,False,30,1.0,True,GOOD,coverage and completeness requirements passed,,0.9558469884996054,True,GOOD,VV/VH and ROI coverage pass requirements
2025-10-01,0.3707230798995589,6.678552509176344,-10.057017524606463,0.3611462844963684,70.02208744919865,112.22824096174584,161.68701060692945,365.9800248277344,236.4034649922789,2.925316948900358,29.17858072048712,26.0,157.32855823239672,3.00682981934366,551.0599887311489,175.45047226210534,0.5516569784365501,0.064645298084965,0.16512326260426513,0.4079972536496246,0.05993258982556915,0.11571253974242907,2.8745037371712456,-9.569747256548968,-17.326240586616926,0.7010909158136513,2.08993601577744,-0.6201374410730303,-1.0970525022207553,40.17968218917552,-5.892596233942608,-158.7209986947779,1591.2220450735274,2.7251826873050975,13.0,0.998432084708628,9.63343787590212,3,0.9558469884996054,3.0,False,False,False,7,False,31,1.0,True,GOOD,coverage and completeness requirements passed,,0.9558469884996054,True,GOOD,VV/VH and ROI coverage pass requirements
2025-11-01,-4.169218699390885,2.9760357399711856,-12.132677687900635,-0.1732944635044568,9.449698688343016,64.90405576989667,99.68043798621306,203.82017642279408,25.125000388939565,-0.2448169103517425,0.4436778800296993,17.0,10.440717653137416,3.069516021516141,506.9858049767769,68.80435354373222,0.691709677130366,0.2190028681370736,0.14005269869381587,0.5608275279605651,0.2326739477786961,0.15283027431094054,3.604272454929968,-8.810652340193288,-15.487442154229653,0.7590949163556786,1.838798432387275,-0.9851386689100661,-1.5648797480264918,40.19245018173776,-4.5399417792904435,-28.73490284045742,1377.6637387014378,1.3553171323641764,14.0,0.998432084708628,12.165909347299792,3,0.9558469884996054,3.0,False,False,False,7,False,30,1.0,True,GOOD,coverage and completeness requirements passed,,0.9558469884996054,True,GOOD,VV/VH and ROI coverage pass requirements
2025-12-01,-5.051657262373458,3.333932656188172,-14.831047336221303,1.6870530685488945,0.5204700809142525,0.6727256440832318,0.8430505456345736,15.689776322605203,1.628557704618338,-1.1891203920813669,0.0,10.0,0.8850589467974133,2.99867380936641,508.7131670935961,37.22754572528001,0.5341936473655051,0.034766660966626006,-0.1575160297648609,0.3827679214347565,0.028017422774384237,-0.1780596065258086,2.783508041676838,-7.653637795927302,-13.548251584890371,1.1570145442659865,1.939190569339278,-0.3063175130487137,-0.4725118632277425,40.18426271263016,-0.8824385629825731,-0.4436778800296993,1172.6427356008403,1.3559382422506512,15.0,0.998432084708628,14.728095002960288,2,0.9558469884996054,2.0,False,False,False,7,False,31,1.0,True,GOOD,coverage and completeness requirements passed,,0.9558469884996054,True,GOOD,VV/VH and ROI coverage pass requirements
2026-01-01,-7.822497270553817,0.0960574123911645,-20.34495986197548,1.9373136602214005,14.038805167579383,17.598967572925467,20.02517259920186,26.677645439113057,26.67402122216697,-0.6587635777804975,0.0,1.0,23.936321281216497,3.004118149183469,517.5708024658691,23.08744650378687,0.4908714608794212,-0.08990001437220024,-0.043322186486083936,0.327702363109797,-0.07781181125414505,-0.05506555832495952,2.557770324536728,-7.584513036122075,-13.341565666407542,0.0691247598052262,0.2066859184828313,-0.35501959459250365,-0.5592091665149415,40.184612979049504,-2.7708400081803592,0.0,1023.4203464828812,0.35172980828695355,13.0,0.998432084708628,12.860846892559971,3,0.9558469884996054,3.0,False,False,False,7,False,31,1.0,True,GOOD,coverage and completeness requirements passed,,0.9558469884996054,True,GOOD,VV/VH and ROI coverage pass requirements
2026-02-01,-8.388406140013055,-1.0714047318524773,-16.34048520329129,0.9052450768608744,4.5690515819178845,9.559371957168963,17.643254103685372,35.286834410940685,27.227257822096863,-1.1398453720914796,0.0,0.0,16.2527828748003,3.076321089093157,564.0938177051372,17.411394491739294,0.5532214437820432,-0.12166157965241275,0.062349982902622,0.3863194587308245,-0.10454971485397185,0.058617095621027515,2.8826556534128205,-7.581343030320273,-13.526558449292038,0.0031700058018024,-0.1849927828844961,0.09135277774043615,-0.1594165425833296,40.18161186803501,-0.5659088694592382,0.0,897.1345523325458,0.40533478886045315,14.0,0.998432084708628,12.031923395686348,2,0.9558469884996054,2.0,False,False,False,7,False,28,1.0,True,GOOD,coverage and completeness requirements passed,,0.9558469884996054,True,GOOD,VV/VH and ROI coverage pass requirements
2026-03-01,-4.386744520352136,5.157718828645604,-17.43164321716865,2.098571602888696,14.585897934680082,27.498949949676074,45.75313003866151,96.76185067961568,95.21073057569308,1.0712879846059131,0.2826316798597539,15.0,58.84707751464333,3.108730131450088,696.4008687462972,23.16603307296993,0.4601353168260708,-0.25883688351481815,-0.0930861269559724,0.3151474676332766,-0.23021028939003063,-0.0711719910975479,2.397614350079583,-10.355825370374706,-17.750557803663835,-2.7744823400544334,-4.223999354371797,-1.870357106263846,-3.0927153783247388,40.19361951962703,4.001661619660919,0.2826316798597539,857.775100058357,2.5301390129625023,13.0,0.998432084708628,9.083409223787916,3,0.9558469884996054,3.0,False,False,False,7,False,31,1.0,True,GOOD,coverage and completeness requirements passed,,0.9558469884996054,True,GOOD,VV/VH and ROI coverage pass requirements
2026-04-01,-2.5093938608278936,5.731934287428962,-12.406149845002467,0.4318388279329599,29.799381716409147,64.06778285162976,85.01498083311284,147.0530512598688,147.0530512598688,3.185550980196282,3.431040201672697,21.0,98.3298965582308,3.1938814759021428,776.8755756474314,32.43836358367852,0.744658576179701,0.10252037110318724,0.2845232593536302,0.5848304763721247,0.10647301183122798,0.2696830087388481,3.880171816572725,-10.522955263617169,-18.271892618302235,-0.1671298932424623,-0.5213348146384007,-1.06129304667453,-1.9854917339281037,40.19869970276438,1.8773506595242422,3.148408521812943,876.1618863094722,1.6057603149378823,12.0,0.998432084708628,8.11909266455679,2,0.9558469884996054,2.0,False,False,False,7,False,30,1.0,True,GOOD,coverage and completeness requirements passed,,0.9558469884996054,True,GOOD,VV/VH and ROI coverage pass requirements
2026-05-01,0.7191715050455428,8.174712110354333,-7.361306051835448,-0.5384397332890416,16.22973418755407,60.11459760194612,88.83561802237095,194.16862035059165,160.76203881288538,0.5326104750201669,35.418629014769344,29.0,86.33922635958406,3.193464245474025,784.7910126059114,99.88551435338032,0.5933661447803545,-0.006328178876274793,-0.15129243139934645,0.4506699640518312,-0.0002152677698165073,-0.13416051232029352,3.091836534935088,-10.379948579217473,-18.01685419520692,0.1430066843996957,0.2550384230953177,-0.5791152264825215,-0.94793955549844,40.1510592402604,3.2285653658734366,31.987588813096647,905.4996421759367,0.9207749571003837,14.0,0.998432084708628,7.394105141238138,3,0.9558469884996054,3.0,False,False,False,7,False,31,1.0,True,GOOD,coverage and completeness requirements passed,,0.9558469884996054,True,GOOD,VV/VH and ROI coverage pass requirements
2026-06-01,4.76128533500777,10.386801525440816,-2.2842683828355,-0.7916190139612665,21.10888702443552,41.78113549925687,56.26104169457928,179.06752280483704,173.44922776987596,-1.4602976858080037,142.8385600502331,12.0,23.543899517079044,2.972730639489991,736.5091335819845,141.4000945982381,0.492475294606638,-0.08859786890907079,-0.10089085017371652,0.3690426400354122,-0.07793556290766612,-0.08162732401641898,2.550567781174843,-10.782610022197677,-19.586672091545434,-0.402661442980202,-1.5698178963385168,-0.48299140816058106,-0.7474477067885879,40.155007912374494,4.0421138299622275,107.41993103546375,943.1239236194222,1.8214785452069118,13.0,0.9923781376776428,4.629767170612456,3,0.9564523630239372,2.998420119217083,False,False,False,7,False,30,1.0,True,GOOD,coverage and completeness requirements passed,,0.9564523630239372,True,GOOD,VV/VH and ROI coverage pass requirements
2026-07-01,7.942164443884075,12.432930584343136,4.092617344705281,0.7547130330670576,36.53744265783178,99.44437583447802,185.29162798765557,551.4832578098774,559.5058046921246,1.029562194287042,246.20709776040636,0.0,7.337898033671736,2.900658056370533,484.8161102758621,454.7330590828802,0.484756532596966,-0.043751925150669,-0.007718762009672031,0.3547604897808307,-0.034755730661251705,-0.014282150254581516,2.293901466505579,-10.228704804586355,-19.268328485632715,0.5539052176113195,0.3183436059127196,-0.23147976612847465,-0.29738097852594336,40.417153724003214,3.1808791088763053,103.36853771017326,1361.1611397686333,1.6203926065979866,9.0,0.9067255552076304,1.8862010400872296,2,0.9561520610954632,2.0,False,False,False,7,False,31,1.0,True,GOOD,coverage and completeness requirements passed,,0.9561520610954632,True,GOOD,VV/VH and ROI coverage pass requirements
2026-08-01,,,,,,,,,,,,,,2.9005550582638766,,,0.3647390140633053,-0.10924488187754122,-0.12001751853366072,0.2595007278347501,-0.08460424672388689,-0.0952597619460806,1.880829094884775,-10.131975698411562,-19.20340442157632,0.0967291061747932,0.0649240640563988,-0.30915044543195513,-0.3777843343020493,40.41360397503818,,,,,9.0,0.9880794840509948,3.662081196171616,3,0.9561520610954632,3.0,True,False,False,4,True,31,0.8064516129032258,False,INSUFFICIENT,period has 25/31 observations,,0.9561520610954632,True,GOOD,VV/VH and ROI coverage pass requirements
